ลำดับ,ภูมิภาค,รหัสจังหวัด,จังหวัด (ไทย),จังหวัด (อังกฤษ),รหัสอำเภอ,อำเภอ/เขต (ไทย),อำเภอ/เขต (อังกฤษ),รหัสตำบล,ตำบล/แขวง (ไทย),ตำบล/แขวง (อังกฤษ),รหัสไปรษณีย์
1,ภาคกลาง,10,กรุงเทพมหานคร,Bangkok,1001,พระนคร,Phra Nakhon,100101,พระบรมมหาราชวัง,Phra Borom Maha Ratchawang,10200
2,ภาคกลาง,10,กรุงเทพมหานคร,Bangkok,1001,พระนคร,Phra Nakhon,100102,วังบูรพาภิรมย์,Wang Burapha Phirom,10200
3,ภาคกลาง,10,กรุงเทพมหานคร,Bangkok,1001,พระนคร,Phra Nakhon,100103,วัดราชบพิธ,Wat Ratchabophit,10200
4,ภาคกลาง,10,กรุงเทพมหานคร,Bangkok,1001,พระนคร,Phra Nakhon,100104,สำราญราษฎร์,Samran Rat,10200
5,ภาคกลาง,10,กรุงเทพมหานคร,Bangkok,1001,พระนคร,Phra Nakhon,100105,ศาลเจ้าพ่อเสือ,San Chaopho Suea,10200
6,ภาคกลาง,10,กรุงเทพมหานคร,Bangkok,1001,พระนคร,Phra Nakhon,100106,เสาชิงช้า,Sao Chingcha,10200
7,ภาคกลาง,10,กรุงเทพมหานคร,Bangkok,1001,พระนคร,Phra Nakhon,100107,บวรนิเวศ,Bowon Niwet,10200
8,ภาคกลาง,10,กรุงเทพมหานคร,Bangkok,1001,พระนคร,Phra Nakhon,100108,ตลาดยอด,Talat Yot,10200
9,ภาคกลาง,10,กรุงเทพมหานคร,Bangkok,1001,พระนคร,Phra Nakhon,100109,ชนะสงคราม,Chana Songkhram,10200
10,ภาคกลาง,10,กรุงเทพมหานคร,Bangkok,1001,พระนคร,Phra Nakhon,100110,บ้านพานถม,Ban Phan Thom,10200
11,ภาคกลาง,10,กรุงเทพมหานคร,Bangkok,1001,พระนคร,Phra Nakhon,100111,บางขุนพรหม,Bang Khun Phrom,10200
12,ภาคกลาง,10,กรุงเทพมหานคร,Bangkok,1001,พระนคร,Phra Nakhon,100112,วัดสามพระยา,Wat Sam Phraya,10200
13,ภาคกลาง,10,กรุงเทพมหานคร,Bangkok,1002,ดุสิต,Dusit,100201,ดุสิต,Dusit,10300
14,ภาคกลาง,10,กรุงเทพมหานคร,Bangkok,1002,ดุสิต,Dusit,100202,วชิรพยาบาล,Wachira Phayaban,10300
15,ภาคกลาง,10,กรุงเทพมหานคร,Bangkok,1002,ดุสิต,Dusit,100203,สวนจิตรลดา,Suan Chit Lada,10300
16,ภาคกลาง,10,กรุงเทพมหานคร,Bangkok,1002,ดุสิต,Dusit,100204,สี่แยกมหานาค,Si Yaek Maha Nak,10300
17,ภาคกลาง,10,กรุงเทพมหานคร,Bangkok,1002,ดุสิต,Dusit,100206,ถนนนครไชยศรี,Thanon Nakhon Chai Si,10300
18,ภาคกลาง,10,กรุงเทพมหานคร,Bangkok,1003,หนองจอก,Nong Chok,100301,กระทุ่มราย,Krathum Rai,10530
19,ภาคกลาง,10,กรุงเทพมหานคร,Bangkok,1003,หนองจอก,Nong Chok,100302,หนองจอก,Nong Chok,10530
20,ภาคกลาง,10,กรุงเทพมหานคร,Bangkok,1003,หนองจอก,Nong Chok,100303,คลองสิบ,Khlong Sip,10530
21,ภาคกลาง,10,กรุงเทพมหานคร,Bangkok,1003,หนองจอก,Nong Chok,100304,คลองสิบสอง,Khlong Sip Song,10530
22,ภาคกลาง,10,กรุงเทพมหานคร,Bangkok,1003,หนองจอก,Nong Chok,100305,โคกแฝด,Khok Faet,10530
23,ภาคกลาง,10,กรุงเทพมหานคร,Bangkok,1003,หนองจอก,Nong Chok,100306,คู้ฝั่งเหนือ,Khu Fang Nuea,10530
24,ภาคกลาง,10,กรุงเทพมหานคร,Bangkok,1003,หนองจอก,Nong Chok,100307,ลำผักชี,Lam Phak Chi,10530
25,ภาคกลาง,10,กรุงเทพมหานคร,Bangkok,1003,หนองจอก,Nong Chok,100308,ลำต้อยติ่ง,Lam Toiting,10530
26,ภาคกลาง,10,กรุงเทพมหานคร,Bangkok,1004,บางรัก,Bang Rak,100401,มหาพฤฒาราม,Maha Phruettharam,10500
27,ภาคกลาง,10,กรุงเทพมหานคร,Bangkok,1004,บางรัก,Bang Rak,100402,สีลม,Si Lom,10500
28,ภาคกลาง,10,กรุงเทพมหานคร,Bangkok,1004,บางรัก,Bang Rak,100403,สุริยวงศ์,Suriyawong,10500
29,ภาคกลาง,10,กรุงเทพมหานคร,Bangkok,1004,บางรัก,Bang Rak,100404,บางรัก,Bang Rak,10500
30,ภาคกลาง,10,กรุงเทพมหานคร,Bangkok,1004,บางรัก,Bang Rak,100405,สี่พระยา,Si Phraya,10500
31,ภาคกลาง,10,กรุงเทพมหานคร,Bangkok,1005,บางเขน,Bang Khen,100502,อนุสาวรีย์,Anusawari,10220
32,ภาคกลาง,10,กรุงเทพมหานคร,Bangkok,1005,บางเขน,Bang Khen,100508,ท่าแร้ง,Tha Raeng,10220
33,ภาคกลาง,10,กรุงเทพมหานคร,Bangkok,1006,บางกะปิ,Bang Kapi,100601,คลองจั่น,Khlong Chan,10240
34,ภาคกลาง,10,กรุงเทพมหานคร,Bangkok,1006,บางกะปิ,Bang Kapi,100608,หัวหมาก,Hua Mak,10240
35,ภาคกลาง,10,กรุงเทพมหานคร,Bangkok,1007,ปทุมวัน,Pathum Wan,100701,รองเมือง,Rong Mueang,10330
36,ภาคกลาง,10,กรุงเทพมหานคร,Bangkok,1007,ปทุมวัน,Pathum Wan,100702,วังใหม่,Wang Mai,10330
37,ภาคกลาง,10,กรุงเทพมหานคร,Bangkok,1007,ปทุมวัน,Pathum Wan,100703,ปทุมวัน,Pathum Wan,10330
38,ภาคกลาง,10,กรุงเทพมหานคร,Bangkok,1007,ปทุมวัน,Pathum Wan,100704,ลุมพินี,Lumphini,10330
39,ภาคกลาง,10,กรุงเทพมหานคร,Bangkok,1008,ป้อมปราบศัตรูพ่าย,Pom Prap Sattruphai,100801,ป้อมปราบ,Pom Prap,10100
40,ภาคกลาง,10,กรุงเทพมหานคร,Bangkok,1008,ป้อมปราบศัตรูพ่าย,Pom Prap Sattruphai,100802,วัดเทพศิรินทร์,Wat Thep Sirin,10100
41,ภาคกลาง,10,กรุงเทพมหานคร,Bangkok,1008,ป้อมปราบศัตรูพ่าย,Pom Prap Sattruphai,100803,คลองมหานาค,Khlong Maha Nak,10100
42,ภาคกลาง,10,กรุงเทพมหานคร,Bangkok,1008,ป้อมปราบศัตรูพ่าย,Pom Prap Sattruphai,100804,บ้านบาตร,Ban Bat,10100
43,ภาคกลาง,10,กรุงเทพมหานคร,Bangkok,1008,ป้อมปราบศัตรูพ่าย,Pom Prap Sattruphai,100805,วัดโสมนัส,Wat Sommanat,10100
44,ภาคกลาง,10,กรุงเทพมหานคร,Bangkok,1009,พระโขนง,Phra Khanong,100905,บางจาก,Bang Chak,10260
45,ภาคกลาง,10,กรุงเทพมหานคร,Bangkok,1009,พระโขนง,Phra Khanong,100910,พระโขนงใต้,Phra Khanong Tai,10260
46,ภาคกลาง,10,กรุงเทพมหานคร,Bangkok,1010,มีนบุรี,Min Buri,101001,มีนบุรี,Min Buri,10510
47,ภาคกลาง,10,กรุงเทพมหานคร,Bangkok,1010,มีนบุรี,Min Buri,101002,แสนแสบ,Saen Saep,10510
48,ภาคกลาง,10,กรุงเทพมหานคร,Bangkok,1011,ลาดกระบัง,Lat Krabang,101101,ลาดกระบัง,Lat Krabang,10520
49,ภาคกลาง,10,กรุงเทพมหานคร,Bangkok,1011,ลาดกระบัง,Lat Krabang,101102,คลองสองต้นนุ่น,Khlong Song Ton Nun,10520
50,ภาคกลาง,10,กรุงเทพมหานคร,Bangkok,1011,ลาดกระบัง,Lat Krabang,101103,คลองสามประเวศ,Khlong Sam Prawet,10520
51,ภาคกลาง,10,กรุงเทพมหานคร,Bangkok,1011,ลาดกระบัง,Lat Krabang,101104,ลำปลาทิว,Lam Pla Thio,10520
52,ภาคกลาง,10,กรุงเทพมหานคร,Bangkok,1011,ลาดกระบัง,Lat Krabang,101105,ทับยาว,Thap Yao,10520
53,ภาคกลาง,10,กรุงเทพมหานคร,Bangkok,1011,ลาดกระบัง,Lat Krabang,101106,ขุมทอง,Khum Thong,10520
54,ภาคกลาง,10,กรุงเทพมหานคร,Bangkok,1012,ยานนาวา,Yannawa,101203,ช่องนนทรี,Chong Nonsi,10120
55,ภาคกลาง,10,กรุงเทพมหานคร,Bangkok,1012,ยานนาวา,Yannawa,101204,บางโพงพาง,Bang Phongphang,10120
56,ภาคกลาง,10,กรุงเทพมหานคร,Bangkok,1013,สัมพันธวงศ์,Samphanthawong,101301,จักรวรรดิ,Chakkrawat,10100
57,ภาคกลาง,10,กรุงเทพมหานคร,Bangkok,1013,สัมพันธวงศ์,Samphanthawong,101302,สัมพันธวงศ์,Samphanthawong,10100
58,ภาคกลาง,10,กรุงเทพมหานคร,Bangkok,1013,สัมพันธวงศ์,Samphanthawong,101303,ตลาดน้อย,Talat Noi,10100
59,ภาคกลาง,10,กรุงเทพมหานคร,Bangkok,1014,พญาไท,Phaya Thai,101401,สามเสนใน,Sam Sen Nai,10400
60,ภาคกลาง,10,กรุงเทพมหานคร,Bangkok,1014,พญาไท,Phaya Thai,101406,พญาไท,Phaya Thai,10400
61,ภาคกลาง,10,กรุงเทพมหานคร,Bangkok,1015,ธนบุรี,Thon Buri,101501,วัดกัลยาณ์,Wat Kanlaya,10600
62,ภาคกลาง,10,กรุงเทพมหานคร,Bangkok,1015,ธนบุรี,Thon Buri,101502,หิรัญรูจี,Hiran Ruchi,10600
63,ภาคกลาง,10,กรุงเทพมหานคร,Bangkok,1015,ธนบุรี,Thon Buri,101503,บางยี่เรือ,Bang Yi Ruea,10600
64,ภาคกลาง,10,กรุงเทพมหานคร,Bangkok,1015,ธนบุรี,Thon Buri,101504,บุคคโล,Bukkhalo,10600
65,ภาคกลาง,10,กรุงเทพมหานคร,Bangkok,1015,ธนบุรี,Thon Buri,101505,ตลาดพลู,Talat Phlu,10600
66,ภาคกลาง,10,กรุงเทพมหานคร,Bangkok,1015,ธนบุรี,Thon Buri,101506,ดาวคะนอง,Dao Khanong,10600
67,ภาคกลาง,10,กรุงเทพมหานคร,Bangkok,1015,ธนบุรี,Thon Buri,101507,สำเหร่,Samre,10600
68,ภาคกลาง,10,กรุงเทพมหานคร,Bangkok,1016,บางกอกใหญ่,Bangkok Yai,101601,วัดอรุณ,Wat Arun,10600
69,ภาคกลาง,10,กรุงเทพมหานคร,Bangkok,1016,บางกอกใหญ่,Bangkok Yai,101602,วัดท่าพระ,Wat Tha Phra,10600
70,ภาคกลาง,10,กรุงเทพมหานคร,Bangkok,1017,ห้วยขวาง,Huai Khwang,101701,ห้วยขวาง,Huai Khwang,10310
71,ภาคกลาง,10,กรุงเทพมหานคร,Bangkok,1017,ห้วยขวาง,Huai Khwang,101702,บางกะปิ,Bang Kapi,10310
72,ภาคกลาง,10,กรุงเทพมหานคร,Bangkok,1017,ห้วยขวาง,Huai Khwang,101704,สามเสนนอก,Sam Sen Nok,10310
73,ภาคกลาง,10,กรุงเทพมหานคร,Bangkok,1018,คลองสาน,Khlong San,101801,สมเด็จเจ้าพระยา,Somdet Chao Phraya,10600
74,ภาคกลาง,10,กรุงเทพมหานคร,Bangkok,1018,คลองสาน,Khlong San,101802,คลองสาน,Khlong San,10600
75,ภาคกลาง,10,กรุงเทพมหานคร,Bangkok,1018,คลองสาน,Khlong San,101803,บางลำภูล่าง,Bang Lamphu Lang,10600
76,ภาคกลาง,10,กรุงเทพมหานคร,Bangkok,1018,คลองสาน,Khlong San,101804,คลองต้นไทร,Khlong Ton Sai,10600
77,ภาคกลาง,10,กรุงเทพมหานคร,Bangkok,1019,ตลิ่งชัน,Taling Chan,101901,คลองชักพระ,Khlong Chak Phra,10170
78,ภาคกลาง,10,กรุงเทพมหานคร,Bangkok,1019,ตลิ่งชัน,Taling Chan,101902,ตลิ่งชัน,Taling Chan,10170
79,ภาคกลาง,10,กรุงเทพมหานคร,Bangkok,1019,ตลิ่งชัน,Taling Chan,101903,ฉิมพลี,Chimphli,10170
80,ภาคกลาง,10,กรุงเทพมหานคร,Bangkok,1019,ตลิ่งชัน,Taling Chan,101904,บางพรม,Bang Phrom,10170
81,ภาคกลาง,10,กรุงเทพมหานคร,Bangkok,1019,ตลิ่งชัน,Taling Chan,101905,บางระมาด,Bang Ramat,10170
82,ภาคกลาง,10,กรุงเทพมหานคร,Bangkok,1019,ตลิ่งชัน,Taling Chan,101907,บางเชือกหนัง,Bang Chueak Nang,10170
83,ภาคกลาง,10,กรุงเทพมหานคร,Bangkok,1020,บางกอกน้อย,Bangkok Noi,102004,ศิริราช,Sirirat,10700
84,ภาคกลาง,10,กรุงเทพมหานคร,Bangkok,1020,บางกอกน้อย,Bangkok Noi,102005,บ้านช่างหล่อ,Ban Chang Lo,10700
85,ภาคกลาง,10,กรุงเทพมหานคร,Bangkok,1020,บางกอกน้อย,Bangkok Noi,102006,บางขุนนนท์,Bang Khun Non,10700
86,ภาคกลาง,10,กรุงเทพมหานคร,Bangkok,1020,บางกอกน้อย,Bangkok Noi,102007,บางขุนศรี,Bang Khun Si,10700
87,ภาคกลาง,10,กรุงเทพมหานคร,Bangkok,1020,บางกอกน้อย,Bangkok Noi,102009,อรุณอมรินทร์,Arun Ammarin,10700
88,ภาคกลาง,10,กรุงเทพมหานคร,Bangkok,1021,บางขุนเทียน,Bang Khun Thian,102105,ท่าข้าม,Tha Kham,10150
89,ภาคกลาง,10,กรุงเทพมหานคร,Bangkok,1021,บางขุนเทียน,Bang Khun Thian,102107,แสมดำ,Samae Dam,10150
90,ภาคกลาง,10,กรุงเทพมหานคร,Bangkok,1022,ภาษีเจริญ,Phasi Charoen,102201,บางหว้า,Bang Wa,10160
91,ภาคกลาง,10,กรุงเทพมหานคร,Bangkok,1022,ภาษีเจริญ,Phasi Charoen,102202,บางด้วน,Bang Duan,10160
92,ภาคกลาง,10,กรุงเทพมหานคร,Bangkok,1022,ภาษีเจริญ,Phasi Charoen,102206,บางจาก,Bang Chak,10160
93,ภาคกลาง,10,กรุงเทพมหานคร,Bangkok,1022,ภาษีเจริญ,Phasi Charoen,102207,บางแวก,Bang Waek,10160
94,ภาคกลาง,10,กรุงเทพมหานคร,Bangkok,1022,ภาษีเจริญ,Phasi Charoen,102208,คลองขวาง,Khlong Khwang,10160
95,ภาคกลาง,10,กรุงเทพมหานคร,Bangkok,1022,ภาษีเจริญ,Phasi Charoen,102209,ปากคลองภาษีเจริญ,Pak Khlong Phasi Charoen,10160
96,ภาคกลาง,10,กรุงเทพมหานคร,Bangkok,1022,ภาษีเจริญ,Phasi Charoen,102210,คูหาสวรรค์,Khuha Sawan,10160
97,ภาคกลาง,10,กรุงเทพมหานคร,Bangkok,1023,หนองแขม,Nong Khaem,102302,หนองแขม,Nong Khaem,10160
98,ภาคกลาง,10,กรุงเทพมหานคร,Bangkok,1023,หนองแขม,Nong Khaem,102303,หนองค้างพลู,Nong Khang Phlu,10160
99,ภาคกลาง,10,กรุงเทพมหานคร,Bangkok,1024,ราษฎร์บูรณะ,Rat Burana,102401,ราษฎร์บูรณะ,Rat Burana,10140
100,ภาคกลาง,10,กรุงเทพมหานคร,Bangkok,1024,ราษฎร์บูรณะ,Rat Burana,102402,บางปะกอก,Bang Pa Kok,10140
101,ภาคกลาง,10,กรุงเทพมหานคร,Bangkok,1025,บางพลัด,Bang Phlat,102501,บางพลัด,Bang Phlat,10700
102,ภาคกลาง,10,กรุงเทพมหานคร,Bangkok,1025,บางพลัด,Bang Phlat,102502,บางอ้อ,Bang O,10700
103,ภาคกลาง,10,กรุงเทพมหานคร,Bangkok,1025,บางพลัด,Bang Phlat,102503,บางบำหรุ,Bang Bamru,10700
104,ภาคกลาง,10,กรุงเทพมหานคร,Bangkok,1025,บางพลัด,Bang Phlat,102504,บางยี่ขัน,Bang Yi Khan,10700
105,ภาคกลาง,10,กรุงเทพมหานคร,Bangkok,1026,ดินแดง,Din Daeng,102601,ดินแดง,Din Daeng,10400
106,ภาคกลาง,10,กรุงเทพมหานคร,Bangkok,1026,ดินแดง,Din Daeng,102602,รัชดาภิเษก,Ratchadaphisek,10400
107,ภาคกลาง,10,กรุงเทพมหานคร,Bangkok,1027,บึงกุ่ม,Bung Kum,102701,คลองกุ่ม,Khlong Kum,10240
108,ภาคกลาง,10,กรุงเทพมหานคร,Bangkok,1027,บึงกุ่ม,Bung Kum,102704,นวมินทร์,Nawamin,10240
109,ภาคกลาง,10,กรุงเทพมหานคร,Bangkok,1027,บึงกุ่ม,Bung Kum,102705,นวลจันทร์,Nuan Chan,10240
110,ภาคกลาง,10,กรุงเทพมหานคร,Bangkok,1028,สาทร,Sathon,102801,ทุ่งวัดดอน,Thung Wat Don,10120
111,ภาคกลาง,10,กรุงเทพมหานคร,Bangkok,1028,สาทร,Sathon,102802,ยานนาวา,Yan Nawa,10120
112,ภาคกลาง,10,กรุงเทพมหานคร,Bangkok,1028,สาทร,Sathon,102803,ทุ่งมหาเมฆ,Thung Maha Mek,10120
113,ภาคกลาง,10,กรุงเทพมหานคร,Bangkok,1029,บางซื่อ,Bang Su,102901,บางซื่อ,Bang Sue,10800
114,ภาคกลาง,10,กรุงเทพมหานคร,Bangkok,1029,บางซื่อ,Bang Su,102902,วงศ์สว่าง,Wong Sawang,10800
115,ภาคกลาง,10,กรุงเทพมหานคร,Bangkok,1030,จตุจักร,Chatuchak,103001,ลาดยาว,Lat Yao,10900
116,ภาคกลาง,10,กรุงเทพมหานคร,Bangkok,1030,จตุจักร,Chatuchak,103002,เสนานิคม,Sena Nikhom,10900
117,ภาคกลาง,10,กรุงเทพมหานคร,Bangkok,1030,จตุจักร,Chatuchak,103003,จันทรเกษม,Chan Kasem,10900
118,ภาคกลาง,10,กรุงเทพมหานคร,Bangkok,1030,จตุจักร,Chatuchak,103004,จอมพล,Chom Phon,10900
119,ภาคกลาง,10,กรุงเทพมหานคร,Bangkok,1030,จตุจักร,Chatuchak,103005,จตุจักร,Chatuchak,10900
120,ภาคกลาง,10,กรุงเทพมหานคร,Bangkok,1031,บางคอแหลม,Bang Kho Laem,103101,บางคอแหลม,Bang Kho Laem,10120
121,ภาคกลาง,10,กรุงเทพมหานคร,Bangkok,1031,บางคอแหลม,Bang Kho Laem,103102,วัดพระยาไกร,Wat Phraya Krai,10120
122,ภาคกลาง,10,กรุงเทพมหานคร,Bangkok,1031,บางคอแหลม,Bang Kho Laem,103103,บางโคล่,Bang Khlo,10120
123,ภาคกลาง,10,กรุงเทพมหานคร,Bangkok,1032,ประเวศ,Prawet,103201,ประเวศ,Prawet,10250
124,ภาคกลาง,10,กรุงเทพมหานคร,Bangkok,1032,ประเวศ,Prawet,103202,หนองบอน,Nong Bon,10250
125,ภาคกลาง,10,กรุงเทพมหานคร,Bangkok,1032,ประเวศ,Prawet,103203,ดอกไม้,Dok Mai,10250
126,ภาคกลาง,10,กรุงเทพมหานคร,Bangkok,1033,คลองเตย,Khlong Toei,103301,คลองเตย,Khlong Toei,10110
127,ภาคกลาง,10,กรุงเทพมหานคร,Bangkok,1033,คลองเตย,Khlong Toei,103302,คลองตัน,Khlong Tan,10110
128,ภาคกลาง,10,กรุงเทพมหานคร,Bangkok,1033,คลองเตย,Khlong Toei,103303,พระโขนง,Phra Khanong,10110
129,ภาคกลาง,10,กรุงเทพมหานคร,Bangkok,1034,สวนหลวง,Suan Luang,103401,สวนหลวง,Suan Luang,10250
130,ภาคกลาง,10,กรุงเทพมหานคร,Bangkok,1034,สวนหลวง,Suan Luang,103402,อ่อนนุช,On Nut,10250
131,ภาคกลาง,10,กรุงเทพมหานคร,Bangkok,1034,สวนหลวง,Suan Luang,103403,พัฒนาการ,Phatthanakan,10250
132,ภาคกลาง,10,กรุงเทพมหานคร,Bangkok,1035,จอมทอง,Chom Thong,103501,บางขุนเทียน,Bang Khun Thian,10150
133,ภาคกลาง,10,กรุงเทพมหานคร,Bangkok,1035,จอมทอง,Chom Thong,103502,บางค้อ,Bang Kho,10150
134,ภาคกลาง,10,กรุงเทพมหานคร,Bangkok,1035,จอมทอง,Chom Thong,103503,บางมด,Bang Mot,10150
135,ภาคกลาง,10,กรุงเทพมหานคร,Bangkok,1035,จอมทอง,Chom Thong,103504,จอมทอง,Chom Thong,10150
136,ภาคกลาง,10,กรุงเทพมหานคร,Bangkok,1036,ดอนเมือง,Don Mueang,103602,สีกัน,Si Kan,10210
137,ภาคกลาง,10,กรุงเทพมหานคร,Bangkok,1036,ดอนเมือง,Don Mueang,103604,ดอนเมือง,Don Mueang,10210
138,ภาคกลาง,10,กรุงเทพมหานคร,Bangkok,1036,ดอนเมือง,Don Mueang,103605,สนามบิน,Sanambin,10210
139,ภาคกลาง,10,กรุงเทพมหานคร,Bangkok,1037,ราชเทวี,Rat Thewi,103701,ทุ่งพญาไท,Thung Phaya Thai,10400
140,ภาคกลาง,10,กรุงเทพมหานคร,Bangkok,1037,ราชเทวี,Rat Thewi,103702,ถนนพญาไท,Thanon Phaya Thai,10400
141,ภาคกลาง,10,กรุงเทพมหานคร,Bangkok,1037,ราชเทวี,Rat Thewi,103703,ถนนเพชรบุรี,Thanon Phetchaburi,10400
142,ภาคกลาง,10,กรุงเทพมหานคร,Bangkok,1037,ราชเทวี,Rat Thewi,103704,มักกะสัน,Makkasan,10400
143,ภาคกลาง,10,กรุงเทพมหานคร,Bangkok,1038,ลาดพร้าว,Lat Phrao,103801,ลาดพร้าว,Lat Phrao,10230
144,ภาคกลาง,10,กรุงเทพมหานคร,Bangkok,1038,ลาดพร้าว,Lat Phrao,103802,จรเข้บัว,Chorakhe Bua,10230
145,ภาคกลาง,10,กรุงเทพมหานคร,Bangkok,1039,วัฒนา,Watthana,103901,คลองเตยเหนือ,Khlong Toei Nuea,10110
146,ภาคกลาง,10,กรุงเทพมหานคร,Bangkok,1039,วัฒนา,Watthana,103902,คลองตันเหนือ,Khlong Tan Nuea,10110
147,ภาคกลาง,10,กรุงเทพมหานคร,Bangkok,1039,วัฒนา,Watthana,103903,พระโขนงเหนือ,Phra Khanong Nuea,10110
148,ภาคกลาง,10,กรุงเทพมหานคร,Bangkok,1040,บางแค,Bang Khae,104001,บางแค,Bang Khae,10160
149,ภาคกลาง,10,กรุงเทพมหานคร,Bangkok,1040,บางแค,Bang Khae,104002,บางแคเหนือ,Bang Khae Nuea,10160
150,ภาคกลาง,10,กรุงเทพมหานคร,Bangkok,1040,บางแค,Bang Khae,104003,บางไผ่,Bang Phai,10160
151,ภาคกลาง,10,กรุงเทพมหานคร,Bangkok,1040,บางแค,Bang Khae,104004,หลักสอง,Lak Song,10160
152,ภาคกลาง,10,กรุงเทพมหานคร,Bangkok,1041,หลักสี่,Lak Si,104101,ทุ่งสองห้อง,Thung Song Hong,10210
153,ภาคกลาง,10,กรุงเทพมหานคร,Bangkok,1041,หลักสี่,Lak Si,104102,ตลาดบางเขน,Talat Bang Khen,10210
154,ภาคกลาง,10,กรุงเทพมหานคร,Bangkok,1042,สายไหม,Sai Mai,104201,สายไหม,Sai Mai,10220
155,ภาคกลาง,10,กรุงเทพมหานคร,Bangkok,1042,สายไหม,Sai Mai,104202,ออเงิน,O Ngoen,10220
156,ภาคกลาง,10,กรุงเทพมหานคร,Bangkok,1042,สายไหม,Sai Mai,104203,คลองถนน,Khlong Thanon,10220
157,ภาคกลาง,10,กรุงเทพมหานคร,Bangkok,1043,คันนายาว,Khanna Yao,104301,คันนายาว,Khan Na Yao,10230
158,ภาคกลาง,10,กรุงเทพมหานคร,Bangkok,1043,คันนายาว,Khanna Yao,104302,รามอินทรา,Ram Inthra,10230
159,ภาคกลาง,10,กรุงเทพมหานคร,Bangkok,1044,สะพานสูง,Saphan Sung,104401,สะพานสูง,Saphan Sung,10240
160,ภาคกลาง,10,กรุงเทพมหานคร,Bangkok,1044,สะพานสูง,Saphan Sung,104402,ราษฎร์พัฒนา,Rat Phatthana,10240
161,ภาคกลาง,10,กรุงเทพมหานคร,Bangkok,1044,สะพานสูง,Saphan Sung,104403,ทับช้าง,Thap Chang,10250
162,ภาคกลาง,10,กรุงเทพมหานคร,Bangkok,1045,วังทองหลาง,Wang Thong Lang,104501,วังทองหลาง,Wang Thonglang,10310
163,ภาคกลาง,10,กรุงเทพมหานคร,Bangkok,1045,วังทองหลาง,Wang Thong Lang,104502,สะพานสอง,Saphan Song,10310
164,ภาคกลาง,10,กรุงเทพมหานคร,Bangkok,1045,วังทองหลาง,Wang Thong Lang,104503,คลองเจ้าคุณสิงห์,Khlong Chaokhun Sing,10310
165,ภาคกลาง,10,กรุงเทพมหานคร,Bangkok,1045,วังทองหลาง,Wang Thong Lang,104504,พลับพลา,Phlapphla,10310
166,ภาคกลาง,10,กรุงเทพมหานคร,Bangkok,1046,คลองสามวา,Khlong Sam Wa,104601,สามวาตะวันตก,Sam Wa Tawan Tok,10510
167,ภาคกลาง,10,กรุงเทพมหานคร,Bangkok,1046,คลองสามวา,Khlong Sam Wa,104602,สามวาตะวันออก,Sam Wa Tawan Ok,10510
168,ภาคกลาง,10,กรุงเทพมหานคร,Bangkok,1046,คลองสามวา,Khlong Sam Wa,104603,บางชัน,Bang Chan,10510
169,ภาคกลาง,10,กรุงเทพมหานคร,Bangkok,1046,คลองสามวา,Khlong Sam Wa,104604,ทรายกองดิน,Sai Kong Din,10510
170,ภาคกลาง,10,กรุงเทพมหานคร,Bangkok,1046,คลองสามวา,Khlong Sam Wa,104605,ทรายกองดินใต้,Sai Kong Din Tai,10510
171,ภาคกลาง,10,กรุงเทพมหานคร,Bangkok,1047,บางนา,Bang Na,104702,บางนาเหนือ,Bang Na Nuea,10260
172,ภาคกลาง,10,กรุงเทพมหานคร,Bangkok,1047,บางนา,Bang Na,104703,บางนาใต้,Bang Na Tai,10260
173,ภาคกลาง,10,กรุงเทพมหานคร,Bangkok,1048,ทวีวัฒนา,Thawi Watthana,104801,ทวีวัฒนา,Thawi Watthana,10170
174,ภาคกลาง,10,กรุงเทพมหานคร,Bangkok,1048,ทวีวัฒนา,Thawi Watthana,104802,ศาลาธรรมสพน์,Sala Thammasop,10170
175,ภาคกลาง,10,กรุงเทพมหานคร,Bangkok,1049,ทุ่งครุ,Thung Khu,104901,บางมด,Bang Mot,10140
176,ภาคกลาง,10,กรุงเทพมหานคร,Bangkok,1049,ทุ่งครุ,Thung Khu,104902,ทุ่งครุ,Thung Khru,10140
177,ภาคกลาง,10,กรุงเทพมหานคร,Bangkok,1050,บางบอน,Bang Bon,105002,บางบอนเหนือ,Bang Bon Nuea,10150
178,ภาคกลาง,10,กรุงเทพมหานคร,Bangkok,1050,บางบอน,Bang Bon,105003,บางบอนใต้,Bang Bon Tai,10150
179,ภาคกลาง,10,กรุงเทพมหานคร,Bangkok,1050,บางบอน,Bang Bon,105004,คลองบางพราน,Khlong Bang Phran,10150
180,ภาคกลาง,10,กรุงเทพมหานคร,Bangkok,1050,บางบอน,Bang Bon,105005,คลองบางบอน,Khlong Bang Bon,10150
181,ภาคกลาง,11,สมุทรปราการ,Samut Prakan,1101,เมืองสมุทรปราการ,Mueang Samut Prakan,110101,ปากน้ำ,Pak Nam,10270
182,ภาคกลาง,11,สมุทรปราการ,Samut Prakan,1101,เมืองสมุทรปราการ,Mueang Samut Prakan,110102,สำโรงเหนือ,Samrong Nuea,10270
183,ภาคกลาง,11,สมุทรปราการ,Samut Prakan,1101,เมืองสมุทรปราการ,Mueang Samut Prakan,110103,บางเมือง,Bang Mueang,10270
184,ภาคกลาง,11,สมุทรปราการ,Samut Prakan,1101,เมืองสมุทรปราการ,Mueang Samut Prakan,110104,ท้ายบ้าน,Thai Ban,10280
185,ภาคกลาง,11,สมุทรปราการ,Samut Prakan,1101,เมืองสมุทรปราการ,Mueang Samut Prakan,110108,บางปูใหม่,Bang Pu Mai,10280
186,ภาคกลาง,11,สมุทรปราการ,Samut Prakan,1101,เมืองสมุทรปราการ,Mueang Samut Prakan,110110,แพรกษา,Phraek Sa,10280
187,ภาคกลาง,11,สมุทรปราการ,Samut Prakan,1101,เมืองสมุทรปราการ,Mueang Samut Prakan,110111,บางโปรง,Bang Prong,10270
188,ภาคกลาง,11,สมุทรปราการ,Samut Prakan,1101,เมืองสมุทรปราการ,Mueang Samut Prakan,110112,บางปู,Bang Pu,10270
189,ภาคกลาง,11,สมุทรปราการ,Samut Prakan,1101,เมืองสมุทรปราการ,Mueang Samut Prakan,110113,บางด้วน,Bang Duan,10270
190,ภาคกลาง,11,สมุทรปราการ,Samut Prakan,1101,เมืองสมุทรปราการ,Mueang Samut Prakan,110114,บางเมืองใหม่,Bang Mueang Mai,10270
191,ภาคกลาง,11,สมุทรปราการ,Samut Prakan,1101,เมืองสมุทรปราการ,Mueang Samut Prakan,110115,เทพารักษ์,Thepharak,10270
192,ภาคกลาง,11,สมุทรปราการ,Samut Prakan,1101,เมืองสมุทรปราการ,Mueang Samut Prakan,110116,ท้ายบ้านใหม่,Thai Ban Mai,10280
193,ภาคกลาง,11,สมุทรปราการ,Samut Prakan,1101,เมืองสมุทรปราการ,Mueang Samut Prakan,110117,แพรกษาใหม่,Phraek Sa Mai,10280
194,ภาคกลาง,11,สมุทรปราการ,Samut Prakan,1102,บางบ่อ,Bang Bo,110201,บางบ่อ,Bang Bo,10560
195,ภาคกลาง,11,สมุทรปราการ,Samut Prakan,1102,บางบ่อ,Bang Bo,110202,บ้านระกาศ,Ban Rakat,10560
196,ภาคกลาง,11,สมุทรปราการ,Samut Prakan,1102,บางบ่อ,Bang Bo,110203,บางพลีน้อย,Bang Phli Noi,10560
197,ภาคกลาง,11,สมุทรปราการ,Samut Prakan,1102,บางบ่อ,Bang Bo,110204,บางเพรียง,Bang Phriang,10560
198,ภาคกลาง,11,สมุทรปราการ,Samut Prakan,1102,บางบ่อ,Bang Bo,110205,คลองด่าน,Khlong Dan,10550
199,ภาคกลาง,11,สมุทรปราการ,Samut Prakan,1102,บางบ่อ,Bang Bo,110206,คลองสวน,Khlong Suan,10560
200,ภาคกลาง,11,สมุทรปราการ,Samut Prakan,1102,บางบ่อ,Bang Bo,110207,เปร็ง,Preng,10560
201,ภาคกลาง,11,สมุทรปราการ,Samut Prakan,1102,บางบ่อ,Bang Bo,110208,คลองนิยมยาตรา,Khlong Niyom Yattra,10560
202,ภาคกลาง,11,สมุทรปราการ,Samut Prakan,1103,บางพลี,Bang Phli,110301,บางพลีใหญ่,Bang Phli Yai,10540
203,ภาคกลาง,11,สมุทรปราการ,Samut Prakan,1103,บางพลี,Bang Phli,110302,บางแก้ว,Bang Kaeo,10540
204,ภาคกลาง,11,สมุทรปราการ,Samut Prakan,1103,บางพลี,Bang Phli,110303,บางปลา,Bang Pla,10540
205,ภาคกลาง,11,สมุทรปราการ,Samut Prakan,1103,บางพลี,Bang Phli,110304,บางโฉลง,Bang Chalong,10540
206,ภาคกลาง,11,สมุทรปราการ,Samut Prakan,1103,บางพลี,Bang Phli,110308,ราชาเทวะ,Racha Thewa,10540
207,ภาคกลาง,11,สมุทรปราการ,Samut Prakan,1103,บางพลี,Bang Phli,110309,หนองปรือ,Nong Prue,10540
208,ภาคกลาง,11,สมุทรปราการ,Samut Prakan,1104,พระประแดง,Phra Pradaeng,110401,ตลาด,Talat,10130
209,ภาคกลาง,11,สมุทรปราการ,Samut Prakan,1104,พระประแดง,Phra Pradaeng,110402,บางพึ่ง,Bang Phueng,10130
210,ภาคกลาง,11,สมุทรปราการ,Samut Prakan,1104,พระประแดง,Phra Pradaeng,110403,บางจาก,Bang Chak,10130
211,ภาคกลาง,11,สมุทรปราการ,Samut Prakan,1104,พระประแดง,Phra Pradaeng,110404,บางครุ,Bang Khru,10130
212,ภาคกลาง,11,สมุทรปราการ,Samut Prakan,1104,พระประแดง,Phra Pradaeng,110405,บางหญ้าแพรก,Bang Ya Phraek,10130
213,ภาคกลาง,11,สมุทรปราการ,Samut Prakan,1104,พระประแดง,Phra Pradaeng,110406,บางหัวเสือ,Bang Hua Suea,10130
214,ภาคกลาง,11,สมุทรปราการ,Samut Prakan,1104,พระประแดง,Phra Pradaeng,110407,สำโรงใต้,Samrong Tai,10130
215,ภาคกลาง,11,สมุทรปราการ,Samut Prakan,1104,พระประแดง,Phra Pradaeng,110408,บางยอ,Bang Yo,10130
216,ภาคกลาง,11,สมุทรปราการ,Samut Prakan,1104,พระประแดง,Phra Pradaeng,110409,บางกะเจ้า,Bang Kachao,10130
217,ภาคกลาง,11,สมุทรปราการ,Samut Prakan,1104,พระประแดง,Phra Pradaeng,110410,บางน้ำผึ้ง,Bang Nam Phueng,10130
218,ภาคกลาง,11,สมุทรปราการ,Samut Prakan,1104,พระประแดง,Phra Pradaeng,110411,บางกระสอบ,Bang Krasop,10130
219,ภาคกลาง,11,สมุทรปราการ,Samut Prakan,1104,พระประแดง,Phra Pradaeng,110412,บางกอบัว,Bang Ko Bua,10130
220,ภาคกลาง,11,สมุทรปราการ,Samut Prakan,1104,พระประแดง,Phra Pradaeng,110413,ทรงคนอง,Song Khanong,10130
221,ภาคกลาง,11,สมุทรปราการ,Samut Prakan,1104,พระประแดง,Phra Pradaeng,110414,สำโรง,Samrong,10130
222,ภาคกลาง,11,สมุทรปราการ,Samut Prakan,1104,พระประแดง,Phra Pradaeng,110415,สำโรงกลาง,Samrong Klang,10130
223,ภาคกลาง,11,สมุทรปราการ,Samut Prakan,1105,พระสมุทรเจดีย์,Phra Samut Chedi,110501,นาเกลือ,Na Kluea,10290
224,ภาคกลาง,11,สมุทรปราการ,Samut Prakan,1105,พระสมุทรเจดีย์,Phra Samut Chedi,110502,บ้านคลองสวน,Ban Khlong Suan,10290
225,ภาคกลาง,11,สมุทรปราการ,Samut Prakan,1105,พระสมุทรเจดีย์,Phra Samut Chedi,110503,แหลมฟ้าผ่า,Laem Fa Pha,10290
226,ภาคกลาง,11,สมุทรปราการ,Samut Prakan,1105,พระสมุทรเจดีย์,Phra Samut Chedi,110504,ปากคลองบางปลากด,Pak Khlong Bang Pla Kot,10290
227,ภาคกลาง,11,สมุทรปราการ,Samut Prakan,1105,พระสมุทรเจดีย์,Phra Samut Chedi,110505,ในคลองบางปลากด,Nai Khlong Bang Pla Kot,10290
228,ภาคกลาง,11,สมุทรปราการ,Samut Prakan,1106,บางเสาธง,Bang Sao Thong,110601,บางเสาธง,Bang Sao Thong,10570
229,ภาคกลาง,11,สมุทรปราการ,Samut Prakan,1106,บางเสาธง,Bang Sao Thong,110602,ศีรษะจรเข้น้อย,Sisa Chorakhe Noi,10570
230,ภาคกลาง,11,สมุทรปราการ,Samut Prakan,1106,บางเสาธง,Bang Sao Thong,110603,ศีรษะจรเข้ใหญ่,Sisa Chorakhe Yai,10570
231,ภาคกลาง,12,นนทบุรี,Nonthaburi,1201,เมืองนนทบุรี,Mueang Nonthaburi,120101,สวนใหญ่,Suan Yai,11000
232,ภาคกลาง,12,นนทบุรี,Nonthaburi,1201,เมืองนนทบุรี,Mueang Nonthaburi,120102,ตลาดขวัญ,Talat Khwan,11000
233,ภาคกลาง,12,นนทบุรี,Nonthaburi,1201,เมืองนนทบุรี,Mueang Nonthaburi,120103,บางเขน,Bang Khen,11000
234,ภาคกลาง,12,นนทบุรี,Nonthaburi,1201,เมืองนนทบุรี,Mueang Nonthaburi,120104,บางกระสอ,Bang Kraso,11000
235,ภาคกลาง,12,นนทบุรี,Nonthaburi,1201,เมืองนนทบุรี,Mueang Nonthaburi,120105,ท่าทราย,Tha Sai,11000
236,ภาคกลาง,12,นนทบุรี,Nonthaburi,1201,เมืองนนทบุรี,Mueang Nonthaburi,120106,บางไผ่,Bang Phai,11000
237,ภาคกลาง,12,นนทบุรี,Nonthaburi,1201,เมืองนนทบุรี,Mueang Nonthaburi,120107,บางศรีเมือง,Bang Si Mueang,11000
238,ภาคกลาง,12,นนทบุรี,Nonthaburi,1201,เมืองนนทบุรี,Mueang Nonthaburi,120108,บางกร่าง,Bang Krang,11000
239,ภาคกลาง,12,นนทบุรี,Nonthaburi,1201,เมืองนนทบุรี,Mueang Nonthaburi,120109,ไทรม้า,Sai Ma,11000
240,ภาคกลาง,12,นนทบุรี,Nonthaburi,1201,เมืองนนทบุรี,Mueang Nonthaburi,120110,บางรักน้อย,Bang Rak Noi,11000
241,ภาคกลาง,12,นนทบุรี,Nonthaburi,1202,บางกรวย,Bang Kruai,120201,วัดชลอ,Wat Chalo,11130
242,ภาคกลาง,12,นนทบุรี,Nonthaburi,1202,บางกรวย,Bang Kruai,120202,บางกรวย,Bang Kruai,11130
243,ภาคกลาง,12,นนทบุรี,Nonthaburi,1202,บางกรวย,Bang Kruai,120203,บางสีทอง,Bang Si Thong,11130
244,ภาคกลาง,12,นนทบุรี,Nonthaburi,1202,บางกรวย,Bang Kruai,120204,บางขนุน,Bang Khanun,11130
245,ภาคกลาง,12,นนทบุรี,Nonthaburi,1202,บางกรวย,Bang Kruai,120205,บางขุนกอง,Bang Khun Kong,11130
246,ภาคกลาง,12,นนทบุรี,Nonthaburi,1202,บางกรวย,Bang Kruai,120206,บางคูเวียง,Bang Khu Wiang,11130
247,ภาคกลาง,12,นนทบุรี,Nonthaburi,1202,บางกรวย,Bang Kruai,120207,มหาสวัสดิ์,Mahasawat,11130
248,ภาคกลาง,12,นนทบุรี,Nonthaburi,1202,บางกรวย,Bang Kruai,120208,ปลายบาง,Plai Bang,11130
249,ภาคกลาง,12,นนทบุรี,Nonthaburi,1202,บางกรวย,Bang Kruai,120209,ศาลากลาง,Sala Klang,11130
250,ภาคกลาง,12,นนทบุรี,Nonthaburi,1203,บางใหญ่,Bang Yai,120301,บางม่วง,Bang Muang,11140
251,ภาคกลาง,12,นนทบุรี,Nonthaburi,1203,บางใหญ่,Bang Yai,120302,บางแม่นาง,Bang Mae Nang,11140
252,ภาคกลาง,12,นนทบุรี,Nonthaburi,1203,บางใหญ่,Bang Yai,120303,บางเลน,Bang Len,11140
253,ภาคกลาง,12,นนทบุรี,Nonthaburi,1203,บางใหญ่,Bang Yai,120304,เสาธงหิน,Sao Thong Hin,11140
254,ภาคกลาง,12,นนทบุรี,Nonthaburi,1203,บางใหญ่,Bang Yai,120305,บางใหญ่,Bang Yai,11140
255,ภาคกลาง,12,นนทบุรี,Nonthaburi,1203,บางใหญ่,Bang Yai,120306,บ้านใหม่,Ban Mai,11140
256,ภาคกลาง,12,นนทบุรี,Nonthaburi,1204,บางบัวทอง,Bang Bua Thong,120401,โสนลอย,Sano Loi,11110
257,ภาคกลาง,12,นนทบุรี,Nonthaburi,1204,บางบัวทอง,Bang Bua Thong,120402,บางบัวทอง,Bang Bua Thong,11110
258,ภาคกลาง,12,นนทบุรี,Nonthaburi,1204,บางบัวทอง,Bang Bua Thong,120403,บางรักใหญ่,Bang Rak Yai,11110
259,ภาคกลาง,12,นนทบุรี,Nonthaburi,1204,บางบัวทอง,Bang Bua Thong,120404,บางคูรัด,Bang Khu Rat,11110
260,ภาคกลาง,12,นนทบุรี,Nonthaburi,1204,บางบัวทอง,Bang Bua Thong,120405,ละหาร,Lahan,11110
261,ภาคกลาง,12,นนทบุรี,Nonthaburi,1204,บางบัวทอง,Bang Bua Thong,120406,ลำโพ,Lam Pho,11110
262,ภาคกลาง,12,นนทบุรี,Nonthaburi,1204,บางบัวทอง,Bang Bua Thong,120407,พิมลราช,Phimonrat,11110
263,ภาคกลาง,12,นนทบุรี,Nonthaburi,1204,บางบัวทอง,Bang Bua Thong,120408,บางรักพัฒนา,Bang Rak Phatthana,11110
264,ภาคกลาง,12,นนทบุรี,Nonthaburi,1205,ไทรน้อย,Sai Noi,120501,ไทรน้อย,Sai Noi,11150
265,ภาคกลาง,12,นนทบุรี,Nonthaburi,1205,ไทรน้อย,Sai Noi,120502,ราษฎร์นิยม,Rat Niyom,11150
266,ภาคกลาง,12,นนทบุรี,Nonthaburi,1205,ไทรน้อย,Sai Noi,120503,หนองเพรางาย,Nong Phrao Ngai,11150
267,ภาคกลาง,12,นนทบุรี,Nonthaburi,1205,ไทรน้อย,Sai Noi,120504,ไทรใหญ่,Sai Yai,11150
268,ภาคกลาง,12,นนทบุรี,Nonthaburi,1205,ไทรน้อย,Sai Noi,120505,ขุนศรี,Khun Si,11150
269,ภาคกลาง,12,นนทบุรี,Nonthaburi,1205,ไทรน้อย,Sai Noi,120506,คลองขวาง,Khlong Khwang,11150
270,ภาคกลาง,12,นนทบุรี,Nonthaburi,1205,ไทรน้อย,Sai Noi,120507,ทวีวัฒนา,Thawi Watthana,11150
271,ภาคกลาง,12,นนทบุรี,Nonthaburi,1206,ปากเกร็ด,Pak Kret,120601,ปากเกร็ด,Pak Kret,11120
272,ภาคกลาง,12,นนทบุรี,Nonthaburi,1206,ปากเกร็ด,Pak Kret,120602,บางตลาด,Bang Talat,11120
273,ภาคกลาง,12,นนทบุรี,Nonthaburi,1206,ปากเกร็ด,Pak Kret,120603,บ้านใหม่,Ban Mai,11120
274,ภาคกลาง,12,นนทบุรี,Nonthaburi,1206,ปากเกร็ด,Pak Kret,120604,บางพูด,Bang Phut,11120
275,ภาคกลาง,12,นนทบุรี,Nonthaburi,1206,ปากเกร็ด,Pak Kret,120605,บางตะไนย์,Bang Tanai,11120
276,ภาคกลาง,12,นนทบุรี,Nonthaburi,1206,ปากเกร็ด,Pak Kret,120606,คลองพระอุดม,Khlong Phra Udom,11120
277,ภาคกลาง,12,นนทบุรี,Nonthaburi,1206,ปากเกร็ด,Pak Kret,120607,ท่าอิฐ,Tha It,11120
278,ภาคกลาง,12,นนทบุรี,Nonthaburi,1206,ปากเกร็ด,Pak Kret,120608,เกาะเกร็ด,Ko Kret,11120
279,ภาคกลาง,12,นนทบุรี,Nonthaburi,1206,ปากเกร็ด,Pak Kret,120609,อ้อมเกร็ด,Om Kret,11120
280,ภาคกลาง,12,นนทบุรี,Nonthaburi,1206,ปากเกร็ด,Pak Kret,120610,คลองข่อย,Khlong Khoi,11120
281,ภาคกลาง,12,นนทบุรี,Nonthaburi,1206,ปากเกร็ด,Pak Kret,120611,บางพลับ,Bang Phlap,11120
282,ภาคกลาง,12,นนทบุรี,Nonthaburi,1206,ปากเกร็ด,Pak Kret,120612,คลองเกลือ,Khlong Kluea,11120
283,ภาคกลาง,13,ปทุมธานี,Pathum Thani,1301,เมืองปทุมธานี,Mueang Pathum Thani,130101,บางปรอก,Bang Prok,12000
284,ภาคกลาง,13,ปทุมธานี,Pathum Thani,1301,เมืองปทุมธานี,Mueang Pathum Thani,130102,บ้านใหม่,Ban Mai,12000
285,ภาคกลาง,13,ปทุมธานี,Pathum Thani,1301,เมืองปทุมธานี,Mueang Pathum Thani,130103,บ้านกลาง,Ban Klang,12000
286,ภาคกลาง,13,ปทุมธานี,Pathum Thani,1301,เมืองปทุมธานี,Mueang Pathum Thani,130104,บ้านฉาง,Ban Chang,12000
287,ภาคกลาง,13,ปทุมธานี,Pathum Thani,1301,เมืองปทุมธานี,Mueang Pathum Thani,130105,บ้านกระแชง,Ban Krachaeng,12000
288,ภาคกลาง,13,ปทุมธานี,Pathum Thani,1301,เมืองปทุมธานี,Mueang Pathum Thani,130106,บางขะแยง,Bang Khayaeng,12000
289,ภาคกลาง,13,ปทุมธานี,Pathum Thani,1301,เมืองปทุมธานี,Mueang Pathum Thani,130107,บางคูวัด,Bang Khu Wat,12000
290,ภาคกลาง,13,ปทุมธานี,Pathum Thani,1301,เมืองปทุมธานี,Mueang Pathum Thani,130108,บางหลวง,Bang Luang,12000
291,ภาคกลาง,13,ปทุมธานี,Pathum Thani,1301,เมืองปทุมธานี,Mueang Pathum Thani,130109,บางเดื่อ,Bang Duea,12000
292,ภาคกลาง,13,ปทุมธานี,Pathum Thani,1301,เมืองปทุมธานี,Mueang Pathum Thani,130110,บางพูด,Bang Phut,12000
293,ภาคกลาง,13,ปทุมธานี,Pathum Thani,1301,เมืองปทุมธานี,Mueang Pathum Thani,130111,บางพูน,Bang Phun,12000
294,ภาคกลาง,13,ปทุมธานี,Pathum Thani,1301,เมืองปทุมธานี,Mueang Pathum Thani,130112,บางกะดี,Bang Kadi,12000
295,ภาคกลาง,13,ปทุมธานี,Pathum Thani,1301,เมืองปทุมธานี,Mueang Pathum Thani,130113,สวนพริกไทย,Suan Phrik Thai,12000
296,ภาคกลาง,13,ปทุมธานี,Pathum Thani,1301,เมืองปทุมธานี,Mueang Pathum Thani,130114,หลักหก,Lak Hok,12000
297,ภาคกลาง,13,ปทุมธานี,Pathum Thani,1302,คลองหลวง,Khlong Luang,130201,คลองหนึ่ง,Khlong Nueng,12120
298,ภาคกลาง,13,ปทุมธานี,Pathum Thani,1302,คลองหลวง,Khlong Luang,130202,คลองสอง,Khlong Song,12120
299,ภาคกลาง,13,ปทุมธานี,Pathum Thani,1302,คลองหลวง,Khlong Luang,130203,คลองสาม,Khlong Sam,12120
300,ภาคกลาง,13,ปทุมธานี,Pathum Thani,1302,คลองหลวง,Khlong Luang,130204,คลองสี่,Khlong Si,12120
301,ภาคกลาง,13,ปทุมธานี,Pathum Thani,1302,คลองหลวง,Khlong Luang,130205,คลองห้า,Khlong Ha,12120
302,ภาคกลาง,13,ปทุมธานี,Pathum Thani,1302,คลองหลวง,Khlong Luang,130206,คลองหก,Khlong Hok,12120
303,ภาคกลาง,13,ปทุมธานี,Pathum Thani,1302,คลองหลวง,Khlong Luang,130207,คลองเจ็ด,Khlong Chet,12120
304,ภาคกลาง,13,ปทุมธานี,Pathum Thani,1303,ธัญบุรี,Thanyaburi,130301,ประชาธิปัตย์,Pracha Thipat,12130
305,ภาคกลาง,13,ปทุมธานี,Pathum Thani,1303,ธัญบุรี,Thanyaburi,130302,บึงยี่โถ,Bueng Yitho,12130
306,ภาคกลาง,13,ปทุมธานี,Pathum Thani,1303,ธัญบุรี,Thanyaburi,130303,รังสิต,Rangsit,12110
307,ภาคกลาง,13,ปทุมธานี,Pathum Thani,1303,ธัญบุรี,Thanyaburi,130304,ลำผักกูด,Lam Phak Kut,12110
308,ภาคกลาง,13,ปทุมธานี,Pathum Thani,1303,ธัญบุรี,Thanyaburi,130305,บึงสนั่น,Bueng Sanan,12110
309,ภาคกลาง,13,ปทุมธานี,Pathum Thani,1303,ธัญบุรี,Thanyaburi,130306,บึงน้ำรักษ์,Bueng Nam Rak,12110
310,ภาคกลาง,13,ปทุมธานี,Pathum Thani,1304,หนองเสือ,Nong Suea,130401,บึงบา,Bueng Ba,12170
311,ภาคกลาง,13,ปทุมธานี,Pathum Thani,1304,หนองเสือ,Nong Suea,130402,บึงบอน,Bueng Bon,12170
312,ภาคกลาง,13,ปทุมธานี,Pathum Thani,1304,หนองเสือ,Nong Suea,130403,บึงกาสาม,Bueng Ka Sam,12170
313,ภาคกลาง,13,ปทุมธานี,Pathum Thani,1304,หนองเสือ,Nong Suea,130404,บึงชำอ้อ,Bueng Cham O,12170
314,ภาคกลาง,13,ปทุมธานี,Pathum Thani,1304,หนองเสือ,Nong Suea,130405,หนองสามวัง,Nong Sam Wang,12170
315,ภาคกลาง,13,ปทุมธานี,Pathum Thani,1304,หนองเสือ,Nong Suea,130406,ศาลาครุ,Sala Khru,12170
316,ภาคกลาง,13,ปทุมธานี,Pathum Thani,1304,หนองเสือ,Nong Suea,130407,นพรัตน์,Noppharat,12170
317,ภาคกลาง,13,ปทุมธานี,Pathum Thani,1305,ลาดหลุมแก้ว,Lat Lum Kaeo,130501,ระแหง,Rahaeng,12140
318,ภาคกลาง,13,ปทุมธานี,Pathum Thani,1305,ลาดหลุมแก้ว,Lat Lum Kaeo,130502,ลาดหลุมแก้ว,Lat Lum Kaeo,12140
319,ภาคกลาง,13,ปทุมธานี,Pathum Thani,1305,ลาดหลุมแก้ว,Lat Lum Kaeo,130503,คูบางหลวง,Khu Bang Luang,12140
320,ภาคกลาง,13,ปทุมธานี,Pathum Thani,1305,ลาดหลุมแก้ว,Lat Lum Kaeo,130504,คูขวาง,Khu Khwang,12140
321,ภาคกลาง,13,ปทุมธานี,Pathum Thani,1305,ลาดหลุมแก้ว,Lat Lum Kaeo,130505,คลองพระอุดม,Khlong Phra Udom,12140
322,ภาคกลาง,13,ปทุมธานี,Pathum Thani,1305,ลาดหลุมแก้ว,Lat Lum Kaeo,130506,บ่อเงิน,Bo Ngoen,12140
323,ภาคกลาง,13,ปทุมธานี,Pathum Thani,1305,ลาดหลุมแก้ว,Lat Lum Kaeo,130507,หน้าไม้,Na Mai,12140
324,ภาคกลาง,13,ปทุมธานี,Pathum Thani,1306,ลำลูกกา,Lam Luk Ka,130601,คูคต,Khu Khot,12130
325,ภาคกลาง,13,ปทุมธานี,Pathum Thani,1306,ลำลูกกา,Lam Luk Ka,130602,ลาดสวาย,Lat Sawai,12150
326,ภาคกลาง,13,ปทุมธานี,Pathum Thani,1306,ลำลูกกา,Lam Luk Ka,130603,บึงคำพร้อย,Bueng Kham Phoi,12150
327,ภาคกลาง,13,ปทุมธานี,Pathum Thani,1306,ลำลูกกา,Lam Luk Ka,130604,ลำลูกกา,Lam Luk Ka,12150
328,ภาคกลาง,13,ปทุมธานี,Pathum Thani,1306,ลำลูกกา,Lam Luk Ka,130605,บึงทองหลาง,Bueng Thong Lang,12150
329,ภาคกลาง,13,ปทุมธานี,Pathum Thani,1306,ลำลูกกา,Lam Luk Ka,130606,ลำไทร,Lam Sai,12150
330,ภาคกลาง,13,ปทุมธานี,Pathum Thani,1306,ลำลูกกา,Lam Luk Ka,130607,บึงคอไห,Bueng Kho Hai,12150
331,ภาคกลาง,13,ปทุมธานี,Pathum Thani,1306,ลำลูกกา,Lam Luk Ka,130608,พืชอุดม,Phuet Udom,12150
332,ภาคกลาง,13,ปทุมธานี,Pathum Thani,1307,สามโคก,Sam Khok,130701,บางเตย,Bang Toei,12160
333,ภาคกลาง,13,ปทุมธานี,Pathum Thani,1307,สามโคก,Sam Khok,130702,คลองควาย,Khlong Khwai,12160
334,ภาคกลาง,13,ปทุมธานี,Pathum Thani,1307,สามโคก,Sam Khok,130703,สามโคก,Sam Khok,12160
335,ภาคกลาง,13,ปทุมธานี,Pathum Thani,1307,สามโคก,Sam Khok,130704,กระแชง,Krachaeng,12160
336,ภาคกลาง,13,ปทุมธานี,Pathum Thani,1307,สามโคก,Sam Khok,130705,บางโพธิ์เหนือ,Bang Pho Nuea,12160
337,ภาคกลาง,13,ปทุมธานี,Pathum Thani,1307,สามโคก,Sam Khok,130706,เชียงรากใหญ่,Chiang Rak Yai,12160
338,ภาคกลาง,13,ปทุมธานี,Pathum Thani,1307,สามโคก,Sam Khok,130707,บ้านปทุม,Ban Pathum,12160
339,ภาคกลาง,13,ปทุมธานี,Pathum Thani,1307,สามโคก,Sam Khok,130708,บ้านงิ้ว,Ban Ngio,12160
340,ภาคกลาง,13,ปทุมธานี,Pathum Thani,1307,สามโคก,Sam Khok,130709,เชียงรากน้อย,Chiang Rak Noi,12160
341,ภาคกลาง,13,ปทุมธานี,Pathum Thani,1307,สามโคก,Sam Khok,130710,บางกระบือ,Bang Krabue,12160
342,ภาคกลาง,13,ปทุมธานี,Pathum Thani,1307,สามโคก,Sam Khok,130711,ท้ายเกาะ,Thai Ko,12160
343,ภาคกลาง,14,พระนครศรีอยุธยา,Phra Nakhon Si Ayutthaya,1401,พระนครศรีอยุธยา,Phra Nakhon Si Ayutthaya,140101,ประตูชัย,Pratu Chai,13000
344,ภาคกลาง,14,พระนครศรีอยุธยา,Phra Nakhon Si Ayutthaya,1401,พระนครศรีอยุธยา,Phra Nakhon Si Ayutthaya,140102,กะมัง,Kamang,13000
345,ภาคกลาง,14,พระนครศรีอยุธยา,Phra Nakhon Si Ayutthaya,1401,พระนครศรีอยุธยา,Phra Nakhon Si Ayutthaya,140103,หอรัตนไชย,Ho Rattana Chai,13000
346,ภาคกลาง,14,พระนครศรีอยุธยา,Phra Nakhon Si Ayutthaya,1401,พระนครศรีอยุธยา,Phra Nakhon Si Ayutthaya,140104,หัวรอ,Hua Ro,13000
347,ภาคกลาง,14,พระนครศรีอยุธยา,Phra Nakhon Si Ayutthaya,1401,พระนครศรีอยุธยา,Phra Nakhon Si Ayutthaya,140105,ท่าวาสุกรี,Tha Wasukri,13000
348,ภาคกลาง,14,พระนครศรีอยุธยา,Phra Nakhon Si Ayutthaya,1401,พระนครศรีอยุธยา,Phra Nakhon Si Ayutthaya,140106,ไผ่ลิง,Phai Ling,13000
349,ภาคกลาง,14,พระนครศรีอยุธยา,Phra Nakhon Si Ayutthaya,1401,พระนครศรีอยุธยา,Phra Nakhon Si Ayutthaya,140107,ปากกราน,Pak Kran,13000
350,ภาคกลาง,14,พระนครศรีอยุธยา,Phra Nakhon Si Ayutthaya,1401,พระนครศรีอยุธยา,Phra Nakhon Si Ayutthaya,140108,ภูเขาทอง,Phu Khao Thong,13000
351,ภาคกลาง,14,พระนครศรีอยุธยา,Phra Nakhon Si Ayutthaya,1401,พระนครศรีอยุธยา,Phra Nakhon Si Ayutthaya,140109,สำเภาล่ม,Samphao Lom,13000
352,ภาคกลาง,14,พระนครศรีอยุธยา,Phra Nakhon Si Ayutthaya,1401,พระนครศรีอยุธยา,Phra Nakhon Si Ayutthaya,140110,สวนพริก,Suan Phrik,13000
353,ภาคกลาง,14,พระนครศรีอยุธยา,Phra Nakhon Si Ayutthaya,1401,พระนครศรีอยุธยา,Phra Nakhon Si Ayutthaya,140111,คลองตะเคียน,Khlong Takhian,13000
354,ภาคกลาง,14,พระนครศรีอยุธยา,Phra Nakhon Si Ayutthaya,1401,พระนครศรีอยุธยา,Phra Nakhon Si Ayutthaya,140112,วัดตูม,Wat Tum,13000
355,ภาคกลาง,14,พระนครศรีอยุธยา,Phra Nakhon Si Ayutthaya,1401,พระนครศรีอยุธยา,Phra Nakhon Si Ayutthaya,140113,หันตรา,Han Tra,13000
356,ภาคกลาง,14,พระนครศรีอยุธยา,Phra Nakhon Si Ayutthaya,1401,พระนครศรีอยุธยา,Phra Nakhon Si Ayutthaya,140114,ลุมพลี,Lumphli,13000
357,ภาคกลาง,14,พระนครศรีอยุธยา,Phra Nakhon Si Ayutthaya,1401,พระนครศรีอยุธยา,Phra Nakhon Si Ayutthaya,140115,บ้านใหม่,Ban Mai,13000
358,ภาคกลาง,14,พระนครศรีอยุธยา,Phra Nakhon Si Ayutthaya,1401,พระนครศรีอยุธยา,Phra Nakhon Si Ayutthaya,140116,บ้านเกาะ,Ban Ko,13000
359,ภาคกลาง,14,พระนครศรีอยุธยา,Phra Nakhon Si Ayutthaya,1401,พระนครศรีอยุธยา,Phra Nakhon Si Ayutthaya,140117,คลองสวนพลู,Khlong Suan Phu,13000
360,ภาคกลาง,14,พระนครศรีอยุธยา,Phra Nakhon Si Ayutthaya,1401,พระนครศรีอยุธยา,Phra Nakhon Si Ayutthaya,140118,คลองสระบัว,Khlong Sa Bua,13000
361,ภาคกลาง,14,พระนครศรีอยุธยา,Phra Nakhon Si Ayutthaya,1401,พระนครศรีอยุธยา,Phra Nakhon Si Ayutthaya,140119,เกาะเรียน,Ko Rian,13000
362,ภาคกลาง,14,พระนครศรีอยุธยา,Phra Nakhon Si Ayutthaya,1401,พระนครศรีอยุธยา,Phra Nakhon Si Ayutthaya,140120,บ้านป้อม,Ban Pom,13000
363,ภาคกลาง,14,พระนครศรีอยุธยา,Phra Nakhon Si Ayutthaya,1401,พระนครศรีอยุธยา,Phra Nakhon Si Ayutthaya,140121,บ้านรุน,Ban Run,13000
364,ภาคกลาง,14,พระนครศรีอยุธยา,Phra Nakhon Si Ayutthaya,1402,ท่าเรือ,Tha Ruea,140201,ท่าเรือ,Tha Ruea,13130
365,ภาคกลาง,14,พระนครศรีอยุธยา,Phra Nakhon Si Ayutthaya,1402,ท่าเรือ,Tha Ruea,140202,จำปา,Champa,13130
366,ภาคกลาง,14,พระนครศรีอยุธยา,Phra Nakhon Si Ayutthaya,1402,ท่าเรือ,Tha Ruea,140203,ท่าหลวง,Tha Luang,13130
367,ภาคกลาง,14,พระนครศรีอยุธยา,Phra Nakhon Si Ayutthaya,1402,ท่าเรือ,Tha Ruea,140204,บ้านร่อม,Ban Rom,13130
368,ภาคกลาง,14,พระนครศรีอยุธยา,Phra Nakhon Si Ayutthaya,1402,ท่าเรือ,Tha Ruea,140205,ศาลาลอย,Sala Loi,13130
369,ภาคกลาง,14,พระนครศรีอยุธยา,Phra Nakhon Si Ayutthaya,1402,ท่าเรือ,Tha Ruea,140206,วังแดง,Wang Daeng,13130
370,ภาคกลาง,14,พระนครศรีอยุธยา,Phra Nakhon Si Ayutthaya,1402,ท่าเรือ,Tha Ruea,140207,โพธิ์เอน,Pho En,13130
371,ภาคกลาง,14,พระนครศรีอยุธยา,Phra Nakhon Si Ayutthaya,1402,ท่าเรือ,Tha Ruea,140208,ปากท่า,Pak Tha,13130
372,ภาคกลาง,14,พระนครศรีอยุธยา,Phra Nakhon Si Ayutthaya,1402,ท่าเรือ,Tha Ruea,140209,หนองขนาก,Nong Khanak,13130
373,ภาคกลาง,14,พระนครศรีอยุธยา,Phra Nakhon Si Ayutthaya,1402,ท่าเรือ,Tha Ruea,140210,ท่าเจ้าสนุก,Tha Chao Sanuk,13130
374,ภาคกลาง,14,พระนครศรีอยุธยา,Phra Nakhon Si Ayutthaya,1403,นครหลวง,Nakhon Luang,140301,นครหลวง,Nakhon Luang,13260
375,ภาคกลาง,14,พระนครศรีอยุธยา,Phra Nakhon Si Ayutthaya,1403,นครหลวง,Nakhon Luang,140302,ท่าช้าง,Tha Chang,13260
376,ภาคกลาง,14,พระนครศรีอยุธยา,Phra Nakhon Si Ayutthaya,1403,นครหลวง,Nakhon Luang,140303,บ่อโพง,Bo Phong,13260
377,ภาคกลาง,14,พระนครศรีอยุธยา,Phra Nakhon Si Ayutthaya,1403,นครหลวง,Nakhon Luang,140304,บ้านชุ้ง,Ban Chung,13260
378,ภาคกลาง,14,พระนครศรีอยุธยา,Phra Nakhon Si Ayutthaya,1403,นครหลวง,Nakhon Luang,140305,ปากจั่น,Pak Chan,13260
379,ภาคกลาง,14,พระนครศรีอยุธยา,Phra Nakhon Si Ayutthaya,1403,นครหลวง,Nakhon Luang,140306,บางระกำ,Bang Rakam,13260
380,ภาคกลาง,14,พระนครศรีอยุธยา,Phra Nakhon Si Ayutthaya,1403,นครหลวง,Nakhon Luang,140307,บางพระครู,Bang Phrakhru,13260
381,ภาคกลาง,14,พระนครศรีอยุธยา,Phra Nakhon Si Ayutthaya,1403,นครหลวง,Nakhon Luang,140308,แม่ลา,Mae La,13260
382,ภาคกลาง,14,พระนครศรีอยุธยา,Phra Nakhon Si Ayutthaya,1403,นครหลวง,Nakhon Luang,140309,หนองปลิง,Nong Pling,13260
383,ภาคกลาง,14,พระนครศรีอยุธยา,Phra Nakhon Si Ayutthaya,1403,นครหลวง,Nakhon Luang,140310,คลองสะแก,Khlong Sakae,13260
384,ภาคกลาง,14,พระนครศรีอยุธยา,Phra Nakhon Si Ayutthaya,1403,นครหลวง,Nakhon Luang,140311,สามไถ,Sam Thai,13260
385,ภาคกลาง,14,พระนครศรีอยุธยา,Phra Nakhon Si Ayutthaya,1403,นครหลวง,Nakhon Luang,140312,พระนอน,Phra Non,13260
386,ภาคกลาง,14,พระนครศรีอยุธยา,Phra Nakhon Si Ayutthaya,1404,บางไทร,Bang Sai,140401,บางไทร,Bang Sai,13190
387,ภาคกลาง,14,พระนครศรีอยุธยา,Phra Nakhon Si Ayutthaya,1404,บางไทร,Bang Sai,140402,บางพลี,Bang Phli,13190
388,ภาคกลาง,14,พระนครศรีอยุธยา,Phra Nakhon Si Ayutthaya,1404,บางไทร,Bang Sai,140403,สนามชัย,Sanam Chai,13190
389,ภาคกลาง,14,พระนครศรีอยุธยา,Phra Nakhon Si Ayutthaya,1404,บางไทร,Bang Sai,140404,บ้านแป้ง,Ban Paeng,13190
390,ภาคกลาง,14,พระนครศรีอยุธยา,Phra Nakhon Si Ayutthaya,1404,บางไทร,Bang Sai,140405,หน้าไม้,Na Mai,13190
391,ภาคกลาง,14,พระนครศรีอยุธยา,Phra Nakhon Si Ayutthaya,1404,บางไทร,Bang Sai,140406,บางยี่โท,Bang Yitho,13190
392,ภาคกลาง,14,พระนครศรีอยุธยา,Phra Nakhon Si Ayutthaya,1404,บางไทร,Bang Sai,140407,แคออก,Khae Ok,13190
393,ภาคกลาง,14,พระนครศรีอยุธยา,Phra Nakhon Si Ayutthaya,1404,บางไทร,Bang Sai,140408,แคตก,Khae Tok,13190
394,ภาคกลาง,14,พระนครศรีอยุธยา,Phra Nakhon Si Ayutthaya,1404,บางไทร,Bang Sai,140409,ช่างเหล็ก,Chang Lek,13190
395,ภาคกลาง,14,พระนครศรีอยุธยา,Phra Nakhon Si Ayutthaya,1404,บางไทร,Bang Sai,140410,กระแชง,Krachaeng,13190
396,ภาคกลาง,14,พระนครศรีอยุธยา,Phra Nakhon Si Ayutthaya,1404,บางไทร,Bang Sai,140411,บ้านกลึง,Ban Klueng,13190
397,ภาคกลาง,14,พระนครศรีอยุธยา,Phra Nakhon Si Ayutthaya,1404,บางไทร,Bang Sai,140412,ช้างน้อย,Chang Noi,13190
398,ภาคกลาง,14,พระนครศรีอยุธยา,Phra Nakhon Si Ayutthaya,1404,บางไทร,Bang Sai,140413,ห่อหมก,Ho Mok,13190
399,ภาคกลาง,14,พระนครศรีอยุธยา,Phra Nakhon Si Ayutthaya,1404,บางไทร,Bang Sai,140414,ไผ่พระ,Phai Phra,13190
400,ภาคกลาง,14,พระนครศรีอยุธยา,Phra Nakhon Si Ayutthaya,1404,บางไทร,Bang Sai,140415,กกแก้วบูรพา,Kok Kaeo Burapha,13190
401,ภาคกลาง,14,พระนครศรีอยุธยา,Phra Nakhon Si Ayutthaya,1404,บางไทร,Bang Sai,140416,ไม้ตรา,Mai Tra,13190
402,ภาคกลาง,14,พระนครศรีอยุธยา,Phra Nakhon Si Ayutthaya,1404,บางไทร,Bang Sai,140417,บ้านม้า,Ban Ma,13190
403,ภาคกลาง,14,พระนครศรีอยุธยา,Phra Nakhon Si Ayutthaya,1404,บางไทร,Bang Sai,140418,บ้านเกาะ,Ban Ko,13190
404,ภาคกลาง,14,พระนครศรีอยุธยา,Phra Nakhon Si Ayutthaya,1404,บางไทร,Bang Sai,140419,ราชคราม,Ratchakhram,13290
405,ภาคกลาง,14,พระนครศรีอยุธยา,Phra Nakhon Si Ayutthaya,1404,บางไทร,Bang Sai,140420,ช้างใหญ่,Chang Yai,13290
406,ภาคกลาง,14,พระนครศรีอยุธยา,Phra Nakhon Si Ayutthaya,1404,บางไทร,Bang Sai,140421,โพแตง,Po Tang,13290
407,ภาคกลาง,14,พระนครศรีอยุธยา,Phra Nakhon Si Ayutthaya,1404,บางไทร,Bang Sai,140422,เชียงรากน้อย,Chiang Rak Noi,13290
408,ภาคกลาง,14,พระนครศรีอยุธยา,Phra Nakhon Si Ayutthaya,1404,บางไทร,Bang Sai,140423,โคกช้าง,Khok Chang,13190
409,ภาคกลาง,14,พระนครศรีอยุธยา,Phra Nakhon Si Ayutthaya,1405,บางบาล,Bang Ban,140501,บางบาล,Bang Ban,13250
410,ภาคกลาง,14,พระนครศรีอยุธยา,Phra Nakhon Si Ayutthaya,1405,บางบาล,Bang Ban,140502,วัดยม,Wat Yom,13250
411,ภาคกลาง,14,พระนครศรีอยุธยา,Phra Nakhon Si Ayutthaya,1405,บางบาล,Bang Ban,140503,ไทรน้อย,Sai Noi,13250
412,ภาคกลาง,14,พระนครศรีอยุธยา,Phra Nakhon Si Ayutthaya,1405,บางบาล,Bang Ban,140504,สะพานไทย,Saphan Thai,13250
413,ภาคกลาง,14,พระนครศรีอยุธยา,Phra Nakhon Si Ayutthaya,1405,บางบาล,Bang Ban,140505,มหาพราหมณ์,Mahaphram,13250
414,ภาคกลาง,14,พระนครศรีอยุธยา,Phra Nakhon Si Ayutthaya,1405,บางบาล,Bang Ban,140506,กบเจา,Kop Chao,13250
415,ภาคกลาง,14,พระนครศรีอยุธยา,Phra Nakhon Si Ayutthaya,1405,บางบาล,Bang Ban,140507,บ้านคลัง,Ban Khlang,13250
416,ภาคกลาง,14,พระนครศรีอยุธยา,Phra Nakhon Si Ayutthaya,1405,บางบาล,Bang Ban,140508,พระขาว,Phra Khao,13250
417,ภาคกลาง,14,พระนครศรีอยุธยา,Phra Nakhon Si Ayutthaya,1405,บางบาล,Bang Ban,140509,น้ำเต้า,Namtao,13250
418,ภาคกลาง,14,พระนครศรีอยุธยา,Phra Nakhon Si Ayutthaya,1405,บางบาล,Bang Ban,140510,ทางช้าง,Thang Chang,13250
419,ภาคกลาง,14,พระนครศรีอยุธยา,Phra Nakhon Si Ayutthaya,1405,บางบาล,Bang Ban,140511,วัดตะกู,Wat Taku,13250
420,ภาคกลาง,14,พระนครศรีอยุธยา,Phra Nakhon Si Ayutthaya,1405,บางบาล,Bang Ban,140512,บางหลวง,Bang Luang,13250
421,ภาคกลาง,14,พระนครศรีอยุธยา,Phra Nakhon Si Ayutthaya,1405,บางบาล,Bang Ban,140513,บางหลวงโดด,Bang Luang Dot,13250
422,ภาคกลาง,14,พระนครศรีอยุธยา,Phra Nakhon Si Ayutthaya,1405,บางบาล,Bang Ban,140514,บางหัก,Bang Hak,13250
423,ภาคกลาง,14,พระนครศรีอยุธยา,Phra Nakhon Si Ayutthaya,1405,บางบาล,Bang Ban,140515,บางชะนี,Bang Chani,13250
424,ภาคกลาง,14,พระนครศรีอยุธยา,Phra Nakhon Si Ayutthaya,1405,บางบาล,Bang Ban,140516,บ้านกุ่ม,Ban Kum,13250
425,ภาคกลาง,14,พระนครศรีอยุธยา,Phra Nakhon Si Ayutthaya,1406,บางปะอิน,Bang Pa-In,140601,บ้านเลน,Ban Len,13160
426,ภาคกลาง,14,พระนครศรีอยุธยา,Phra Nakhon Si Ayutthaya,1406,บางปะอิน,Bang Pa-In,140602,เชียงรากน้อย,Chiang Rak Noi,13180
427,ภาคกลาง,14,พระนครศรีอยุธยา,Phra Nakhon Si Ayutthaya,1406,บางปะอิน,Bang Pa-In,140603,บ้านโพ,Ban Pho,13160
428,ภาคกลาง,14,พระนครศรีอยุธยา,Phra Nakhon Si Ayutthaya,1406,บางปะอิน,Bang Pa-In,140604,บ้านกรด,Ban Krot,13160
429,ภาคกลาง,14,พระนครศรีอยุธยา,Phra Nakhon Si Ayutthaya,1406,บางปะอิน,Bang Pa-In,140605,บางกระสั้น,Bang Krasan,13160
430,ภาคกลาง,14,พระนครศรีอยุธยา,Phra Nakhon Si Ayutthaya,1406,บางปะอิน,Bang Pa-In,140606,คลองจิก,Khlong Chik,13160
431,ภาคกลาง,14,พระนครศรีอยุธยา,Phra Nakhon Si Ayutthaya,1406,บางปะอิน,Bang Pa-In,140607,บ้านหว้า,Ban Wa,13160
432,ภาคกลาง,14,พระนครศรีอยุธยา,Phra Nakhon Si Ayutthaya,1406,บางปะอิน,Bang Pa-In,140608,วัดยม,Wat Yom,13160
433,ภาคกลาง,14,พระนครศรีอยุธยา,Phra Nakhon Si Ayutthaya,1406,บางปะอิน,Bang Pa-In,140609,บางประแดง,Bang Pradaeng,13160
434,ภาคกลาง,14,พระนครศรีอยุธยา,Phra Nakhon Si Ayutthaya,1406,บางปะอิน,Bang Pa-In,140610,สามเรือน,Sam Ruean,13160
435,ภาคกลาง,14,พระนครศรีอยุธยา,Phra Nakhon Si Ayutthaya,1406,บางปะอิน,Bang Pa-In,140611,เกาะเกิด,Ko Koet,13160
436,ภาคกลาง,14,พระนครศรีอยุธยา,Phra Nakhon Si Ayutthaya,1406,บางปะอิน,Bang Pa-In,140612,บ้านพลับ,Ban Phlap,13160
437,ภาคกลาง,14,พระนครศรีอยุธยา,Phra Nakhon Si Ayutthaya,1406,บางปะอิน,Bang Pa-In,140613,บ้านแป้ง,Ban Paeng,13160
438,ภาคกลาง,14,พระนครศรีอยุธยา,Phra Nakhon Si Ayutthaya,1406,บางปะอิน,Bang Pa-In,140614,คุ้งลาน,Khung Lan,13160
439,ภาคกลาง,14,พระนครศรีอยุธยา,Phra Nakhon Si Ayutthaya,1406,บางปะอิน,Bang Pa-In,140615,ตลิ่งชัน,Taling Chan,13160
440,ภาคกลาง,14,พระนครศรีอยุธยา,Phra Nakhon Si Ayutthaya,1406,บางปะอิน,Bang Pa-In,140616,บ้านสร้าง,Ban Sang,13170
441,ภาคกลาง,14,พระนครศรีอยุธยา,Phra Nakhon Si Ayutthaya,1406,บางปะอิน,Bang Pa-In,140617,ตลาดเกรียบ,Talat Kriap,13160
442,ภาคกลาง,14,พระนครศรีอยุธยา,Phra Nakhon Si Ayutthaya,1406,บางปะอิน,Bang Pa-In,140618,ขนอนหลวง,Khanon Luang,13160
443,ภาคกลาง,14,พระนครศรีอยุธยา,Phra Nakhon Si Ayutthaya,1407,บางปะหัน,Bang Pahan,140701,บางปะหัน,Bang Pahan,13220
444,ภาคกลาง,14,พระนครศรีอยุธยา,Phra Nakhon Si Ayutthaya,1407,บางปะหัน,Bang Pahan,140702,ขยาย,Khayai,13220
445,ภาคกลาง,14,พระนครศรีอยุธยา,Phra Nakhon Si Ayutthaya,1407,บางปะหัน,Bang Pahan,140703,บางเดื่อ,Bang Duea,13220
446,ภาคกลาง,14,พระนครศรีอยุธยา,Phra Nakhon Si Ayutthaya,1407,บางปะหัน,Bang Pahan,140704,เสาธง,Sao Thong,13220
447,ภาคกลาง,14,พระนครศรีอยุธยา,Phra Nakhon Si Ayutthaya,1407,บางปะหัน,Bang Pahan,140705,ทางกลาง,Thang Klang,13220
448,ภาคกลาง,14,พระนครศรีอยุธยา,Phra Nakhon Si Ayutthaya,1407,บางปะหัน,Bang Pahan,140706,บางเพลิง,Bang Phloeng,13220
449,ภาคกลาง,14,พระนครศรีอยุธยา,Phra Nakhon Si Ayutthaya,1407,บางปะหัน,Bang Pahan,140707,หันสัง,Han Sang,13220
450,ภาคกลาง,14,พระนครศรีอยุธยา,Phra Nakhon Si Ayutthaya,1407,บางปะหัน,Bang Pahan,140708,บางนางร้า,Bang Nang Ra,13220
451,ภาคกลาง,14,พระนครศรีอยุธยา,Phra Nakhon Si Ayutthaya,1407,บางปะหัน,Bang Pahan,140709,ตานิม,Tanim,13220
452,ภาคกลาง,14,พระนครศรีอยุธยา,Phra Nakhon Si Ayutthaya,1407,บางปะหัน,Bang Pahan,140710,ทับน้ำ,Thap Nam,13220
453,ภาคกลาง,14,พระนครศรีอยุธยา,Phra Nakhon Si Ayutthaya,1407,บางปะหัน,Bang Pahan,140711,บ้านม้า,Ban Ma,13220
454,ภาคกลาง,14,พระนครศรีอยุธยา,Phra Nakhon Si Ayutthaya,1407,บางปะหัน,Bang Pahan,140712,ขวัญเมือง,Khwan Mueang,13220
455,ภาคกลาง,14,พระนครศรีอยุธยา,Phra Nakhon Si Ayutthaya,1407,บางปะหัน,Bang Pahan,140713,บ้านลี่,Ban Li,13220
456,ภาคกลาง,14,พระนครศรีอยุธยา,Phra Nakhon Si Ayutthaya,1407,บางปะหัน,Bang Pahan,140714,โพธิ์สามต้น,Pho Sam Ton,13220
457,ภาคกลาง,14,พระนครศรีอยุธยา,Phra Nakhon Si Ayutthaya,1407,บางปะหัน,Bang Pahan,140715,พุทเลา,Phut Lao,13220
458,ภาคกลาง,14,พระนครศรีอยุธยา,Phra Nakhon Si Ayutthaya,1407,บางปะหัน,Bang Pahan,140716,ตาลเอน,Tan En,13220
459,ภาคกลาง,14,พระนครศรีอยุธยา,Phra Nakhon Si Ayutthaya,1407,บางปะหัน,Bang Pahan,140717,บ้านขล้อ,Ban Khlo,13220
460,ภาคกลาง,14,พระนครศรีอยุธยา,Phra Nakhon Si Ayutthaya,1408,ผักไห่,Phak Hai,140801,ผักไห่,Phak Hai,13120
461,ภาคกลาง,14,พระนครศรีอยุธยา,Phra Nakhon Si Ayutthaya,1408,ผักไห่,Phak Hai,140802,อมฤต,Ammarit,13120
462,ภาคกลาง,14,พระนครศรีอยุธยา,Phra Nakhon Si Ayutthaya,1408,ผักไห่,Phak Hai,140803,บ้านแค,Ban Khae,13120
463,ภาคกลาง,14,พระนครศรีอยุธยา,Phra Nakhon Si Ayutthaya,1408,ผักไห่,Phak Hai,140804,ลาดน้ำเค็ม,Lat Nam Khem,13120
464,ภาคกลาง,14,พระนครศรีอยุธยา,Phra Nakhon Si Ayutthaya,1408,ผักไห่,Phak Hai,140805,ตาลาน,Ta Lan,13120
465,ภาคกลาง,14,พระนครศรีอยุธยา,Phra Nakhon Si Ayutthaya,1408,ผักไห่,Phak Hai,140806,ท่าดินแดง,Tha Din Daeng,13120
466,ภาคกลาง,14,พระนครศรีอยุธยา,Phra Nakhon Si Ayutthaya,1408,ผักไห่,Phak Hai,140807,ดอนลาน,Don Lan,13280
467,ภาคกลาง,14,พระนครศรีอยุธยา,Phra Nakhon Si Ayutthaya,1408,ผักไห่,Phak Hai,140808,นาคู,Na Khu,13280
468,ภาคกลาง,14,พระนครศรีอยุธยา,Phra Nakhon Si Ayutthaya,1408,ผักไห่,Phak Hai,140809,กุฎี,Ku Di,13120
469,ภาคกลาง,14,พระนครศรีอยุธยา,Phra Nakhon Si Ayutthaya,1408,ผักไห่,Phak Hai,140810,ลำตะเคียน,Lam Takhian,13280
470,ภาคกลาง,14,พระนครศรีอยุธยา,Phra Nakhon Si Ayutthaya,1408,ผักไห่,Phak Hai,140811,โคกช้าง,Khok Chang,13120
471,ภาคกลาง,14,พระนครศรีอยุธยา,Phra Nakhon Si Ayutthaya,1408,ผักไห่,Phak Hai,140812,จักราช,Chakkarat,13280
472,ภาคกลาง,14,พระนครศรีอยุธยา,Phra Nakhon Si Ayutthaya,1408,ผักไห่,Phak Hai,140813,หนองน้ำใหญ่,Nong Nam Yai,13280
473,ภาคกลาง,14,พระนครศรีอยุธยา,Phra Nakhon Si Ayutthaya,1408,ผักไห่,Phak Hai,140814,ลาดชิด,Lat Chit,13120
474,ภาคกลาง,14,พระนครศรีอยุธยา,Phra Nakhon Si Ayutthaya,1408,ผักไห่,Phak Hai,140815,หน้าโคก,Na Khok,13120
475,ภาคกลาง,14,พระนครศรีอยุธยา,Phra Nakhon Si Ayutthaya,1408,ผักไห่,Phak Hai,140816,บ้านใหญ่,Ban Yai,13120
476,ภาคกลาง,14,พระนครศรีอยุธยา,Phra Nakhon Si Ayutthaya,1409,ภาชี,Phachi,140901,ภาชี,Phachi,13140
477,ภาคกลาง,14,พระนครศรีอยุธยา,Phra Nakhon Si Ayutthaya,1409,ภาชี,Phachi,140902,โคกม่วง,Khok Muang,13140
478,ภาคกลาง,14,พระนครศรีอยุธยา,Phra Nakhon Si Ayutthaya,1409,ภาชี,Phachi,140903,ระโสม,Rasom,13140
479,ภาคกลาง,14,พระนครศรีอยุธยา,Phra Nakhon Si Ayutthaya,1409,ภาชี,Phachi,140904,หนองน้ำใส,Nong Nam Sai,13140
480,ภาคกลาง,14,พระนครศรีอยุธยา,Phra Nakhon Si Ayutthaya,1409,ภาชี,Phachi,140905,ดอนหญ้านาง,Don Ya Nang,13140
481,ภาคกลาง,14,พระนครศรีอยุธยา,Phra Nakhon Si Ayutthaya,1409,ภาชี,Phachi,140906,ไผ่ล้อม,Phai Lom,13140
482,ภาคกลาง,14,พระนครศรีอยุธยา,Phra Nakhon Si Ayutthaya,1409,ภาชี,Phachi,140907,กระจิว,Krachio,13140
483,ภาคกลาง,14,พระนครศรีอยุธยา,Phra Nakhon Si Ayutthaya,1409,ภาชี,Phachi,140908,พระแก้ว,Phra Kaeo,13140
484,ภาคกลาง,14,พระนครศรีอยุธยา,Phra Nakhon Si Ayutthaya,1410,ลาดบัวหลวง,Lat Bua Luang,141001,ลาดบัวหลวง,Lat Bua Luang,13230
485,ภาคกลาง,14,พระนครศรีอยุธยา,Phra Nakhon Si Ayutthaya,1410,ลาดบัวหลวง,Lat Bua Luang,141002,หลักชัย,Lak Chai,13230
486,ภาคกลาง,14,พระนครศรีอยุธยา,Phra Nakhon Si Ayutthaya,1410,ลาดบัวหลวง,Lat Bua Luang,141003,สามเมือง,Sam Mueang,13230
487,ภาคกลาง,14,พระนครศรีอยุธยา,Phra Nakhon Si Ayutthaya,1410,ลาดบัวหลวง,Lat Bua Luang,141004,พระยาบันลือ,Phraya Banlue,13230
488,ภาคกลาง,14,พระนครศรีอยุธยา,Phra Nakhon Si Ayutthaya,1410,ลาดบัวหลวง,Lat Bua Luang,141005,สิงหนาท,Singhanat,13230
489,ภาคกลาง,14,พระนครศรีอยุธยา,Phra Nakhon Si Ayutthaya,1410,ลาดบัวหลวง,Lat Bua Luang,141006,คู้สลอด,Khu Salot,13230
490,ภาคกลาง,14,พระนครศรีอยุธยา,Phra Nakhon Si Ayutthaya,1410,ลาดบัวหลวง,Lat Bua Luang,141007,คลองพระยาบันลือ,Khlong Phraya Banlue,13230
491,ภาคกลาง,14,พระนครศรีอยุธยา,Phra Nakhon Si Ayutthaya,1411,วังน้อย,Wang Noi,141101,ลำตาเสา,Lam Ta Sao,13170
492,ภาคกลาง,14,พระนครศรีอยุธยา,Phra Nakhon Si Ayutthaya,1411,วังน้อย,Wang Noi,141102,บ่อตาโล่,Bo Ta Lo,13170
493,ภาคกลาง,14,พระนครศรีอยุธยา,Phra Nakhon Si Ayutthaya,1411,วังน้อย,Wang Noi,141103,วังน้อย,Wang Noi,13170
494,ภาคกลาง,14,พระนครศรีอยุธยา,Phra Nakhon Si Ayutthaya,1411,วังน้อย,Wang Noi,141104,ลำไทร,Lam Sai,13170
495,ภาคกลาง,14,พระนครศรีอยุธยา,Phra Nakhon Si Ayutthaya,1411,วังน้อย,Wang Noi,141105,สนับทึบ,Sanap Thuep,13170
496,ภาคกลาง,14,พระนครศรีอยุธยา,Phra Nakhon Si Ayutthaya,1411,วังน้อย,Wang Noi,141106,พยอม,Phayom,13170
497,ภาคกลาง,14,พระนครศรีอยุธยา,Phra Nakhon Si Ayutthaya,1411,วังน้อย,Wang Noi,141107,หันตะเภา,Han Taphao,13170
498,ภาคกลาง,14,พระนครศรีอยุธยา,Phra Nakhon Si Ayutthaya,1411,วังน้อย,Wang Noi,141108,วังจุฬา,Wang Chula,13170
499,ภาคกลาง,14,พระนครศรีอยุธยา,Phra Nakhon Si Ayutthaya,1411,วังน้อย,Wang Noi,141109,ข้าวงาม,Khao Ngam,13170
500,ภาคกลาง,14,พระนครศรีอยุธยา,Phra Nakhon Si Ayutthaya,1411,วังน้อย,Wang Noi,141110,ชะแมบ,Chamaep,13170
501,ภาคกลาง,14,พระนครศรีอยุธยา,Phra Nakhon Si Ayutthaya,1412,เสนา,Sena,141201,เสนา,Sena,13110
502,ภาคกลาง,14,พระนครศรีอยุธยา,Phra Nakhon Si Ayutthaya,1412,เสนา,Sena,141202,บ้านแพน,Ban Phaen,13110
503,ภาคกลาง,14,พระนครศรีอยุธยา,Phra Nakhon Si Ayutthaya,1412,เสนา,Sena,141203,เจ้าเจ็ด,Chao Chet,13110
504,ภาคกลาง,14,พระนครศรีอยุธยา,Phra Nakhon Si Ayutthaya,1412,เสนา,Sena,141204,สามกอ,Sam Ko,13110
505,ภาคกลาง,14,พระนครศรีอยุธยา,Phra Nakhon Si Ayutthaya,1412,เสนา,Sena,141205,บางนมโค,Bang Nom Kho,13110
506,ภาคกลาง,14,พระนครศรีอยุธยา,Phra Nakhon Si Ayutthaya,1412,เสนา,Sena,141206,หัวเวียง,Hua Wiang,13110
507,ภาคกลาง,14,พระนครศรีอยุธยา,Phra Nakhon Si Ayutthaya,1412,เสนา,Sena,141207,มารวิชัย,Man Wichai,13110
508,ภาคกลาง,14,พระนครศรีอยุธยา,Phra Nakhon Si Ayutthaya,1412,เสนา,Sena,141208,บ้านโพธิ์,Ban Pho,13110
509,ภาคกลาง,14,พระนครศรีอยุธยา,Phra Nakhon Si Ayutthaya,1412,เสนา,Sena,141209,รางจรเข้,Rang Chorakhe,13110
510,ภาคกลาง,14,พระนครศรีอยุธยา,Phra Nakhon Si Ayutthaya,1412,เสนา,Sena,141210,บ้านกระทุ่ม,Ban Krathum,13110
511,ภาคกลาง,14,พระนครศรีอยุธยา,Phra Nakhon Si Ayutthaya,1412,เสนา,Sena,141211,บ้านแถว,Ban Thaeo,13110
512,ภาคกลาง,14,พระนครศรีอยุธยา,Phra Nakhon Si Ayutthaya,1412,เสนา,Sena,141212,ชายนา,Chai Na,13110
513,ภาคกลาง,14,พระนครศรีอยุธยา,Phra Nakhon Si Ayutthaya,1412,เสนา,Sena,141213,สามตุ่ม,Sam Tum,13110
514,ภาคกลาง,14,พระนครศรีอยุธยา,Phra Nakhon Si Ayutthaya,1412,เสนา,Sena,141214,ลาดงา,Lat Nga,13110
515,ภาคกลาง,14,พระนครศรีอยุธยา,Phra Nakhon Si Ayutthaya,1412,เสนา,Sena,141215,ดอนทอง,Don Thong,13110
516,ภาคกลาง,14,พระนครศรีอยุธยา,Phra Nakhon Si Ayutthaya,1412,เสนา,Sena,141216,บ้านหลวง,Ban Luang,13110
517,ภาคกลาง,14,พระนครศรีอยุธยา,Phra Nakhon Si Ayutthaya,1412,เสนา,Sena,141217,เจ้าเสด็จ,Chao Sadet,13110
518,ภาคกลาง,14,พระนครศรีอยุธยา,Phra Nakhon Si Ayutthaya,1413,บางซ้าย,Bang Sai,141301,บางซ้าย,Bang Sai,13270
519,ภาคกลาง,14,พระนครศรีอยุธยา,Phra Nakhon Si Ayutthaya,1413,บางซ้าย,Bang Sai,141302,แก้วฟ้า,Kaeo Fa,13270
520,ภาคกลาง,14,พระนครศรีอยุธยา,Phra Nakhon Si Ayutthaya,1413,บางซ้าย,Bang Sai,141303,เต่าเล่า,Tao Lao,13270
521,ภาคกลาง,14,พระนครศรีอยุธยา,Phra Nakhon Si Ayutthaya,1413,บางซ้าย,Bang Sai,141304,ปลายกลัด,Plai Klat,13270
522,ภาคกลาง,14,พระนครศรีอยุธยา,Phra Nakhon Si Ayutthaya,1413,บางซ้าย,Bang Sai,141305,เทพมงคล,Thep Mongkhon,13270
523,ภาคกลาง,14,พระนครศรีอยุธยา,Phra Nakhon Si Ayutthaya,1413,บางซ้าย,Bang Sai,141306,วังพัฒนา,Wang Phatthana,13270
524,ภาคกลาง,14,พระนครศรีอยุธยา,Phra Nakhon Si Ayutthaya,1414,อุทัย,Uthai,141401,คานหาม,Khan Ham,13210
525,ภาคกลาง,14,พระนครศรีอยุธยา,Phra Nakhon Si Ayutthaya,1414,อุทัย,Uthai,141402,บ้านช้าง,Ban Chang,13210
526,ภาคกลาง,14,พระนครศรีอยุธยา,Phra Nakhon Si Ayutthaya,1414,อุทัย,Uthai,141403,สามบัณฑิต,Sam Bandit,13210
527,ภาคกลาง,14,พระนครศรีอยุธยา,Phra Nakhon Si Ayutthaya,1414,อุทัย,Uthai,141404,บ้านหีบ,Ban Hip,13210
528,ภาคกลาง,14,พระนครศรีอยุธยา,Phra Nakhon Si Ayutthaya,1414,อุทัย,Uthai,141405,หนองไม้ซุง,Nong Mai Sung,13210
529,ภาคกลาง,14,พระนครศรีอยุธยา,Phra Nakhon Si Ayutthaya,1414,อุทัย,Uthai,141406,อุทัย,Uthai,13210
530,ภาคกลาง,14,พระนครศรีอยุธยา,Phra Nakhon Si Ayutthaya,1414,อุทัย,Uthai,141407,เสนา,Sena,13210
531,ภาคกลาง,14,พระนครศรีอยุธยา,Phra Nakhon Si Ayutthaya,1414,อุทัย,Uthai,141408,หนองน้ำส้ม,Nong Nam Som,13210
532,ภาคกลาง,14,พระนครศรีอยุธยา,Phra Nakhon Si Ayutthaya,1414,อุทัย,Uthai,141409,โพสาวหาญ,Pho Sao Han,13210
533,ภาคกลาง,14,พระนครศรีอยุธยา,Phra Nakhon Si Ayutthaya,1414,อุทัย,Uthai,141410,ธนู,Thanu,13210
534,ภาคกลาง,14,พระนครศรีอยุธยา,Phra Nakhon Si Ayutthaya,1414,อุทัย,Uthai,141411,ข้าวเม่า,Khao Mao,13210
535,ภาคกลาง,14,พระนครศรีอยุธยา,Phra Nakhon Si Ayutthaya,1415,มหาราช,Maha Rat,141501,หัวไผ่,Hua Phai,13150
536,ภาคกลาง,14,พระนครศรีอยุธยา,Phra Nakhon Si Ayutthaya,1415,มหาราช,Maha Rat,141502,กะทุ่ม,Kathum,13150
537,ภาคกลาง,14,พระนครศรีอยุธยา,Phra Nakhon Si Ayutthaya,1415,มหาราช,Maha Rat,141503,มหาราช,Maharat,13150
538,ภาคกลาง,14,พระนครศรีอยุธยา,Phra Nakhon Si Ayutthaya,1415,มหาราช,Maha Rat,141504,น้ำเต้า,Namtao,13150
539,ภาคกลาง,14,พระนครศรีอยุธยา,Phra Nakhon Si Ayutthaya,1415,มหาราช,Maha Rat,141505,บางนา,Bang Na,13150
540,ภาคกลาง,14,พระนครศรีอยุธยา,Phra Nakhon Si Ayutthaya,1415,มหาราช,Maha Rat,141506,โรงช้าง,Rong Chang,13150
541,ภาคกลาง,14,พระนครศรีอยุธยา,Phra Nakhon Si Ayutthaya,1415,มหาราช,Maha Rat,141507,เจ้าปลุก,Chao Pluk,13150
542,ภาคกลาง,14,พระนครศรีอยุธยา,Phra Nakhon Si Ayutthaya,1415,มหาราช,Maha Rat,141508,พิตเพียน,Phit Phian,13150
543,ภาคกลาง,14,พระนครศรีอยุธยา,Phra Nakhon Si Ayutthaya,1415,มหาราช,Maha Rat,141509,บ้านนา,Ban Na,13150
544,ภาคกลาง,14,พระนครศรีอยุธยา,Phra Nakhon Si Ayutthaya,1415,มหาราช,Maha Rat,141510,บ้านขวาง,Ban Khwang,13150
545,ภาคกลาง,14,พระนครศรีอยุธยา,Phra Nakhon Si Ayutthaya,1415,มหาราช,Maha Rat,141511,ท่าตอ,Tha To,13150
546,ภาคกลาง,14,พระนครศรีอยุธยา,Phra Nakhon Si Ayutthaya,1415,มหาราช,Maha Rat,141512,บ้านใหม่,Ban Mai,13150
547,ภาคกลาง,14,พระนครศรีอยุธยา,Phra Nakhon Si Ayutthaya,1416,บ้านแพรก,Ban Phraek,141601,บ้านแพรก,Ban Phraek,13240
548,ภาคกลาง,14,พระนครศรีอยุธยา,Phra Nakhon Si Ayutthaya,1416,บ้านแพรก,Ban Phraek,141602,บ้านใหม่,Ban Mai,13240
549,ภาคกลาง,14,พระนครศรีอยุธยา,Phra Nakhon Si Ayutthaya,1416,บ้านแพรก,Ban Phraek,141603,สำพะเนียง,Sam Phaniang,13240
550,ภาคกลาง,14,พระนครศรีอยุธยา,Phra Nakhon Si Ayutthaya,1416,บ้านแพรก,Ban Phraek,141604,คลองน้อย,Khlong Noi,13240
551,ภาคกลาง,14,พระนครศรีอยุธยา,Phra Nakhon Si Ayutthaya,1416,บ้านแพรก,Ban Phraek,141605,สองห้อง,Song Hong,13240
552,ภาคกลาง,15,อ่างทอง,Ang Thong,1501,เมืองอ่างทอง,Mueang Ang Thong,150101,ตลาดหลวง,Talat Luang,14000
553,ภาคกลาง,15,อ่างทอง,Ang Thong,1501,เมืองอ่างทอง,Mueang Ang Thong,150102,บางแก้ว,Bang Kaeo,14000
554,ภาคกลาง,15,อ่างทอง,Ang Thong,1501,เมืองอ่างทอง,Mueang Ang Thong,150103,ศาลาแดง,Sala Daeng,14000
555,ภาคกลาง,15,อ่างทอง,Ang Thong,1501,เมืองอ่างทอง,Mueang Ang Thong,150104,ป่างิ้ว,Pa Ngio,14000
556,ภาคกลาง,15,อ่างทอง,Ang Thong,1501,เมืองอ่างทอง,Mueang Ang Thong,150105,บ้านแห,Ban Hae,14000
557,ภาคกลาง,15,อ่างทอง,Ang Thong,1501,เมืองอ่างทอง,Mueang Ang Thong,150106,ตลาดกรวด,Talat Kruat,14000
558,ภาคกลาง,15,อ่างทอง,Ang Thong,1501,เมืองอ่างทอง,Mueang Ang Thong,150107,มหาดไทย,Mahatthai,14000
559,ภาคกลาง,15,อ่างทอง,Ang Thong,1501,เมืองอ่างทอง,Mueang Ang Thong,150108,บ้านอิฐ,Ban It,14000
560,ภาคกลาง,15,อ่างทอง,Ang Thong,1501,เมืองอ่างทอง,Mueang Ang Thong,150109,หัวไผ่,Hua Phai,14000
561,ภาคกลาง,15,อ่างทอง,Ang Thong,1501,เมืองอ่างทอง,Mueang Ang Thong,150110,จำปาหล่อ,Champa Lo,14000
562,ภาคกลาง,15,อ่างทอง,Ang Thong,1501,เมืองอ่างทอง,Mueang Ang Thong,150111,โพสะ,Pho Sa,14000
563,ภาคกลาง,15,อ่างทอง,Ang Thong,1501,เมืองอ่างทอง,Mueang Ang Thong,150112,บ้านรี,Ban Ri,14000
564,ภาคกลาง,15,อ่างทอง,Ang Thong,1501,เมืองอ่างทอง,Mueang Ang Thong,150113,คลองวัว,Khlong Wua,14000
565,ภาคกลาง,15,อ่างทอง,Ang Thong,1501,เมืองอ่างทอง,Mueang Ang Thong,150114,ย่านซื่อ,Yan Sue,14000
566,ภาคกลาง,15,อ่างทอง,Ang Thong,1502,ไชโย,Chaiyo,150201,จรเข้ร้อง,Chorakhe Rong,14140
567,ภาคกลาง,15,อ่างทอง,Ang Thong,1502,ไชโย,Chaiyo,150202,ไชยภูมิ,Chaiyaphum,14140
568,ภาคกลาง,15,อ่างทอง,Ang Thong,1502,ไชโย,Chaiyo,150203,ชัยฤทธิ์,Chaiyarit,14140
569,ภาคกลาง,15,อ่างทอง,Ang Thong,1502,ไชโย,Chaiyo,150204,เทวราช,Thewarat,14140
570,ภาคกลาง,15,อ่างทอง,Ang Thong,1502,ไชโย,Chaiyo,150205,ราชสถิตย์,Ratsathit,14140
571,ภาคกลาง,15,อ่างทอง,Ang Thong,1502,ไชโย,Chaiyo,150206,ไชโย,Chaiyo,14140
572,ภาคกลาง,15,อ่างทอง,Ang Thong,1502,ไชโย,Chaiyo,150207,หลักฟ้า,Lak Fa,14140
573,ภาคกลาง,15,อ่างทอง,Ang Thong,1502,ไชโย,Chaiyo,150208,ชะไว,Chawai,14140
574,ภาคกลาง,15,อ่างทอง,Ang Thong,1502,ไชโย,Chaiyo,150209,ตรีณรงค์,Tri Narong,14140
575,ภาคกลาง,15,อ่างทอง,Ang Thong,1503,ป่าโมก,Pa Mok,150301,บางปลากด,Bang Pla Kot,14130
576,ภาคกลาง,15,อ่างทอง,Ang Thong,1503,ป่าโมก,Pa Mok,150302,ป่าโมก,Pa Mok,14130
577,ภาคกลาง,15,อ่างทอง,Ang Thong,1503,ป่าโมก,Pa Mok,150303,สายทอง,Sai Thong,14130
578,ภาคกลาง,15,อ่างทอง,Ang Thong,1503,ป่าโมก,Pa Mok,150304,โรงช้าง,Rong Chang,14130
579,ภาคกลาง,15,อ่างทอง,Ang Thong,1503,ป่าโมก,Pa Mok,150305,บางเสด็จ,Bang Sadet,14130
580,ภาคกลาง,15,อ่างทอง,Ang Thong,1503,ป่าโมก,Pa Mok,150306,นรสิงห์,Norasing,14130
581,ภาคกลาง,15,อ่างทอง,Ang Thong,1503,ป่าโมก,Pa Mok,150307,เอกราช,Ekkarat,14130
582,ภาคกลาง,15,อ่างทอง,Ang Thong,1503,ป่าโมก,Pa Mok,150308,โผงเผง,Phong Pheng,14130
583,ภาคกลาง,15,อ่างทอง,Ang Thong,1504,โพธิ์ทอง,Pho Thong,150401,อ่างแก้ว,Ang Kaeo,14120
584,ภาคกลาง,15,อ่างทอง,Ang Thong,1504,โพธิ์ทอง,Pho Thong,150402,อินทประมูล,Inthapramun,14120
585,ภาคกลาง,15,อ่างทอง,Ang Thong,1504,โพธิ์ทอง,Pho Thong,150403,บางพลับ,Bang Phlap,14120
586,ภาคกลาง,15,อ่างทอง,Ang Thong,1504,โพธิ์ทอง,Pho Thong,150404,หนองแม่ไก่,Nong Mae Kai,14120
587,ภาคกลาง,15,อ่างทอง,Ang Thong,1504,โพธิ์ทอง,Pho Thong,150405,รำมะสัก,Ram Masak,14120
588,ภาคกลาง,15,อ่างทอง,Ang Thong,1504,โพธิ์ทอง,Pho Thong,150406,บางระกำ,Bang Rakam,14120
589,ภาคกลาง,15,อ่างทอง,Ang Thong,1504,โพธิ์ทอง,Pho Thong,150407,โพธิ์รังนก,Pho Rang Nok,14120
590,ภาคกลาง,15,อ่างทอง,Ang Thong,1504,โพธิ์ทอง,Pho Thong,150408,องครักษ์,Ongkharak,14120
591,ภาคกลาง,15,อ่างทอง,Ang Thong,1504,โพธิ์ทอง,Pho Thong,150409,โคกพุทรา,Khok Phutsa,14120
592,ภาคกลาง,15,อ่างทอง,Ang Thong,1504,โพธิ์ทอง,Pho Thong,150410,ยางช้าย,Yang Chai,14120
593,ภาคกลาง,15,อ่างทอง,Ang Thong,1504,โพธิ์ทอง,Pho Thong,150411,บ่อแร่,Bo Rae,14120
594,ภาคกลาง,15,อ่างทอง,Ang Thong,1504,โพธิ์ทอง,Pho Thong,150412,ทางพระ,Thang Phra,14120
595,ภาคกลาง,15,อ่างทอง,Ang Thong,1504,โพธิ์ทอง,Pho Thong,150413,สามง่าม,Sam Ngam,14120
596,ภาคกลาง,15,อ่างทอง,Ang Thong,1504,โพธิ์ทอง,Pho Thong,150414,บางเจ้าฉ่า,Bang Chao Cha,14120
597,ภาคกลาง,15,อ่างทอง,Ang Thong,1504,โพธิ์ทอง,Pho Thong,150415,คำหยาด,Kham Yat,14120
598,ภาคกลาง,15,อ่างทอง,Ang Thong,1505,แสวงหา,Sawaeng Ha,150501,แสวงหา,Sawaeng Ha,14150
599,ภาคกลาง,15,อ่างทอง,Ang Thong,1505,แสวงหา,Sawaeng Ha,150502,ศรีพราน,Si Phran,14150
600,ภาคกลาง,15,อ่างทอง,Ang Thong,1505,แสวงหา,Sawaeng Ha,150503,บ้านพราน,Ban Phran,14150
601,ภาคกลาง,15,อ่างทอง,Ang Thong,1505,แสวงหา,Sawaeng Ha,150504,วังน้ำเย็น,Wang Nam Yen,14150
602,ภาคกลาง,15,อ่างทอง,Ang Thong,1505,แสวงหา,Sawaeng Ha,150505,สีบัวทอง,Si Bua Thong,14150
603,ภาคกลาง,15,อ่างทอง,Ang Thong,1505,แสวงหา,Sawaeng Ha,150506,ห้วยไผ่,Huai Phai,14150
604,ภาคกลาง,15,อ่างทอง,Ang Thong,1505,แสวงหา,Sawaeng Ha,150507,จำลอง,Chamlong,14150
605,ภาคกลาง,15,อ่างทอง,Ang Thong,1506,วิเศษชัยชาญ,Wiset Chai Chan,150601,ไผ่จำศิล,Phai Chamsin,14110
606,ภาคกลาง,15,อ่างทอง,Ang Thong,1506,วิเศษชัยชาญ,Wiset Chai Chan,150602,ศาลเจ้าโรงทอง,San Chao Rong Thong,14110
607,ภาคกลาง,15,อ่างทอง,Ang Thong,1506,วิเศษชัยชาญ,Wiset Chai Chan,150603,ไผ่ดำพัฒนา,Phai Dam Patthana,14110
608,ภาคกลาง,15,อ่างทอง,Ang Thong,1506,วิเศษชัยชาญ,Wiset Chai Chan,150604,สาวร้องไห้,Sao Rong Hai,14110
609,ภาคกลาง,15,อ่างทอง,Ang Thong,1506,วิเศษชัยชาญ,Wiset Chai Chan,150605,ท่าช้าง,Tha Chang,14110
610,ภาคกลาง,15,อ่างทอง,Ang Thong,1506,วิเศษชัยชาญ,Wiset Chai Chan,150606,ยี่ล้น,Yi Lon,14110
611,ภาคกลาง,15,อ่างทอง,Ang Thong,1506,วิเศษชัยชาญ,Wiset Chai Chan,150607,บางจัก,Bang Chak,14110
612,ภาคกลาง,15,อ่างทอง,Ang Thong,1506,วิเศษชัยชาญ,Wiset Chai Chan,150608,ห้วยคันแหลน,Huai Khan Laen,14110
613,ภาคกลาง,15,อ่างทอง,Ang Thong,1506,วิเศษชัยชาญ,Wiset Chai Chan,150609,คลองขนาก,Khlong Khanak,14110
614,ภาคกลาง,15,อ่างทอง,Ang Thong,1506,วิเศษชัยชาญ,Wiset Chai Chan,150610,ไผ่วง,Phai Wong,14110
615,ภาคกลาง,15,อ่างทอง,Ang Thong,1506,วิเศษชัยชาญ,Wiset Chai Chan,150611,สี่ร้อย,Si Roi,14110
616,ภาคกลาง,15,อ่างทอง,Ang Thong,1506,วิเศษชัยชาญ,Wiset Chai Chan,150612,ม่วงเตี้ย,Muang Tia,14110
617,ภาคกลาง,15,อ่างทอง,Ang Thong,1506,วิเศษชัยชาญ,Wiset Chai Chan,150613,หัวตะพาน,Hua Taphan,14110
618,ภาคกลาง,15,อ่างทอง,Ang Thong,1506,วิเศษชัยชาญ,Wiset Chai Chan,150614,หลักแก้ว,Lak Kaeo,14110
619,ภาคกลาง,15,อ่างทอง,Ang Thong,1506,วิเศษชัยชาญ,Wiset Chai Chan,150615,ตลาดใหม่,Talat Mai,14110
620,ภาคกลาง,15,อ่างทอง,Ang Thong,1507,สามโก้,Samko,150701,สามโก้,Sam Ko,14160
621,ภาคกลาง,15,อ่างทอง,Ang Thong,1507,สามโก้,Samko,150702,ราษฎรพัฒนา,Ratsadon Phatthana,14160
622,ภาคกลาง,15,อ่างทอง,Ang Thong,1507,สามโก้,Samko,150703,อบทม,Optom,14160
623,ภาคกลาง,15,อ่างทอง,Ang Thong,1507,สามโก้,Samko,150704,โพธิ์ม่วงพันธ์,Pho Muang Phan,14160
624,ภาคกลาง,15,อ่างทอง,Ang Thong,1507,สามโก้,Samko,150705,มงคลธรรมนิมิต,Mongkhontham Nimit,14160
625,ภาคกลาง,16,ลพบุรี,Loburi,1601,เมืองลพบุรี,Mueang Lop Buri,160101,ทะเลชุบศร,Thale Chup Son,15000
626,ภาคกลาง,16,ลพบุรี,Loburi,1601,เมืองลพบุรี,Mueang Lop Buri,160102,ท่าหิน,Tha Hin,15000
627,ภาคกลาง,16,ลพบุรี,Loburi,1601,เมืองลพบุรี,Mueang Lop Buri,160103,กกโก,Kok Ko,15000
628,ภาคกลาง,16,ลพบุรี,Loburi,1601,เมืองลพบุรี,Mueang Lop Buri,160104,โก่งธนู,Kong Thanu,13240
629,ภาคกลาง,16,ลพบุรี,Loburi,1601,เมืองลพบุรี,Mueang Lop Buri,160105,เขาพระงาม,Khao Phra Ngam,15000
630,ภาคกลาง,16,ลพบุรี,Loburi,1601,เมืองลพบุรี,Mueang Lop Buri,160106,เขาสามยอด,Khao Sam Yot,15000
631,ภาคกลาง,16,ลพบุรี,Loburi,1601,เมืองลพบุรี,Mueang Lop Buri,160107,โคกกะเทียม,Khok Kathiam,15000
632,ภาคกลาง,16,ลพบุรี,Loburi,1601,เมืองลพบุรี,Mueang Lop Buri,160108,โคกลำพาน,Khok Lamphan,15000
633,ภาคกลาง,16,ลพบุรี,Loburi,1601,เมืองลพบุรี,Mueang Lop Buri,160109,โคกตูม,Khok Tum,15210
634,ภาคกลาง,16,ลพบุรี,Loburi,1601,เมืองลพบุรี,Mueang Lop Buri,160110,งิ้วราย,Ngio Rai,15000
635,ภาคกลาง,16,ลพบุรี,Loburi,1601,เมืองลพบุรี,Mueang Lop Buri,160111,ดอนโพธิ์,Don Pho,15000
636,ภาคกลาง,16,ลพบุรี,Loburi,1601,เมืองลพบุรี,Mueang Lop Buri,160112,ตะลุง,Talung,15000
637,ภาคกลาง,16,ลพบุรี,Loburi,1601,เมืองลพบุรี,Mueang Lop Buri,160114,ท่าแค,Tha Khae,15000
638,ภาคกลาง,16,ลพบุรี,Loburi,1601,เมืองลพบุรี,Mueang Lop Buri,160115,ท่าศาลา,Tha Sala,15000
639,ภาคกลาง,16,ลพบุรี,Loburi,1601,เมืองลพบุรี,Mueang Lop Buri,160116,นิคมสร้างตนเอง,Nikhom Sang Ton-Eng,15000
640,ภาคกลาง,16,ลพบุรี,Loburi,1601,เมืองลพบุรี,Mueang Lop Buri,160117,บางขันหมาก,Bang Khan Mak,15000
641,ภาคกลาง,16,ลพบุรี,Loburi,1601,เมืองลพบุรี,Mueang Lop Buri,160118,บ้านข่อย,Ban Khoi,15000
642,ภาคกลาง,16,ลพบุรี,Loburi,1601,เมืองลพบุรี,Mueang Lop Buri,160119,ท้ายตลาด,Thai Talat,15000
643,ภาคกลาง,16,ลพบุรี,Loburi,1601,เมืองลพบุรี,Mueang Lop Buri,160120,ป่าตาล,Pa Tan,15000
644,ภาคกลาง,16,ลพบุรี,Loburi,1601,เมืองลพบุรี,Mueang Lop Buri,160121,พรหมมาสตร์,Phrommat,15000
645,ภาคกลาง,16,ลพบุรี,Loburi,1601,เมืองลพบุรี,Mueang Lop Buri,160122,โพธิ์เก้าต้น,Pho Kao Ton,15000
646,ภาคกลาง,16,ลพบุรี,Loburi,1601,เมืองลพบุรี,Mueang Lop Buri,160123,โพธิ์ตรุ,Pho Tru,15000
647,ภาคกลาง,16,ลพบุรี,Loburi,1601,เมืองลพบุรี,Mueang Lop Buri,160124,สี่คลอง,Si Khlong,15000
648,ภาคกลาง,16,ลพบุรี,Loburi,1601,เมืองลพบุรี,Mueang Lop Buri,160125,ถนนใหญ่,Thanon Yai,15000
649,ภาคกลาง,16,ลพบุรี,Loburi,1602,พัฒนานิคม,Phatthana Nikhom,160201,พัฒนานิคม,Phatthana Nikhom,15140
650,ภาคกลาง,16,ลพบุรี,Loburi,1602,พัฒนานิคม,Phatthana Nikhom,160202,ช่องสาริกา,Chong Sarika,15220
651,ภาคกลาง,16,ลพบุรี,Loburi,1602,พัฒนานิคม,Phatthana Nikhom,160203,มะนาวหวาน,Manao Wan,15140
652,ภาคกลาง,16,ลพบุรี,Loburi,1602,พัฒนานิคม,Phatthana Nikhom,160204,ดีลัง,Di Lang,15220
653,ภาคกลาง,16,ลพบุรี,Loburi,1602,พัฒนานิคม,Phatthana Nikhom,160205,โคกสลุง,Khok Salung,15140
654,ภาคกลาง,16,ลพบุรี,Loburi,1602,พัฒนานิคม,Phatthana Nikhom,160206,ชอนน้อย,Chon Noi,15140
655,ภาคกลาง,16,ลพบุรี,Loburi,1602,พัฒนานิคม,Phatthana Nikhom,160207,หนองบัว,Nong Bua,15140
656,ภาคกลาง,16,ลพบุรี,Loburi,1602,พัฒนานิคม,Phatthana Nikhom,160208,ห้วยขุนราม,Huai Khun Ram,18220
657,ภาคกลาง,16,ลพบุรี,Loburi,1602,พัฒนานิคม,Phatthana Nikhom,160209,น้ำสุด,Nam Sut,15140
658,ภาคกลาง,16,ลพบุรี,Loburi,1603,โคกสำโรง,Khok Samrong,160301,โคกสำโรง,Khok Samrong,15120
659,ภาคกลาง,16,ลพบุรี,Loburi,1603,โคกสำโรง,Khok Samrong,160302,เกาะแก้ว,Ko Kaeo,15120
660,ภาคกลาง,16,ลพบุรี,Loburi,1603,โคกสำโรง,Khok Samrong,160303,ถลุงเหล็ก,Thalung Lek,15120
661,ภาคกลาง,16,ลพบุรี,Loburi,1603,โคกสำโรง,Khok Samrong,160304,หลุมข้าว,Lum Khao,15120
662,ภาคกลาง,16,ลพบุรี,Loburi,1603,โคกสำโรง,Khok Samrong,160305,ห้วยโป่ง,Huai Pong,15120
663,ภาคกลาง,16,ลพบุรี,Loburi,1603,โคกสำโรง,Khok Samrong,160306,คลองเกตุ,Khlong Ket,15120
664,ภาคกลาง,16,ลพบุรี,Loburi,1603,โคกสำโรง,Khok Samrong,160307,สะแกราบ,Sakae Rap,15120
665,ภาคกลาง,16,ลพบุรี,Loburi,1603,โคกสำโรง,Khok Samrong,160308,เพนียด,Phaniat,15120
666,ภาคกลาง,16,ลพบุรี,Loburi,1603,โคกสำโรง,Khok Samrong,160309,วังเพลิง,Wang Phloeng,15120
667,ภาคกลาง,16,ลพบุรี,Loburi,1603,โคกสำโรง,Khok Samrong,160310,ดงมะรุม,Dong Marum,15120
668,ภาคกลาง,16,ลพบุรี,Loburi,1603,โคกสำโรง,Khok Samrong,160318,วังขอนขว้าง,Wang Khon Khwang,15120
669,ภาคกลาง,16,ลพบุรี,Loburi,1603,โคกสำโรง,Khok Samrong,160320,วังจั่น,Wang Chan,15120
670,ภาคกลาง,16,ลพบุรี,Loburi,1603,โคกสำโรง,Khok Samrong,160322,หนองแขม,Nong Khaem,15120
671,ภาคกลาง,16,ลพบุรี,Loburi,1604,ชัยบาดาล,Chai Badan,160401,ลำนารายณ์,Lam Narai,15130
672,ภาคกลาง,16,ลพบุรี,Loburi,1604,ชัยบาดาล,Chai Badan,160402,ชัยนารายณ์,Chai Narai,15130
673,ภาคกลาง,16,ลพบุรี,Loburi,1604,ชัยบาดาล,Chai Badan,160403,ศิลาทิพย์,Sila Thip,15130
674,ภาคกลาง,16,ลพบุรี,Loburi,1604,ชัยบาดาล,Chai Badan,160404,ห้วยหิน,Huai Hin,15130
675,ภาคกลาง,16,ลพบุรี,Loburi,1604,ชัยบาดาล,Chai Badan,160405,ม่วงค่อม,Muang Khom,15230
676,ภาคกลาง,16,ลพบุรี,Loburi,1604,ชัยบาดาล,Chai Badan,160406,บัวชุม,Bua Chum,15130
677,ภาคกลาง,16,ลพบุรี,Loburi,1604,ชัยบาดาล,Chai Badan,160407,ท่าดินดำ,Tha Din Dam,15130
678,ภาคกลาง,16,ลพบุรี,Loburi,1604,ชัยบาดาล,Chai Badan,160408,มะกอกหวาน,Makok Wan,15230
679,ภาคกลาง,16,ลพบุรี,Loburi,1604,ชัยบาดาล,Chai Badan,160409,ซับตะเคียน,Sap Takhian,15130
680,ภาคกลาง,16,ลพบุรี,Loburi,1604,ชัยบาดาล,Chai Badan,160410,นาโสม,Na Som,15190
681,ภาคกลาง,16,ลพบุรี,Loburi,1604,ชัยบาดาล,Chai Badan,160411,หนองยายโต๊ะ,Nong Yai To,15130
682,ภาคกลาง,16,ลพบุรี,Loburi,1604,ชัยบาดาล,Chai Badan,160412,เกาะรัง,Ko Rang,15130
683,ภาคกลาง,16,ลพบุรี,Loburi,1604,ชัยบาดาล,Chai Badan,160414,ท่ามะนาว,Tha Manao,15130
684,ภาคกลาง,16,ลพบุรี,Loburi,1604,ชัยบาดาล,Chai Badan,160417,นิคมลำนารายณ์,Nikhom Lam Narai,15130
685,ภาคกลาง,16,ลพบุรี,Loburi,1604,ชัยบาดาล,Chai Badan,160418,ชัยบาดาล,Chai Badan,15230
686,ภาคกลาง,16,ลพบุรี,Loburi,1604,ชัยบาดาล,Chai Badan,160419,บ้านใหม่สามัคคี,Ban Mai Samakkhi,15130
687,ภาคกลาง,16,ลพบุรี,Loburi,1604,ชัยบาดาล,Chai Badan,160422,เขาแหลม,Khao Laem,15130
688,ภาคกลาง,16,ลพบุรี,Loburi,1605,ท่าวุ้ง,Tha Wung,160501,ท่าวุ้ง,Tha Wung,15150
689,ภาคกลาง,16,ลพบุรี,Loburi,1605,ท่าวุ้ง,Tha Wung,160502,บางคู้,Bang Khu,15150
690,ภาคกลาง,16,ลพบุรี,Loburi,1605,ท่าวุ้ง,Tha Wung,160503,โพตลาดแก้ว,Pho Talat Kaeo,15150
691,ภาคกลาง,16,ลพบุรี,Loburi,1605,ท่าวุ้ง,Tha Wung,160504,บางลี่,Bang Li,15150
692,ภาคกลาง,16,ลพบุรี,Loburi,1605,ท่าวุ้ง,Tha Wung,160505,บางงา,Bang Nga,15150
693,ภาคกลาง,16,ลพบุรี,Loburi,1605,ท่าวุ้ง,Tha Wung,160506,โคกสลุด,Khok Salut,15150
694,ภาคกลาง,16,ลพบุรี,Loburi,1605,ท่าวุ้ง,Tha Wung,160507,เขาสมอคอน,Khao Samo Khon,15180
695,ภาคกลาง,16,ลพบุรี,Loburi,1605,ท่าวุ้ง,Tha Wung,160508,หัวสำโรง,Hua Samrong,15150
696,ภาคกลาง,16,ลพบุรี,Loburi,1605,ท่าวุ้ง,Tha Wung,160509,ลาดสาลี่,Lat Sali,15150
697,ภาคกลาง,16,ลพบุรี,Loburi,1605,ท่าวุ้ง,Tha Wung,160510,บ้านเบิก,Ban Boek,15150
698,ภาคกลาง,16,ลพบุรี,Loburi,1605,ท่าวุ้ง,Tha Wung,160511,มุจลินท์,Mutchalin,15150
699,ภาคกลาง,16,ลพบุรี,Loburi,1606,บ้านหมี่,Ban Mi,160601,ไผ่ใหญ่,Phai Yai,15110
700,ภาคกลาง,16,ลพบุรี,Loburi,1606,บ้านหมี่,Ban Mi,160602,บ้านทราย,Ban Sai,15110
701,ภาคกลาง,16,ลพบุรี,Loburi,1606,บ้านหมี่,Ban Mi,160603,บ้านกล้วย,Ban Kluai,15110
702,ภาคกลาง,16,ลพบุรี,Loburi,1606,บ้านหมี่,Ban Mi,160604,ดงพลับ,Dong Phlap,15110
703,ภาคกลาง,16,ลพบุรี,Loburi,1606,บ้านหมี่,Ban Mi,160605,บ้านชี,Ban Chi,15180
704,ภาคกลาง,16,ลพบุรี,Loburi,1606,บ้านหมี่,Ban Mi,160606,พุคา,Phu Kha,15110
705,ภาคกลาง,16,ลพบุรี,Loburi,1606,บ้านหมี่,Ban Mi,160607,หินปัก,Hin Pak,15110
706,ภาคกลาง,16,ลพบุรี,Loburi,1606,บ้านหมี่,Ban Mi,160608,บางพึ่ง,Bang Phueng,15110
707,ภาคกลาง,16,ลพบุรี,Loburi,1606,บ้านหมี่,Ban Mi,160609,หนองทรายขาว,Nong Sai Khao,15110
708,ภาคกลาง,16,ลพบุรี,Loburi,1606,บ้านหมี่,Ban Mi,160610,บางกะพี้,Bang Kaphi,15110
709,ภาคกลาง,16,ลพบุรี,Loburi,1606,บ้านหมี่,Ban Mi,160611,หนองเต่า,Nong Tao,15110
710,ภาคกลาง,16,ลพบุรี,Loburi,1606,บ้านหมี่,Ban Mi,160612,โพนทอง,Phon Thong,15110
711,ภาคกลาง,16,ลพบุรี,Loburi,1606,บ้านหมี่,Ban Mi,160613,บางขาม,Bang Kham,15180
712,ภาคกลาง,16,ลพบุรี,Loburi,1606,บ้านหมี่,Ban Mi,160614,ดอนดึง,Don Dueng,15110
713,ภาคกลาง,16,ลพบุรี,Loburi,1606,บ้านหมี่,Ban Mi,160615,ชอนม่วง,Chon Muang,15110
714,ภาคกลาง,16,ลพบุรี,Loburi,1606,บ้านหมี่,Ban Mi,160616,หนองกระเบียน,Nong Krabian,15110
715,ภาคกลาง,16,ลพบุรี,Loburi,1606,บ้านหมี่,Ban Mi,160617,สายห้วยแก้ว,Sai Huai Kaeo,15110
716,ภาคกลาง,16,ลพบุรี,Loburi,1606,บ้านหมี่,Ban Mi,160618,มหาสอน,Mahason,15110
717,ภาคกลาง,16,ลพบุรี,Loburi,1606,บ้านหมี่,Ban Mi,160619,บ้านหมี่,Ban Mi,15110
718,ภาคกลาง,16,ลพบุรี,Loburi,1606,บ้านหมี่,Ban Mi,160620,เชียงงา,Chiang Nga,15110
719,ภาคกลาง,16,ลพบุรี,Loburi,1606,บ้านหมี่,Ban Mi,160621,หนองเมือง,Nong Mueang,15110
720,ภาคกลาง,16,ลพบุรี,Loburi,1606,บ้านหมี่,Ban Mi,160622,สนามแจง,Sanam Chaeng,15110
721,ภาคกลาง,16,ลพบุรี,Loburi,1607,ท่าหลวง,Tha Luang,160701,ท่าหลวง,Tha Luang,15230
722,ภาคกลาง,16,ลพบุรี,Loburi,1607,ท่าหลวง,Tha Luang,160702,แก่งผักกูด,Kaeng Phak Kut,15230
723,ภาคกลาง,16,ลพบุรี,Loburi,1607,ท่าหลวง,Tha Luang,160703,ซับจำปา,Sap Champa,15230
724,ภาคกลาง,16,ลพบุรี,Loburi,1607,ท่าหลวง,Tha Luang,160704,หนองผักแว่น,Nong Phak Waen,15230
725,ภาคกลาง,16,ลพบุรี,Loburi,1607,ท่าหลวง,Tha Luang,160705,ทะเลวังวัด,Thale Wang Wat,15230
726,ภาคกลาง,16,ลพบุรี,Loburi,1607,ท่าหลวง,Tha Luang,160706,หัวลำ,Hua Lam,15230
727,ภาคกลาง,16,ลพบุรี,Loburi,1608,สระโบสถ์,Sa Bot,160801,สระโบสถ์,Sa Bot,15240
728,ภาคกลาง,16,ลพบุรี,Loburi,1608,สระโบสถ์,Sa Bot,160802,มหาโพธิ,Mahapho,15240
729,ภาคกลาง,16,ลพบุรี,Loburi,1608,สระโบสถ์,Sa Bot,160803,ทุ่งท่าช้าง,Thung Tha Chang,15240
730,ภาคกลาง,16,ลพบุรี,Loburi,1608,สระโบสถ์,Sa Bot,160804,ห้วยใหญ่,Huai Yai,15240
731,ภาคกลาง,16,ลพบุรี,Loburi,1608,สระโบสถ์,Sa Bot,160805,นิยมชัย,Niyom Chai,15240
732,ภาคกลาง,16,ลพบุรี,Loburi,1609,โคกเจริญ,Khok Charoen,160901,โคกเจริญ,Khok Charoen,15250
733,ภาคกลาง,16,ลพบุรี,Loburi,1609,โคกเจริญ,Khok Charoen,160902,ยางราก,Yang Rak,15250
734,ภาคกลาง,16,ลพบุรี,Loburi,1609,โคกเจริญ,Khok Charoen,160903,หนองมะค่า,Nong Makha,15250
735,ภาคกลาง,16,ลพบุรี,Loburi,1609,โคกเจริญ,Khok Charoen,160904,วังทอง,Wang Thong,15250
736,ภาคกลาง,16,ลพบุรี,Loburi,1609,โคกเจริญ,Khok Charoen,160905,โคกแสมสาร,Khok Samae San,15250
737,ภาคกลาง,16,ลพบุรี,Loburi,1610,ลำสนธิ,Lam Sonthi,161001,ลำสนธิ,Lam Sonthi,15190
738,ภาคกลาง,16,ลพบุรี,Loburi,1610,ลำสนธิ,Lam Sonthi,161002,ซับสมบูรณ์,Sap Sombun,15190
739,ภาคกลาง,16,ลพบุรี,Loburi,1610,ลำสนธิ,Lam Sonthi,161003,หนองรี,Nong Ri,15190
740,ภาคกลาง,16,ลพบุรี,Loburi,1610,ลำสนธิ,Lam Sonthi,161004,กุดตาเพชร,Kut Ta Phet,15190
741,ภาคกลาง,16,ลพบุรี,Loburi,1610,ลำสนธิ,Lam Sonthi,161005,เขารวก,Khao Ruak,15190
742,ภาคกลาง,16,ลพบุรี,Loburi,1610,ลำสนธิ,Lam Sonthi,161006,เขาน้อย,Khao Noi,15130
743,ภาคกลาง,16,ลพบุรี,Loburi,1611,หนองม่วง,Nong Muang,161101,หนองม่วง,Nong Muang,15170
744,ภาคกลาง,16,ลพบุรี,Loburi,1611,หนองม่วง,Nong Muang,161102,บ่อทอง,Bo Thong,15170
745,ภาคกลาง,16,ลพบุรี,Loburi,1611,หนองม่วง,Nong Muang,161103,ดงดินแดง,Dong Din Daeng,15170
746,ภาคกลาง,16,ลพบุรี,Loburi,1611,หนองม่วง,Nong Muang,161104,ชอนสมบูรณ์,Chon Sombun,15170
747,ภาคกลาง,16,ลพบุรี,Loburi,1611,หนองม่วง,Nong Muang,161105,ยางโทน,Yang Thon,15170
748,ภาคกลาง,16,ลพบุรี,Loburi,1611,หนองม่วง,Nong Muang,161106,ชอนสารเดช,Chon Saradet,15170
749,ภาคกลาง,17,สิงห์บุรี,Sing Buri,1701,เมืองสิงห์บุรี,Mueang Sing Buri,170101,บางพุทรา,Bang Phutsa,16000
750,ภาคกลาง,17,สิงห์บุรี,Sing Buri,1701,เมืองสิงห์บุรี,Mueang Sing Buri,170102,บางมัญ,Bang Man,16000
751,ภาคกลาง,17,สิงห์บุรี,Sing Buri,1701,เมืองสิงห์บุรี,Mueang Sing Buri,170103,โพกรวม,Phok Ruam,16000
752,ภาคกลาง,17,สิงห์บุรี,Sing Buri,1701,เมืองสิงห์บุรี,Mueang Sing Buri,170104,ม่วงหมู่,Muang Mu,16000
753,ภาคกลาง,17,สิงห์บุรี,Sing Buri,1701,เมืองสิงห์บุรี,Mueang Sing Buri,170105,หัวไผ่,Hua Phai,16000
754,ภาคกลาง,17,สิงห์บุรี,Sing Buri,1701,เมืองสิงห์บุรี,Mueang Sing Buri,170106,ต้นโพธิ์,Ton Pho,16000
755,ภาคกลาง,17,สิงห์บุรี,Sing Buri,1701,เมืองสิงห์บุรี,Mueang Sing Buri,170107,จักรสีห์,Chaksi,16000
756,ภาคกลาง,17,สิงห์บุรี,Sing Buri,1701,เมืองสิงห์บุรี,Mueang Sing Buri,170108,บางกระบือ,Bang Krabue,16000
757,ภาคกลาง,17,สิงห์บุรี,Sing Buri,1702,บางระจัน,Bang Rachan,170201,สิงห์,Sing,16130
758,ภาคกลาง,17,สิงห์บุรี,Sing Buri,1702,บางระจัน,Bang Rachan,170202,ไม้ดัด,Mai Dat,16130
759,ภาคกลาง,17,สิงห์บุรี,Sing Buri,1702,บางระจัน,Bang Rachan,170203,เชิงกลัด,Choeng Klat,16130
760,ภาคกลาง,17,สิงห์บุรี,Sing Buri,1702,บางระจัน,Bang Rachan,170204,โพชนไก่,Pho Chon Kai,16130
761,ภาคกลาง,17,สิงห์บุรี,Sing Buri,1702,บางระจัน,Bang Rachan,170205,แม่ลา,Mae La,16130
762,ภาคกลาง,17,สิงห์บุรี,Sing Buri,1702,บางระจัน,Bang Rachan,170206,บ้านจ่า,Ban Cha,16130
763,ภาคกลาง,17,สิงห์บุรี,Sing Buri,1702,บางระจัน,Bang Rachan,170207,พักทัน,Phak Than,16130
764,ภาคกลาง,17,สิงห์บุรี,Sing Buri,1702,บางระจัน,Bang Rachan,170208,สระแจง,Sa Chaeng,16130
765,ภาคกลาง,17,สิงห์บุรี,Sing Buri,1703,ค่ายบางระจัน,Khai Bang Rachan,170301,โพทะเล,Pho Thale,16150
766,ภาคกลาง,17,สิงห์บุรี,Sing Buri,1703,ค่ายบางระจัน,Khai Bang Rachan,170302,บางระจัน,Bang Rachan,16150
767,ภาคกลาง,17,สิงห์บุรี,Sing Buri,1703,ค่ายบางระจัน,Khai Bang Rachan,170303,โพสังโฆ,Pho Sangkho,16150
768,ภาคกลาง,17,สิงห์บุรี,Sing Buri,1703,ค่ายบางระจัน,Khai Bang Rachan,170304,ท่าข้าม,Tha Kham,16150
769,ภาคกลาง,17,สิงห์บุรี,Sing Buri,1703,ค่ายบางระจัน,Khai Bang Rachan,170305,คอทราย,Kho Sai,16150
770,ภาคกลาง,17,สิงห์บุรี,Sing Buri,1703,ค่ายบางระจัน,Khai Bang Rachan,170306,หนองกระทุ่ม,Nong Krathum,16150
771,ภาคกลาง,17,สิงห์บุรี,Sing Buri,1704,พรหมบุรี,Phrom Buri,170401,พระงาม,Phra Ngam,16120
772,ภาคกลาง,17,สิงห์บุรี,Sing Buri,1704,พรหมบุรี,Phrom Buri,170402,พรหมบุรี,Phrom Buri,16160
773,ภาคกลาง,17,สิงห์บุรี,Sing Buri,1704,พรหมบุรี,Phrom Buri,170403,บางน้ำเชี่ยว,Bang Nam Chiao,16120
774,ภาคกลาง,17,สิงห์บุรี,Sing Buri,1704,พรหมบุรี,Phrom Buri,170404,บ้านหม้อ,Ban Mo,16120
775,ภาคกลาง,17,สิงห์บุรี,Sing Buri,1704,พรหมบุรี,Phrom Buri,170405,บ้านแป้ง,Ban Paeng,16120
776,ภาคกลาง,17,สิงห์บุรี,Sing Buri,1704,พรหมบุรี,Phrom Buri,170406,หัวป่า,Hua Pa,16120
777,ภาคกลาง,17,สิงห์บุรี,Sing Buri,1704,พรหมบุรี,Phrom Buri,170407,โรงช้าง,Rong Chang,16120
778,ภาคกลาง,17,สิงห์บุรี,Sing Buri,1705,ท่าช้าง,Tha Chang,170501,ถอนสมอ,Thon Samo,16140
779,ภาคกลาง,17,สิงห์บุรี,Sing Buri,1705,ท่าช้าง,Tha Chang,170502,โพประจักษ์,Pho Prachak,16140
780,ภาคกลาง,17,สิงห์บุรี,Sing Buri,1705,ท่าช้าง,Tha Chang,170503,วิหารขาว,Wihan Khao,16140
781,ภาคกลาง,17,สิงห์บุรี,Sing Buri,1705,ท่าช้าง,Tha Chang,170504,พิกุลทอง,Phikun Thong,16140
782,ภาคกลาง,17,สิงห์บุรี,Sing Buri,1706,อินทร์บุรี,In Buri,170601,อินทร์บุรี,In Buri,16110
783,ภาคกลาง,17,สิงห์บุรี,Sing Buri,1706,อินทร์บุรี,In Buri,170602,ประศุก,Prasuk,16110
784,ภาคกลาง,17,สิงห์บุรี,Sing Buri,1706,อินทร์บุรี,In Buri,170603,ทับยา,Thap Ya,16110
785,ภาคกลาง,17,สิงห์บุรี,Sing Buri,1706,อินทร์บุรี,In Buri,170604,งิ้วราย,Ngio Rai,16110
786,ภาคกลาง,17,สิงห์บุรี,Sing Buri,1706,อินทร์บุรี,In Buri,170605,ชีน้ำร้าย,Chi Nam Rai,16110
787,ภาคกลาง,17,สิงห์บุรี,Sing Buri,1706,อินทร์บุรี,In Buri,170606,ท่างาม,Tha Ngam,16110
788,ภาคกลาง,17,สิงห์บุรี,Sing Buri,1706,อินทร์บุรี,In Buri,170607,น้ำตาล,Namtan,16110
789,ภาคกลาง,17,สิงห์บุรี,Sing Buri,1706,อินทร์บุรี,In Buri,170608,ทองเอน,Thong En,16110
790,ภาคกลาง,17,สิงห์บุรี,Sing Buri,1706,อินทร์บุรี,In Buri,170609,ห้วยชัน,Huai Chan,16110
791,ภาคกลาง,17,สิงห์บุรี,Sing Buri,1706,อินทร์บุรี,In Buri,170610,โพธิ์ชัย,Pho Chai,16110
792,ภาคกลาง,18,ชัยนาท,Chai Nat,1801,เมืองชัยนาท,Mueang Chai Nat,180101,ในเมือง,Nai Mueang,17000
793,ภาคกลาง,18,ชัยนาท,Chai Nat,1801,เมืองชัยนาท,Mueang Chai Nat,180102,บ้านกล้วย,Ban Kluai,17000
794,ภาคกลาง,18,ชัยนาท,Chai Nat,1801,เมืองชัยนาท,Mueang Chai Nat,180103,ท่าชัย,Tha Chai,17000
795,ภาคกลาง,18,ชัยนาท,Chai Nat,1801,เมืองชัยนาท,Mueang Chai Nat,180104,ชัยนาท,Chai Nat,17000
796,ภาคกลาง,18,ชัยนาท,Chai Nat,1801,เมืองชัยนาท,Mueang Chai Nat,180105,เขาท่าพระ,Khao Tha Phra,17000
797,ภาคกลาง,18,ชัยนาท,Chai Nat,1801,เมืองชัยนาท,Mueang Chai Nat,180106,หาดท่าเสา,Hat Tha Sao,17000
798,ภาคกลาง,18,ชัยนาท,Chai Nat,1801,เมืองชัยนาท,Mueang Chai Nat,180107,ธรรมามูล,Thammamun,17000
799,ภาคกลาง,18,ชัยนาท,Chai Nat,1801,เมืองชัยนาท,Mueang Chai Nat,180108,เสือโฮก,Suea Hok,17000
800,ภาคกลาง,18,ชัยนาท,Chai Nat,1801,เมืองชัยนาท,Mueang Chai Nat,180109,นางลือ,Nang Lue,17000
801,ภาคกลาง,18,ชัยนาท,Chai Nat,1802,มโนรมย์,Manorom,180201,คุ้งสำเภา,Khung Samphao,17110
802,ภาคกลาง,18,ชัยนาท,Chai Nat,1802,มโนรมย์,Manorom,180202,วัดโคก,Wat Khok,17110
803,ภาคกลาง,18,ชัยนาท,Chai Nat,1802,มโนรมย์,Manorom,180203,ศิลาดาน,Sila Dan,17110
804,ภาคกลาง,18,ชัยนาท,Chai Nat,1802,มโนรมย์,Manorom,180204,ท่าฉนวน,Tha Chanuan,17110
805,ภาคกลาง,18,ชัยนาท,Chai Nat,1802,มโนรมย์,Manorom,180205,หางน้ำสาคร,Hang Nam Sakhon,17170
806,ภาคกลาง,18,ชัยนาท,Chai Nat,1802,มโนรมย์,Manorom,180206,ไร่พัฒนา,Rai Phatthana,17170
807,ภาคกลาง,18,ชัยนาท,Chai Nat,1802,มโนรมย์,Manorom,180207,อู่ตะเภา,U Taphao,17170
808,ภาคกลาง,18,ชัยนาท,Chai Nat,1803,วัดสิงห์,Wat Sing,180301,วัดสิงห์,Wat Sing,17120
809,ภาคกลาง,18,ชัยนาท,Chai Nat,1803,วัดสิงห์,Wat Sing,180302,มะขามเฒ่า,Makham Thao,17120
810,ภาคกลาง,18,ชัยนาท,Chai Nat,1803,วัดสิงห์,Wat Sing,180303,หนองน้อย,Nong Noi,17120
811,ภาคกลาง,18,ชัยนาท,Chai Nat,1803,วัดสิงห์,Wat Sing,180304,หนองบัว,Nong Bua,17120
812,ภาคกลาง,18,ชัยนาท,Chai Nat,1803,วัดสิงห์,Wat Sing,180306,หนองขุ่น,Nong Khun,17120
813,ภาคกลาง,18,ชัยนาท,Chai Nat,1803,วัดสิงห์,Wat Sing,180307,บ่อแร่,Bo Rae,17120
814,ภาคกลาง,18,ชัยนาท,Chai Nat,1803,วัดสิงห์,Wat Sing,180311,วังหมัน,Wang Man,17120
815,ภาคกลาง,18,ชัยนาท,Chai Nat,1804,สรรพยา,Sapphaya,180401,สรรพยา,Sapphaya,17150
816,ภาคกลาง,18,ชัยนาท,Chai Nat,1804,สรรพยา,Sapphaya,180402,ตลุก,Taluk,17150
817,ภาคกลาง,18,ชัยนาท,Chai Nat,1804,สรรพยา,Sapphaya,180403,เขาแก้ว,Khao Kaeo,17150
818,ภาคกลาง,18,ชัยนาท,Chai Nat,1804,สรรพยา,Sapphaya,180404,โพนางดำตก,Pho Nang Dam Tok,17150
819,ภาคกลาง,18,ชัยนาท,Chai Nat,1804,สรรพยา,Sapphaya,180405,โพนางดำออก,Pho Nang Dam Ok,17150
820,ภาคกลาง,18,ชัยนาท,Chai Nat,1804,สรรพยา,Sapphaya,180406,บางหลวง,Bang Luang,17150
821,ภาคกลาง,18,ชัยนาท,Chai Nat,1804,สรรพยา,Sapphaya,180407,หาดอาษา,Hat A Sa,17150
822,ภาคกลาง,18,ชัยนาท,Chai Nat,1805,สรรคบุรี,Sankhaburi,180501,แพรกศรีราชา,Phraek Si Racha,17140
823,ภาคกลาง,18,ชัยนาท,Chai Nat,1805,สรรคบุรี,Sankhaburi,180502,เที่ยงแท้,Thiang Thae,17140
824,ภาคกลาง,18,ชัยนาท,Chai Nat,1805,สรรคบุรี,Sankhaburi,180503,ห้วยกรด,Huai Krot,17140
825,ภาคกลาง,18,ชัยนาท,Chai Nat,1805,สรรคบุรี,Sankhaburi,180504,โพงาม,Pho Ngam,17140
826,ภาคกลาง,18,ชัยนาท,Chai Nat,1805,สรรคบุรี,Sankhaburi,180505,บางขุด,Bang Khut,17140
827,ภาคกลาง,18,ชัยนาท,Chai Nat,1805,สรรคบุรี,Sankhaburi,180506,ดงคอน,Dong Khon,17140
828,ภาคกลาง,18,ชัยนาท,Chai Nat,1805,สรรคบุรี,Sankhaburi,180507,ดอนกำ,Don Kam,17140
829,ภาคกลาง,18,ชัยนาท,Chai Nat,1805,สรรคบุรี,Sankhaburi,180508,ห้วยกรดพัฒนา,Huai Krot Phatthana,17140
830,ภาคกลาง,18,ชัยนาท,Chai Nat,1806,หันคา,Hankha,180601,หันคา,Han Kha,17130
831,ภาคกลาง,18,ชัยนาท,Chai Nat,1806,หันคา,Hankha,180602,บ้านเชี่ยน,Ban Chian,17130
832,ภาคกลาง,18,ชัยนาท,Chai Nat,1806,หันคา,Hankha,180605,ไพรนกยูง,Phrai Nok Yung,17130
833,ภาคกลาง,18,ชัยนาท,Chai Nat,1806,หันคา,Hankha,180606,หนองแซง,Nong Saeng,17160
834,ภาคกลาง,18,ชัยนาท,Chai Nat,1806,หันคา,Hankha,180607,ห้วยงู,Huai Ngu,17160
835,ภาคกลาง,18,ชัยนาท,Chai Nat,1806,หันคา,Hankha,180608,วังไก่เถื่อน,Wang Kai Thuean,17130
836,ภาคกลาง,18,ชัยนาท,Chai Nat,1806,หันคา,Hankha,180609,เด่นใหญ่,Den Yai,17130
837,ภาคกลาง,18,ชัยนาท,Chai Nat,1806,หันคา,Hankha,180611,สามง่ามท่าโบสถ์,Sam Ngam Tha Bot,17160
838,ภาคกลาง,18,ชัยนาท,Chai Nat,1807,หนองมะโมง,Nong Mamong,180701,หนองมะโมง,Nong Mamong,17120
839,ภาคกลาง,18,ชัยนาท,Chai Nat,1807,หนองมะโมง,Nong Mamong,180702,วังตะเคียน,Wang Takhian,17120
840,ภาคกลาง,18,ชัยนาท,Chai Nat,1807,หนองมะโมง,Nong Mamong,180703,สะพานหิน,Saphan Hin,17120
841,ภาคกลาง,18,ชัยนาท,Chai Nat,1807,หนองมะโมง,Nong Mamong,180704,กุดจอก,Kut Chok,17120
842,ภาคกลาง,18,ชัยนาท,Chai Nat,1808,เนินขาม,Noen Kham,180801,เนินขาม,Noen Kham,17130
843,ภาคกลาง,18,ชัยนาท,Chai Nat,1808,เนินขาม,Noen Kham,180802,กะบกเตี้ย,Kabok Tia,17130
844,ภาคกลาง,18,ชัยนาท,Chai Nat,1808,เนินขาม,Noen Kham,180803,สุขเดือนห้า,Suk Duean Ha,17130
845,ภาคกลาง,19,สระบุรี,Saraburi,1901,เมืองสระบุรี,Mueang Saraburi,190101,ปากเพรียว,Pak Phriao,18000
846,ภาคกลาง,19,สระบุรี,Saraburi,1901,เมืองสระบุรี,Mueang Saraburi,190105,ดาวเรือง,Dao Rueang,18000
847,ภาคกลาง,19,สระบุรี,Saraburi,1901,เมืองสระบุรี,Mueang Saraburi,190106,นาโฉง,Na Chong,18000
848,ภาคกลาง,19,สระบุรี,Saraburi,1901,เมืองสระบุรี,Mueang Saraburi,190107,โคกสว่าง,Khok Sawang,18000
849,ภาคกลาง,19,สระบุรี,Saraburi,1901,เมืองสระบุรี,Mueang Saraburi,190108,หนองโน,Nong No,18000
850,ภาคกลาง,19,สระบุรี,Saraburi,1901,เมืองสระบุรี,Mueang Saraburi,190109,หนองยาว,Nong Yao,18000
851,ภาคกลาง,19,สระบุรี,Saraburi,1901,เมืองสระบุรี,Mueang Saraburi,190110,ปากข้าวสาร,Pak Khao San,18000
852,ภาคกลาง,19,สระบุรี,Saraburi,1901,เมืองสระบุรี,Mueang Saraburi,190111,หนองปลาไหล,Nong Pla Lai,18000
853,ภาคกลาง,19,สระบุรี,Saraburi,1901,เมืองสระบุรี,Mueang Saraburi,190112,กุดนกเปล้า,Kut Nok Plao,18000
854,ภาคกลาง,19,สระบุรี,Saraburi,1901,เมืองสระบุรี,Mueang Saraburi,190113,ตลิ่งชัน,Taling Chan,18000
855,ภาคกลาง,19,สระบุรี,Saraburi,1901,เมืองสระบุรี,Mueang Saraburi,190114,ตะกุด,Takut,18000
856,ภาคกลาง,19,สระบุรี,Saraburi,1902,แก่งคอย,Kaeng Khoi,190201,แก่งคอย,Kaeng Khoi,18110
857,ภาคกลาง,19,สระบุรี,Saraburi,1902,แก่งคอย,Kaeng Khoi,190202,ทับกวาง,Thap Kwang,18260
858,ภาคกลาง,19,สระบุรี,Saraburi,1902,แก่งคอย,Kaeng Khoi,190203,ตาลเดี่ยว,Tan Diao,18110
859,ภาคกลาง,19,สระบุรี,Saraburi,1902,แก่งคอย,Kaeng Khoi,190204,ห้วยแห้ง,Huai Haeng,18110
860,ภาคกลาง,19,สระบุรี,Saraburi,1902,แก่งคอย,Kaeng Khoi,190205,ท่าคล้อ,Tha Khlo,18110
861,ภาคกลาง,19,สระบุรี,Saraburi,1902,แก่งคอย,Kaeng Khoi,190206,หินซ้อน,Hin Son,18110
862,ภาคกลาง,19,สระบุรี,Saraburi,1902,แก่งคอย,Kaeng Khoi,190207,บ้านธาตุ,Ban That,18110
863,ภาคกลาง,19,สระบุรี,Saraburi,1902,แก่งคอย,Kaeng Khoi,190208,บ้านป่า,Ban Pa,18110
864,ภาคกลาง,19,สระบุรี,Saraburi,1902,แก่งคอย,Kaeng Khoi,190209,ท่าตูม,Tha Tum,18110
865,ภาคกลาง,19,สระบุรี,Saraburi,1902,แก่งคอย,Kaeng Khoi,190210,ชะอม,Cha-Om,18110
866,ภาคกลาง,19,สระบุรี,Saraburi,1902,แก่งคอย,Kaeng Khoi,190211,สองคอน,Song Khon,18110
867,ภาคกลาง,19,สระบุรี,Saraburi,1902,แก่งคอย,Kaeng Khoi,190212,เตาปูน,Tao Pun,18110
868,ภาคกลาง,19,สระบุรี,Saraburi,1902,แก่งคอย,Kaeng Khoi,190213,ชำผักแพว,Cham Phak Phaeo,18110
869,ภาคกลาง,19,สระบุรี,Saraburi,1902,แก่งคอย,Kaeng Khoi,190215,ท่ามะปราง,Tha Maprang,18110
870,ภาคกลาง,19,สระบุรี,Saraburi,1903,หนองแค,Nong Khae,190301,หนองแค,Nong Khae,18140
871,ภาคกลาง,19,สระบุรี,Saraburi,1903,หนองแค,Nong Khae,190302,กุ่มหัก,Kum Hak,18140
872,ภาคกลาง,19,สระบุรี,Saraburi,1903,หนองแค,Nong Khae,190303,คชสิทธิ์,Khotchasit,18250
873,ภาคกลาง,19,สระบุรี,Saraburi,1903,หนองแค,Nong Khae,190304,โคกตูม,Khok Tum,18250
874,ภาคกลาง,19,สระบุรี,Saraburi,1903,หนองแค,Nong Khae,190305,โคกแย้,Khok Yae,18230
875,ภาคกลาง,19,สระบุรี,Saraburi,1903,หนองแค,Nong Khae,190306,บัวลอย,Bua Loi,18230
876,ภาคกลาง,19,สระบุรี,Saraburi,1903,หนองแค,Nong Khae,190307,ไผ่ต่ำ,Phai Tam,18140
877,ภาคกลาง,19,สระบุรี,Saraburi,1903,หนองแค,Nong Khae,190308,โพนทอง,Phon Thong,18250
878,ภาคกลาง,19,สระบุรี,Saraburi,1903,หนองแค,Nong Khae,190309,ห้วยขมิ้น,Huai Khamin,18230
879,ภาคกลาง,19,สระบุรี,Saraburi,1903,หนองแค,Nong Khae,190310,ห้วยทราย,Huai Sai,18230
880,ภาคกลาง,19,สระบุรี,Saraburi,1903,หนองแค,Nong Khae,190311,หนองไข่น้ำ,Nong Khai Nam,18140
881,ภาคกลาง,19,สระบุรี,Saraburi,1903,หนองแค,Nong Khae,190312,หนองแขม,Nong Khaem,18140
882,ภาคกลาง,19,สระบุรี,Saraburi,1903,หนองแค,Nong Khae,190313,หนองจิก,Nong Chik,18230
883,ภาคกลาง,19,สระบุรี,Saraburi,1903,หนองแค,Nong Khae,190314,หนองจรเข้,Nong Chorakhe,18140
884,ภาคกลาง,19,สระบุรี,Saraburi,1903,หนองแค,Nong Khae,190315,หนองนาก,Nong Nak,18230
885,ภาคกลาง,19,สระบุรี,Saraburi,1903,หนองแค,Nong Khae,190316,หนองปลาหมอ,Nong Pla Mo,18140
886,ภาคกลาง,19,สระบุรี,Saraburi,1903,หนองแค,Nong Khae,190317,หนองปลิง,Nong Pling,18140
887,ภาคกลาง,19,สระบุรี,Saraburi,1903,หนองแค,Nong Khae,190318,หนองโรง,Nong Rong,18140
888,ภาคกลาง,19,สระบุรี,Saraburi,1904,วิหารแดง,Wihan Daeng,190401,หนองหมู,Nong Mu,18150
889,ภาคกลาง,19,สระบุรี,Saraburi,1904,วิหารแดง,Wihan Daeng,190402,บ้านลำ,Ban Lam,18150
890,ภาคกลาง,19,สระบุรี,Saraburi,1904,วิหารแดง,Wihan Daeng,190403,คลองเรือ,Khlong Ruea,18150
891,ภาคกลาง,19,สระบุรี,Saraburi,1904,วิหารแดง,Wihan Daeng,190404,วิหารแดง,Wihan Daeng,18150
892,ภาคกลาง,19,สระบุรี,Saraburi,1904,วิหารแดง,Wihan Daeng,190405,หนองสรวง,Nong Suang,18150
893,ภาคกลาง,19,สระบุรี,Saraburi,1904,วิหารแดง,Wihan Daeng,190406,เจริญธรรม,Charoen Tham,18150
894,ภาคกลาง,19,สระบุรี,Saraburi,1905,หนองแซง,Nong Saeng,190501,หนองแซง,Nong Saeng,18170
895,ภาคกลาง,19,สระบุรี,Saraburi,1905,หนองแซง,Nong Saeng,190502,หนองควายโซ,Nong Khwai So,18170
896,ภาคกลาง,19,สระบุรี,Saraburi,1905,หนองแซง,Nong Saeng,190503,หนองหัวโพ,Nong Hua Pho,18170
897,ภาคกลาง,19,สระบุรี,Saraburi,1905,หนองแซง,Nong Saeng,190504,หนองสีดา,Nong Sida,18170
898,ภาคกลาง,19,สระบุรี,Saraburi,1905,หนองแซง,Nong Saeng,190505,หนองกบ,Nong Kop,18170
899,ภาคกลาง,19,สระบุรี,Saraburi,1905,หนองแซง,Nong Saeng,190506,ไก่เส่า,Kai Sao,18170
900,ภาคกลาง,19,สระบุรี,Saraburi,1905,หนองแซง,Nong Saeng,190507,โคกสะอาด,Khok Sa-At,18170
901,ภาคกลาง,19,สระบุรี,Saraburi,1905,หนองแซง,Nong Saeng,190508,ม่วงหวาน,Muang Wan,18170
902,ภาคกลาง,19,สระบุรี,Saraburi,1905,หนองแซง,Nong Saeng,190509,เขาดิน,Khao Din,18170
903,ภาคกลาง,19,สระบุรี,Saraburi,1906,บ้านหมอ,Ban Mo,190601,บ้านหมอ,Ban Mo,18130
904,ภาคกลาง,19,สระบุรี,Saraburi,1906,บ้านหมอ,Ban Mo,190602,บางโขมด,Bang Khamot,18130
905,ภาคกลาง,19,สระบุรี,Saraburi,1906,บ้านหมอ,Ban Mo,190603,สร่างโศก,Sang Sok,18130
906,ภาคกลาง,19,สระบุรี,Saraburi,1906,บ้านหมอ,Ban Mo,190604,ตลาดน้อย,Talat Noi,18130
907,ภาคกลาง,19,สระบุรี,Saraburi,1906,บ้านหมอ,Ban Mo,190605,หรเทพ,Horathep,18130
908,ภาคกลาง,19,สระบุรี,Saraburi,1906,บ้านหมอ,Ban Mo,190606,โคกใหญ่,Khok Yai,18130
909,ภาคกลาง,19,สระบุรี,Saraburi,1906,บ้านหมอ,Ban Mo,190607,ไผ่ขวาง,Phai Khwang,18130
910,ภาคกลาง,19,สระบุรี,Saraburi,1906,บ้านหมอ,Ban Mo,190608,บ้านครัว,Ban Khrua,18270
911,ภาคกลาง,19,สระบุรี,Saraburi,1906,บ้านหมอ,Ban Mo,190609,หนองบัว,Nong Bua,18130
912,ภาคกลาง,19,สระบุรี,Saraburi,1907,ดอนพุด,Don Phut,190701,ดอนพุด,Don Phut,18210
913,ภาคกลาง,19,สระบุรี,Saraburi,1907,ดอนพุด,Don Phut,190702,ไผ่หลิ่ว,Phai Lio,18210
914,ภาคกลาง,19,สระบุรี,Saraburi,1907,ดอนพุด,Don Phut,190703,บ้านหลวง,Ban Luang,18210
915,ภาคกลาง,19,สระบุรี,Saraburi,1907,ดอนพุด,Don Phut,190704,ดงตะงาว,Dong Ta-Ngao,18210
916,ภาคกลาง,19,สระบุรี,Saraburi,1908,หนองโดน,Nong Don,190801,หนองโดน,Nong Don,18190
917,ภาคกลาง,19,สระบุรี,Saraburi,1908,หนองโดน,Nong Don,190802,บ้านกลับ,Ban Klap,18190
918,ภาคกลาง,19,สระบุรี,Saraburi,1908,หนองโดน,Nong Don,190803,ดอนทอง,Don Thong,18190
919,ภาคกลาง,19,สระบุรี,Saraburi,1908,หนองโดน,Nong Don,190804,บ้านโปร่ง,Ban Prong,18190
920,ภาคกลาง,19,สระบุรี,Saraburi,1909,พระพุทธบาท,Phra Phutthabat,190901,พระพุทธบาท,Phraphutthabat,18120
921,ภาคกลาง,19,สระบุรี,Saraburi,1909,พระพุทธบาท,Phra Phutthabat,190902,ขุนโขลน,Khun Khlon,18120
922,ภาคกลาง,19,สระบุรี,Saraburi,1909,พระพุทธบาท,Phra Phutthabat,190903,ธารเกษม,Than Kasem,18120
923,ภาคกลาง,19,สระบุรี,Saraburi,1909,พระพุทธบาท,Phra Phutthabat,190904,นายาว,Na Yao,18120
924,ภาคกลาง,19,สระบุรี,Saraburi,1909,พระพุทธบาท,Phra Phutthabat,190905,พุคำจาน,Phu Kham Chan,18120
925,ภาคกลาง,19,สระบุรี,Saraburi,1909,พระพุทธบาท,Phra Phutthabat,190906,เขาวง,Khao Wong,18120
926,ภาคกลาง,19,สระบุรี,Saraburi,1909,พระพุทธบาท,Phra Phutthabat,190907,ห้วยป่าหวาย,Huai Pa Wai,18120
927,ภาคกลาง,19,สระบุรี,Saraburi,1909,พระพุทธบาท,Phra Phutthabat,190908,พุกร่าง,Phu Krang,18120
928,ภาคกลาง,19,สระบุรี,Saraburi,1909,พระพุทธบาท,Phra Phutthabat,190909,หนองแก,Nong Kae,18120
929,ภาคกลาง,19,สระบุรี,Saraburi,1910,เสาไห้,Sao Hai,191001,เสาไห้,Sao Hai,18160
930,ภาคกลาง,19,สระบุรี,Saraburi,1910,เสาไห้,Sao Hai,191002,บ้านยาง,Ban Yang,18160
931,ภาคกลาง,19,สระบุรี,Saraburi,1910,เสาไห้,Sao Hai,191003,หัวปลวก,Hua Pluak,18160
932,ภาคกลาง,19,สระบุรี,Saraburi,1910,เสาไห้,Sao Hai,191004,งิ้วงาม,Ngio Ngam,18160
933,ภาคกลาง,19,สระบุรี,Saraburi,1910,เสาไห้,Sao Hai,191005,ศาลารีไทย,Sala Ri Thai,18160
934,ภาคกลาง,19,สระบุรี,Saraburi,1910,เสาไห้,Sao Hai,191006,ต้นตาล,Ton Tan,18160
935,ภาคกลาง,19,สระบุรี,Saraburi,1910,เสาไห้,Sao Hai,191007,ท่าช้าง,Tha Chang,18160
936,ภาคกลาง,19,สระบุรี,Saraburi,1910,เสาไห้,Sao Hai,191008,พระยาทด,Phraya Thot,18160
937,ภาคกลาง,19,สระบุรี,Saraburi,1910,เสาไห้,Sao Hai,191009,ม่วงงาม,Muang Ngam,18160
938,ภาคกลาง,19,สระบุรี,Saraburi,1910,เสาไห้,Sao Hai,191010,เริงราง,Roeng Rang,18160
939,ภาคกลาง,19,สระบุรี,Saraburi,1910,เสาไห้,Sao Hai,191011,เมืองเก่า,Mueang Kao,18160
940,ภาคกลาง,19,สระบุรี,Saraburi,1910,เสาไห้,Sao Hai,191012,สวนดอกไม้,Suan Dokmai,18160
941,ภาคกลาง,19,สระบุรี,Saraburi,1911,มวกเหล็ก,Muak Lek,191101,มวกเหล็ก,Muak Lek,18180
942,ภาคกลาง,19,สระบุรี,Saraburi,1911,มวกเหล็ก,Muak Lek,191102,มิตรภาพ,Mittraphap,18180
943,ภาคกลาง,19,สระบุรี,Saraburi,1911,มวกเหล็ก,Muak Lek,191104,หนองย่างเสือ,Nong Yang Suea,18180
944,ภาคกลาง,19,สระบุรี,Saraburi,1911,มวกเหล็ก,Muak Lek,191105,ลำสมพุง,Lam Somphung,18180
945,ภาคกลาง,19,สระบุรี,Saraburi,1911,มวกเหล็ก,Muak Lek,191107,ลำพญากลาง,Lam Phaya Klang,18180
946,ภาคกลาง,19,สระบุรี,Saraburi,1911,มวกเหล็ก,Muak Lek,191109,ซับสนุ่น,Sap Sanun,18220
947,ภาคกลาง,19,สระบุรี,Saraburi,1912,วังม่วง,Wang Muang,191201,แสลงพัน,Salaeng Phan,18220
948,ภาคกลาง,19,สระบุรี,Saraburi,1912,วังม่วง,Wang Muang,191202,คำพราน,Kham Phran,18220
949,ภาคกลาง,19,สระบุรี,Saraburi,1912,วังม่วง,Wang Muang,191203,วังม่วง,Wang Muang,18220
950,ภาคกลาง,19,สระบุรี,Saraburi,1913,เฉลิมพระเกียรติ,Chaloem Phra Kiet,191301,เขาดินพัฒนา,Khao Din Phatthana,18000
951,ภาคกลาง,19,สระบุรี,Saraburi,1913,เฉลิมพระเกียรติ,Chaloem Phra Kiet,191302,บ้านแก้ง,Ban Kaeng,18000
952,ภาคกลาง,19,สระบุรี,Saraburi,1913,เฉลิมพระเกียรติ,Chaloem Phra Kiet,191303,ผึ้งรวง,Phueng Ruang,18000
953,ภาคกลาง,19,สระบุรี,Saraburi,1913,เฉลิมพระเกียรติ,Chaloem Phra Kiet,191304,พุแค,Phu Khae,18240
954,ภาคกลาง,19,สระบุรี,Saraburi,1913,เฉลิมพระเกียรติ,Chaloem Phra Kiet,191305,ห้วยบง,Huai Bong,18000
955,ภาคกลาง,19,สระบุรี,Saraburi,1913,เฉลิมพระเกียรติ,Chaloem Phra Kiet,191306,หน้าพระลาน,Na Phralan,18240
956,ภาคตะวันออก,20,ชลบุรี,Chon Buri,2001,เมืองชลบุรี,Mueang Chon Buri,200101,บางปลาสร้อย,Bang Pla Soi,20000
957,ภาคตะวันออก,20,ชลบุรี,Chon Buri,2001,เมืองชลบุรี,Mueang Chon Buri,200102,มะขามหย่ง,Makham Yong,20000
958,ภาคตะวันออก,20,ชลบุรี,Chon Buri,2001,เมืองชลบุรี,Mueang Chon Buri,200103,บ้านโขด,Ban Khot,20000
959,ภาคตะวันออก,20,ชลบุรี,Chon Buri,2001,เมืองชลบุรี,Mueang Chon Buri,200104,แสนสุข,Saen Suk,20000
960,ภาคตะวันออก,20,ชลบุรี,Chon Buri,2001,เมืองชลบุรี,Mueang Chon Buri,200105,บ้านสวน,Ban Suan,20000
961,ภาคตะวันออก,20,ชลบุรี,Chon Buri,2001,เมืองชลบุรี,Mueang Chon Buri,200106,หนองรี,Nong Ri,20000
962,ภาคตะวันออก,20,ชลบุรี,Chon Buri,2001,เมืองชลบุรี,Mueang Chon Buri,200107,นาป่า,Na Pa,20000
963,ภาคตะวันออก,20,ชลบุรี,Chon Buri,2001,เมืองชลบุรี,Mueang Chon Buri,200108,หนองข้างคอก,Nong Khang Khok,20000
964,ภาคตะวันออก,20,ชลบุรี,Chon Buri,2001,เมืองชลบุรี,Mueang Chon Buri,200109,ดอนหัวฬ่อ,Don Hua Lo,20000
965,ภาคตะวันออก,20,ชลบุรี,Chon Buri,2001,เมืองชลบุรี,Mueang Chon Buri,200110,หนองไม้แดง,Nong Mai Daeng,20000
966,ภาคตะวันออก,20,ชลบุรี,Chon Buri,2001,เมืองชลบุรี,Mueang Chon Buri,200111,บางทราย,Bang Sai,20000
967,ภาคตะวันออก,20,ชลบุรี,Chon Buri,2001,เมืองชลบุรี,Mueang Chon Buri,200112,คลองตำหรุ,Khlong Tamru,20000
968,ภาคตะวันออก,20,ชลบุรี,Chon Buri,2001,เมืองชลบุรี,Mueang Chon Buri,200113,เหมือง,Mueang,20130
969,ภาคตะวันออก,20,ชลบุรี,Chon Buri,2001,เมืองชลบุรี,Mueang Chon Buri,200114,บ้านปึก,Ban Puek,20130
970,ภาคตะวันออก,20,ชลบุรี,Chon Buri,2001,เมืองชลบุรี,Mueang Chon Buri,200115,ห้วยกะปิ,Huai Kapi,20000
971,ภาคตะวันออก,20,ชลบุรี,Chon Buri,2001,เมืองชลบุรี,Mueang Chon Buri,200116,เสม็ด,Samet,20000
972,ภาคตะวันออก,20,ชลบุรี,Chon Buri,2001,เมืองชลบุรี,Mueang Chon Buri,200117,อ่างศิลา,Ang Sila,20000
973,ภาคตะวันออก,20,ชลบุรี,Chon Buri,2001,เมืองชลบุรี,Mueang Chon Buri,200118,สำนักบก,Samnak Bok,20000
974,ภาคตะวันออก,20,ชลบุรี,Chon Buri,2002,บ้านบึง,Ban Bueng,200201,บ้านบึง,Ban Bueng,20170
975,ภาคตะวันออก,20,ชลบุรี,Chon Buri,2002,บ้านบึง,Ban Bueng,200202,คลองกิ่ว,Khlong Kio,20220
976,ภาคตะวันออก,20,ชลบุรี,Chon Buri,2002,บ้านบึง,Ban Bueng,200203,มาบไผ่,Map Phai,20170
977,ภาคตะวันออก,20,ชลบุรี,Chon Buri,2002,บ้านบึง,Ban Bueng,200204,หนองซ้ำซาก,Nong Samsak,20170
978,ภาคตะวันออก,20,ชลบุรี,Chon Buri,2002,บ้านบึง,Ban Bueng,200205,หนองบอนแดง,Nong Bon Daeng,20170
979,ภาคตะวันออก,20,ชลบุรี,Chon Buri,2002,บ้านบึง,Ban Bueng,200206,หนองชาก,Nong Chak,20170
980,ภาคตะวันออก,20,ชลบุรี,Chon Buri,2002,บ้านบึง,Ban Bueng,200207,หนองอิรุณ,Nong I Run,20220
981,ภาคตะวันออก,20,ชลบุรี,Chon Buri,2002,บ้านบึง,Ban Bueng,200208,หนองไผ่แก้ว,Nong Phai Kaeo,20220
982,ภาคตะวันออก,20,ชลบุรี,Chon Buri,2003,หนองใหญ่,Nong Yai,200301,หนองใหญ่,Nong Yai,20190
983,ภาคตะวันออก,20,ชลบุรี,Chon Buri,2003,หนองใหญ่,Nong Yai,200302,คลองพลู,Khlong Phlu,20190
984,ภาคตะวันออก,20,ชลบุรี,Chon Buri,2003,หนองใหญ่,Nong Yai,200303,หนองเสือช้าง,Nong Suea Chang,20190
985,ภาคตะวันออก,20,ชลบุรี,Chon Buri,2003,หนองใหญ่,Nong Yai,200304,ห้างสูง,Hang Sung,20190
986,ภาคตะวันออก,20,ชลบุรี,Chon Buri,2003,หนองใหญ่,Nong Yai,200305,เขาซก,Khao Sok,20190
987,ภาคตะวันออก,20,ชลบุรี,Chon Buri,2004,บางละมุง,Bang Lamung,200401,บางละมุง,Bang Lamung,20150
988,ภาคตะวันออก,20,ชลบุรี,Chon Buri,2004,บางละมุง,Bang Lamung,200402,หนองปรือ,Nong Prue,20150
989,ภาคตะวันออก,20,ชลบุรี,Chon Buri,2004,บางละมุง,Bang Lamung,200403,หนองปลาไหล,Nong Pla Lai,20150
990,ภาคตะวันออก,20,ชลบุรี,Chon Buri,2004,บางละมุง,Bang Lamung,200404,โป่ง,Pong,20150
991,ภาคตะวันออก,20,ชลบุรี,Chon Buri,2004,บางละมุง,Bang Lamung,200405,เขาไม้แก้ว,Khao Mai Kaeo,20150
992,ภาคตะวันออก,20,ชลบุรี,Chon Buri,2004,บางละมุง,Bang Lamung,200406,ห้วยใหญ่,Huai Yai,20150
993,ภาคตะวันออก,20,ชลบุรี,Chon Buri,2004,บางละมุง,Bang Lamung,200407,ตะเคียนเตี้ย,Takhian Tia,20150
994,ภาคตะวันออก,20,ชลบุรี,Chon Buri,2004,บางละมุง,Bang Lamung,200408,นาเกลือ,Na Kluea,20150
995,ภาคตะวันออก,20,ชลบุรี,Chon Buri,2005,พานทอง,Phan Thong,200501,พานทอง,Phan Thong,20160
996,ภาคตะวันออก,20,ชลบุรี,Chon Buri,2005,พานทอง,Phan Thong,200502,หนองตำลึง,Nong Tamlueng,20160
997,ภาคตะวันออก,20,ชลบุรี,Chon Buri,2005,พานทอง,Phan Thong,200503,มาบโป่ง,Map Pong,20160
998,ภาคตะวันออก,20,ชลบุรี,Chon Buri,2005,พานทอง,Phan Thong,200504,หนองกะขะ,Nong Kakha,20160
999,ภาคตะวันออก,20,ชลบุรี,Chon Buri,2005,พานทอง,Phan Thong,200505,หนองหงษ์,Nong Hong,20160
1000,ภาคตะวันออก,20,ชลบุรี,Chon Buri,2005,พานทอง,Phan Thong,200506,โคกขี้หนอน,Khok Khi Non,20160
1001,ภาคตะวันออก,20,ชลบุรี,Chon Buri,2005,พานทอง,Phan Thong,200507,บ้านเก่า,Ban Kao,20160
1002,ภาคตะวันออก,20,ชลบุรี,Chon Buri,2005,พานทอง,Phan Thong,200508,หน้าประดู่,Na Pradu,20160
1003,ภาคตะวันออก,20,ชลบุรี,Chon Buri,2005,พานทอง,Phan Thong,200509,บางนาง,Bang Nang,20160
1004,ภาคตะวันออก,20,ชลบุรี,Chon Buri,2005,พานทอง,Phan Thong,200510,เกาะลอย,Ko Loi,20160
1005,ภาคตะวันออก,20,ชลบุรี,Chon Buri,2005,พานทอง,Phan Thong,200511,บางหัก,Bang Hak,20160
1006,ภาคตะวันออก,20,ชลบุรี,Chon Buri,2006,พนัสนิคม,Phanat Nikhom,200601,พนัสนิคม,Phanat Nikhom,20140
1007,ภาคตะวันออก,20,ชลบุรี,Chon Buri,2006,พนัสนิคม,Phanat Nikhom,200602,หน้าพระธาตุ,Na Phrathat,20140
1008,ภาคตะวันออก,20,ชลบุรี,Chon Buri,2006,พนัสนิคม,Phanat Nikhom,200603,วัดหลวง,Wat Luang,20140
1009,ภาคตะวันออก,20,ชลบุรี,Chon Buri,2006,พนัสนิคม,Phanat Nikhom,200604,บ้านเซิด,Ban Soet,20140
1010,ภาคตะวันออก,20,ชลบุรี,Chon Buri,2006,พนัสนิคม,Phanat Nikhom,200605,นาเริก,Na Roek,20140
1011,ภาคตะวันออก,20,ชลบุรี,Chon Buri,2006,พนัสนิคม,Phanat Nikhom,200606,หมอนนาง,Mon Nang,20140
1012,ภาคตะวันออก,20,ชลบุรี,Chon Buri,2006,พนัสนิคม,Phanat Nikhom,200607,สระสี่เหลี่ยม,Sa Si Liam,20140
1013,ภาคตะวันออก,20,ชลบุรี,Chon Buri,2006,พนัสนิคม,Phanat Nikhom,200608,วัดโบสถ์,Wat Bot,20140
1014,ภาคตะวันออก,20,ชลบุรี,Chon Buri,2006,พนัสนิคม,Phanat Nikhom,200609,กุฎโง้ง,Kut Ngong,20140
1015,ภาคตะวันออก,20,ชลบุรี,Chon Buri,2006,พนัสนิคม,Phanat Nikhom,200610,หัวถนน,Hua Thanon,20140
1016,ภาคตะวันออก,20,ชลบุรี,Chon Buri,2006,พนัสนิคม,Phanat Nikhom,200611,ท่าข้าม,Tha Kham,20140
1017,ภาคตะวันออก,20,ชลบุรี,Chon Buri,2006,พนัสนิคม,Phanat Nikhom,200613,หนองปรือ,Nong Prue,20140
1018,ภาคตะวันออก,20,ชลบุรี,Chon Buri,2006,พนัสนิคม,Phanat Nikhom,200614,หนองขยาด,Nong Khayat,20140
1019,ภาคตะวันออก,20,ชลบุรี,Chon Buri,2006,พนัสนิคม,Phanat Nikhom,200615,ทุ่งขวาง,Thung Khwang,20140
1020,ภาคตะวันออก,20,ชลบุรี,Chon Buri,2006,พนัสนิคม,Phanat Nikhom,200616,หนองเหียง,Nong Hiang,20140
1021,ภาคตะวันออก,20,ชลบุรี,Chon Buri,2006,พนัสนิคม,Phanat Nikhom,200617,นาวังหิน,Na Wang Hin,20140
1022,ภาคตะวันออก,20,ชลบุรี,Chon Buri,2006,พนัสนิคม,Phanat Nikhom,200618,บ้านช้าง,Ban Chang,20140
1023,ภาคตะวันออก,20,ชลบุรี,Chon Buri,2006,พนัสนิคม,Phanat Nikhom,200620,โคกเพลาะ,Khok Phlo,20140
1024,ภาคตะวันออก,20,ชลบุรี,Chon Buri,2006,พนัสนิคม,Phanat Nikhom,200621,ไร่หลักทอง,Rai Lak Thong,20140
1025,ภาคตะวันออก,20,ชลบุรี,Chon Buri,2006,พนัสนิคม,Phanat Nikhom,200622,นามะตูม,Na Matum,20140
1026,ภาคตะวันออก,20,ชลบุรี,Chon Buri,2007,ศรีราชา,Si Racha,200701,ศรีราชา,Si Racha,20110
1027,ภาคตะวันออก,20,ชลบุรี,Chon Buri,2007,ศรีราชา,Si Racha,200702,สุรศักดิ์,Surasak,20110
1028,ภาคตะวันออก,20,ชลบุรี,Chon Buri,2007,ศรีราชา,Si Racha,200703,ทุ่งสุขลา,Thung Sukhla,20230
1029,ภาคตะวันออก,20,ชลบุรี,Chon Buri,2007,ศรีราชา,Si Racha,200704,บึง,Bueng,20230
1030,ภาคตะวันออก,20,ชลบุรี,Chon Buri,2007,ศรีราชา,Si Racha,200705,หนองขาม,Nong Kham,20110
1031,ภาคตะวันออก,20,ชลบุรี,Chon Buri,2007,ศรีราชา,Si Racha,200706,เขาคันทรง,Khao Khan Song,20110
1032,ภาคตะวันออก,20,ชลบุรี,Chon Buri,2007,ศรีราชา,Si Racha,200707,บางพระ,Bang Phra,20110
1033,ภาคตะวันออก,20,ชลบุรี,Chon Buri,2007,ศรีราชา,Si Racha,200708,บ่อวิน,Bo Win,20230
1034,ภาคตะวันออก,20,ชลบุรี,Chon Buri,2008,เกาะสีชัง,Ko Sichang,200801,ท่าเทววงษ์,Tha Thewawong,20120
1035,ภาคตะวันออก,20,ชลบุรี,Chon Buri,2009,สัตหีบ,Sattahip,200901,สัตหีบ,Sattahip,20180
1036,ภาคตะวันออก,20,ชลบุรี,Chon Buri,2009,สัตหีบ,Sattahip,200902,นาจอมเทียน,Na Chom Thian,20250
1037,ภาคตะวันออก,20,ชลบุรี,Chon Buri,2009,สัตหีบ,Sattahip,200903,พลูตาหลวง,Phlu Ta Luang,20180
1038,ภาคตะวันออก,20,ชลบุรี,Chon Buri,2009,สัตหีบ,Sattahip,200904,บางเสร่,Bang Sare,20250
1039,ภาคตะวันออก,20,ชลบุรี,Chon Buri,2009,สัตหีบ,Sattahip,200905,แสมสาร,Samae San,20180
1040,ภาคตะวันออก,20,ชลบุรี,Chon Buri,2010,บ่อทอง,Bo Thong,201001,บ่อทอง,Bo Thong,20270
1041,ภาคตะวันออก,20,ชลบุรี,Chon Buri,2010,บ่อทอง,Bo Thong,201002,วัดสุวรรณ,Wat Suwan,20270
1042,ภาคตะวันออก,20,ชลบุรี,Chon Buri,2010,บ่อทอง,Bo Thong,201003,บ่อกวางทอง,Bo Kwang Thong,20270
1043,ภาคตะวันออก,20,ชลบุรี,Chon Buri,2010,บ่อทอง,Bo Thong,201004,ธาตุทอง,That Thong,20270
1044,ภาคตะวันออก,20,ชลบุรี,Chon Buri,2010,บ่อทอง,Bo Thong,201005,เกษตรสุวรรณ,Kaset Suwan,20270
1045,ภาคตะวันออก,20,ชลบุรี,Chon Buri,2010,บ่อทอง,Bo Thong,201006,พลวงทอง,Phluang Thong,20270
1046,ภาคตะวันออก,20,ชลบุรี,Chon Buri,2011,เกาะจันทร์,Ko Chan,201101,เกาะจันทร์,Ko Chan,20240
1047,ภาคตะวันออก,20,ชลบุรี,Chon Buri,2011,เกาะจันทร์,Ko Chan,201102,ท่าบุญมี,Tha Bunmi,20240
1048,ภาคตะวันออก,21,ระยอง,Rayong,2101,เมืองระยอง,Mueang Rayong,210101,ท่าประดู่,Tha Pradu,21000
1049,ภาคตะวันออก,21,ระยอง,Rayong,2101,เมืองระยอง,Mueang Rayong,210102,เชิงเนิน,Choeng Noen,21000
1050,ภาคตะวันออก,21,ระยอง,Rayong,2101,เมืองระยอง,Mueang Rayong,210103,ตะพง,Taphong,21000
1051,ภาคตะวันออก,21,ระยอง,Rayong,2101,เมืองระยอง,Mueang Rayong,210104,ปากน้ำ,Pak Nam,21000
1052,ภาคตะวันออก,21,ระยอง,Rayong,2101,เมืองระยอง,Mueang Rayong,210105,เพ,Phe,21160
1053,ภาคตะวันออก,21,ระยอง,Rayong,2101,เมืองระยอง,Mueang Rayong,210106,แกลง,Klaeng,21160
1054,ภาคตะวันออก,21,ระยอง,Rayong,2101,เมืองระยอง,Mueang Rayong,210107,บ้านแลง,Ban Laeng,21000
1055,ภาคตะวันออก,21,ระยอง,Rayong,2101,เมืองระยอง,Mueang Rayong,210108,นาตาขวัญ,Na Ta Khwan,21000
1056,ภาคตะวันออก,21,ระยอง,Rayong,2101,เมืองระยอง,Mueang Rayong,210109,เนินพระ,Noen Phra,21000
1057,ภาคตะวันออก,21,ระยอง,Rayong,2101,เมืองระยอง,Mueang Rayong,210110,กะเฉด,Kachet,21100
1058,ภาคตะวันออก,21,ระยอง,Rayong,2101,เมืองระยอง,Mueang Rayong,210111,ทับมา,Thap Ma,21000
1059,ภาคตะวันออก,21,ระยอง,Rayong,2101,เมืองระยอง,Mueang Rayong,210112,น้ำคอก,Nam Khok,21000
1060,ภาคตะวันออก,21,ระยอง,Rayong,2101,เมืองระยอง,Mueang Rayong,210113,ห้วยโป่ง,Huai Pong,21150
1061,ภาคตะวันออก,21,ระยอง,Rayong,2101,เมืองระยอง,Mueang Rayong,210114,มาบตาพุด,Maptaphut,21150
1062,ภาคตะวันออก,21,ระยอง,Rayong,2101,เมืองระยอง,Mueang Rayong,210115,สำนักทอง,Samnak Thong,21100
1063,ภาคตะวันออก,21,ระยอง,Rayong,2102,บ้านฉาง,Ban Chang,210201,สำนักท้อน,Samnak Thon,21130
1064,ภาคตะวันออก,21,ระยอง,Rayong,2102,บ้านฉาง,Ban Chang,210202,พลา,Phla,21130
1065,ภาคตะวันออก,21,ระยอง,Rayong,2102,บ้านฉาง,Ban Chang,210203,บ้านฉาง,Ban Chang,21130
1066,ภาคตะวันออก,21,ระยอง,Rayong,2103,แกลง,Klaeng,210301,ทางเกวียน,Thang Kwian,21110
1067,ภาคตะวันออก,21,ระยอง,Rayong,2103,แกลง,Klaeng,210302,วังหว้า,Wang Wa,21110
1068,ภาคตะวันออก,21,ระยอง,Rayong,2103,แกลง,Klaeng,210303,ชากโดน,Chak Don,21110
1069,ภาคตะวันออก,21,ระยอง,Rayong,2103,แกลง,Klaeng,210304,เนินฆ้อ,Noen Kho,21110
1070,ภาคตะวันออก,21,ระยอง,Rayong,2103,แกลง,Klaeng,210305,กร่ำ,Kram,21190
1071,ภาคตะวันออก,21,ระยอง,Rayong,2103,แกลง,Klaeng,210306,ชากพง,Chak Phong,21190
1072,ภาคตะวันออก,21,ระยอง,Rayong,2103,แกลง,Klaeng,210307,กระแสบน,Krasae Bon,21110
1073,ภาคตะวันออก,21,ระยอง,Rayong,2103,แกลง,Klaeng,210308,บ้านนา,Ban Na,21110
1074,ภาคตะวันออก,21,ระยอง,Rayong,2103,แกลง,Klaeng,210309,ทุ่งควายกิน,Thung Khwai Kin,21110
1075,ภาคตะวันออก,21,ระยอง,Rayong,2103,แกลง,Klaeng,210310,กองดิน,Kong Din,22160
1076,ภาคตะวันออก,21,ระยอง,Rayong,2103,แกลง,Klaeng,210311,คลองปูน,Khlong Pun,21170
1077,ภาคตะวันออก,21,ระยอง,Rayong,2103,แกลง,Klaeng,210312,พังราด,Phang Rat,21110
1078,ภาคตะวันออก,21,ระยอง,Rayong,2103,แกลง,Klaeng,210313,ปากน้ำกระแส,Pak Nam Krasae,21170
1079,ภาคตะวันออก,21,ระยอง,Rayong,2103,แกลง,Klaeng,210317,ห้วยยาง,Huai Yang,21110
1080,ภาคตะวันออก,21,ระยอง,Rayong,2103,แกลง,Klaeng,210318,สองสลึง,Song Salueng,21110
1081,ภาคตะวันออก,21,ระยอง,Rayong,2104,วังจันทร์,Wang Chan,210401,วังจันทร์,Wang Chan,21210
1082,ภาคตะวันออก,21,ระยอง,Rayong,2104,วังจันทร์,Wang Chan,210402,ชุมแสง,Chum Saeng,21210
1083,ภาคตะวันออก,21,ระยอง,Rayong,2104,วังจันทร์,Wang Chan,210403,ป่ายุบใน,Pa Yup Nai,21210
1084,ภาคตะวันออก,21,ระยอง,Rayong,2104,วังจันทร์,Wang Chan,210404,พลงตาเอี่ยม,Phong Ta Iam,21210
1085,ภาคตะวันออก,21,ระยอง,Rayong,2105,บ้านค่าย,Ban Khai,210501,บ้านค่าย,Ban Khai,21120
1086,ภาคตะวันออก,21,ระยอง,Rayong,2105,บ้านค่าย,Ban Khai,210502,หนองละลอก,Nong Lalok,21120
1087,ภาคตะวันออก,21,ระยอง,Rayong,2105,บ้านค่าย,Ban Khai,210503,หนองตะพาน,Nong Taphan,21120
1088,ภาคตะวันออก,21,ระยอง,Rayong,2105,บ้านค่าย,Ban Khai,210504,ตาขัน,Ta Khan,21120
1089,ภาคตะวันออก,21,ระยอง,Rayong,2105,บ้านค่าย,Ban Khai,210505,บางบุตร,Bang But,21120
1090,ภาคตะวันออก,21,ระยอง,Rayong,2105,บ้านค่าย,Ban Khai,210506,หนองบัว,Nong Bua,21120
1091,ภาคตะวันออก,21,ระยอง,Rayong,2105,บ้านค่าย,Ban Khai,210507,ชากบก,Chak Bok,21120
1092,ภาคตะวันออก,21,ระยอง,Rayong,2106,ปลวกแดง,Pluak Daeng,210601,ปลวกแดง,Pluak Daeng,21140
1093,ภาคตะวันออก,21,ระยอง,Rayong,2106,ปลวกแดง,Pluak Daeng,210602,ตาสิทธิ์,Ta Sit,21140
1094,ภาคตะวันออก,21,ระยอง,Rayong,2106,ปลวกแดง,Pluak Daeng,210603,ละหาร,Lahan,21140
1095,ภาคตะวันออก,21,ระยอง,Rayong,2106,ปลวกแดง,Pluak Daeng,210604,แม่น้ำคู้,Maenam Khu,21140
1096,ภาคตะวันออก,21,ระยอง,Rayong,2106,ปลวกแดง,Pluak Daeng,210605,มาบยางพร,Map Yang Phon,21140
1097,ภาคตะวันออก,21,ระยอง,Rayong,2106,ปลวกแดง,Pluak Daeng,210606,หนองไร่,Nong Rai,21140
1098,ภาคตะวันออก,21,ระยอง,Rayong,2107,เขาชะเมา,Khao Chamao,210701,น้ำเป็น,Nam Pen,21110
1099,ภาคตะวันออก,21,ระยอง,Rayong,2107,เขาชะเมา,Khao Chamao,210702,ห้วยทับมอญ,Huai Thap Mon,21110
1100,ภาคตะวันออก,21,ระยอง,Rayong,2107,เขาชะเมา,Khao Chamao,210703,ชำฆ้อ,Cham Noi,21110
1101,ภาคตะวันออก,21,ระยอง,Rayong,2107,เขาชะเมา,Khao Chamao,210704,เขาน้อย,Khao Noi,21110
1102,ภาคตะวันออก,21,ระยอง,Rayong,2108,นิคมพัฒนา,Nikhom Phatthana,210801,นิคมพัฒนา,Nikhom Phatthana,21180
1103,ภาคตะวันออก,21,ระยอง,Rayong,2108,นิคมพัฒนา,Nikhom Phatthana,210802,มาบข่า,Map Kha,21180
1104,ภาคตะวันออก,21,ระยอง,Rayong,2108,นิคมพัฒนา,Nikhom Phatthana,210803,พนานิคม,Phana Nikhom,21180
1105,ภาคตะวันออก,21,ระยอง,Rayong,2108,นิคมพัฒนา,Nikhom Phatthana,210804,มะขามคู่,Makham Khu,21180
1106,ภาคตะวันออก,22,จันทบุรี,Chanthaburi,2201,เมืองจันทบุรี,Mueang Chanthaburi,220101,ตลาด,Talat,22000
1107,ภาคตะวันออก,22,จันทบุรี,Chanthaburi,2201,เมืองจันทบุรี,Mueang Chanthaburi,220102,วัดใหม่,Wat Mai,22000
1108,ภาคตะวันออก,22,จันทบุรี,Chanthaburi,2201,เมืองจันทบุรี,Mueang Chanthaburi,220103,คลองนารายณ์,Khlong Narai,22000
1109,ภาคตะวันออก,22,จันทบุรี,Chanthaburi,2201,เมืองจันทบุรี,Mueang Chanthaburi,220104,เกาะขวาง,Ko Khwang,22000
1110,ภาคตะวันออก,22,จันทบุรี,Chanthaburi,2201,เมืองจันทบุรี,Mueang Chanthaburi,220105,คมบาง,Kom Bang,22000
1111,ภาคตะวันออก,22,จันทบุรี,Chanthaburi,2201,เมืองจันทบุรี,Mueang Chanthaburi,220106,ท่าช้าง,Tha Chang,22000
1112,ภาคตะวันออก,22,จันทบุรี,Chanthaburi,2201,เมืองจันทบุรี,Mueang Chanthaburi,220107,จันทนิมิต,Chanthanimit,22000
1113,ภาคตะวันออก,22,จันทบุรี,Chanthaburi,2201,เมืองจันทบุรี,Mueang Chanthaburi,220108,บางกะจะ,Bang Kacha,22000
1114,ภาคตะวันออก,22,จันทบุรี,Chanthaburi,2201,เมืองจันทบุรี,Mueang Chanthaburi,220109,แสลง,Salaeng,22000
1115,ภาคตะวันออก,22,จันทบุรี,Chanthaburi,2201,เมืองจันทบุรี,Mueang Chanthaburi,220110,หนองบัว,Nong Bua,22000
1116,ภาคตะวันออก,22,จันทบุรี,Chanthaburi,2201,เมืองจันทบุรี,Mueang Chanthaburi,220111,พลับพลา,Phlapphla,22000
1117,ภาคตะวันออก,22,จันทบุรี,Chanthaburi,2202,ขลุง,Khlung,220201,ขลุง,Khlung,22110
1118,ภาคตะวันออก,22,จันทบุรี,Chanthaburi,2202,ขลุง,Khlung,220202,บ่อ,Bo,22110
1119,ภาคตะวันออก,22,จันทบุรี,Chanthaburi,2202,ขลุง,Khlung,220203,เกวียนหัก,Kwian Hak,22110
1120,ภาคตะวันออก,22,จันทบุรี,Chanthaburi,2202,ขลุง,Khlung,220204,ตะปอน,Tapon,22110
1121,ภาคตะวันออก,22,จันทบุรี,Chanthaburi,2202,ขลุง,Khlung,220205,บางชัน,Bang Chan,22110
1122,ภาคตะวันออก,22,จันทบุรี,Chanthaburi,2202,ขลุง,Khlung,220206,วันยาว,Wan Yao,22110
1123,ภาคตะวันออก,22,จันทบุรี,Chanthaburi,2202,ขลุง,Khlung,220207,ซึ้ง,Sueng,22110
1124,ภาคตะวันออก,22,จันทบุรี,Chanthaburi,2202,ขลุง,Khlung,220208,มาบไพ,Map Phai,22110
1125,ภาคตะวันออก,22,จันทบุรี,Chanthaburi,2202,ขลุง,Khlung,220209,วังสรรพรส,Wang Sappharot,22110
1126,ภาคตะวันออก,22,จันทบุรี,Chanthaburi,2202,ขลุง,Khlung,220210,ตรอกนอง,Trok Nong,22110
1127,ภาคตะวันออก,22,จันทบุรี,Chanthaburi,2202,ขลุง,Khlung,220211,ตกพรม,Tok Phrom,22110
1128,ภาคตะวันออก,22,จันทบุรี,Chanthaburi,2202,ขลุง,Khlung,220212,บ่อเวฬุ,Bo Weru,22150
1129,ภาคตะวันออก,22,จันทบุรี,Chanthaburi,2203,ท่าใหม่,Tha Mai,220301,ท่าใหม่,Tha Mai,22120
1130,ภาคตะวันออก,22,จันทบุรี,Chanthaburi,2203,ท่าใหม่,Tha Mai,220302,ยายร้า,Yai Ra,22120
1131,ภาคตะวันออก,22,จันทบุรี,Chanthaburi,2203,ท่าใหม่,Tha Mai,220303,สีพยา,Si Phaya,22120
1132,ภาคตะวันออก,22,จันทบุรี,Chanthaburi,2203,ท่าใหม่,Tha Mai,220304,บ่อพุ,Bo Phu,22120
1133,ภาคตะวันออก,22,จันทบุรี,Chanthaburi,2203,ท่าใหม่,Tha Mai,220305,พลอยแหวน,Phloi Waen,22120
1134,ภาคตะวันออก,22,จันทบุรี,Chanthaburi,2203,ท่าใหม่,Tha Mai,220306,เขาวัว,Khao Wua,22120
1135,ภาคตะวันออก,22,จันทบุรี,Chanthaburi,2203,ท่าใหม่,Tha Mai,220307,เขาบายศรี,Khao Baisi,22120
1136,ภาคตะวันออก,22,จันทบุรี,Chanthaburi,2203,ท่าใหม่,Tha Mai,220308,สองพี่น้อง,Song Phi Nong,22120
1137,ภาคตะวันออก,22,จันทบุรี,Chanthaburi,2203,ท่าใหม่,Tha Mai,220309,ทุ่งเบญจา,Thung Bencha,22170
1138,ภาคตะวันออก,22,จันทบุรี,Chanthaburi,2203,ท่าใหม่,Tha Mai,220311,รำพัน,Ramphan,22170
1139,ภาคตะวันออก,22,จันทบุรี,Chanthaburi,2203,ท่าใหม่,Tha Mai,220312,โขมง,Khamong,22170
1140,ภาคตะวันออก,22,จันทบุรี,Chanthaburi,2203,ท่าใหม่,Tha Mai,220313,ตะกาดเง้า,Takat Ngao,22120
1141,ภาคตะวันออก,22,จันทบุรี,Chanthaburi,2203,ท่าใหม่,Tha Mai,220314,คลองขุด,Khlong Khut,22120
1142,ภาคตะวันออก,22,จันทบุรี,Chanthaburi,2203,ท่าใหม่,Tha Mai,220324,เขาแก้ว,Khao Kaeo,22170
1143,ภาคตะวันออก,22,จันทบุรี,Chanthaburi,2204,โป่งน้ำร้อน,Pong Nam Ron,220401,ทับไทร,Thap Sai,22140
1144,ภาคตะวันออก,22,จันทบุรี,Chanthaburi,2204,โป่งน้ำร้อน,Pong Nam Ron,220402,โป่งน้ำร้อน,Pong Nam Ron,22140
1145,ภาคตะวันออก,22,จันทบุรี,Chanthaburi,2204,โป่งน้ำร้อน,Pong Nam Ron,220404,หนองตาคง,Nong Ta Khong,22140
1146,ภาคตะวันออก,22,จันทบุรี,Chanthaburi,2204,โป่งน้ำร้อน,Pong Nam Ron,220409,เทพนิมิต,Thep Nimit,22140
1147,ภาคตะวันออก,22,จันทบุรี,Chanthaburi,2204,โป่งน้ำร้อน,Pong Nam Ron,220410,คลองใหญ่,Khlong Yai,22140
1148,ภาคตะวันออก,22,จันทบุรี,Chanthaburi,2205,มะขาม,Makham,220501,มะขาม,Makham,22150
1149,ภาคตะวันออก,22,จันทบุรี,Chanthaburi,2205,มะขาม,Makham,220502,ท่าหลวง,Tha Luang,22150
1150,ภาคตะวันออก,22,จันทบุรี,Chanthaburi,2205,มะขาม,Makham,220503,ปัถวี,Patthawi,22150
1151,ภาคตะวันออก,22,จันทบุรี,Chanthaburi,2205,มะขาม,Makham,220504,วังแซ้ม,Wang Saem,22150
1152,ภาคตะวันออก,22,จันทบุรี,Chanthaburi,2205,มะขาม,Makham,220506,ฉมัน,Cha Man,22150
1153,ภาคตะวันออก,22,จันทบุรี,Chanthaburi,2205,มะขาม,Makham,220508,อ่างคีรี,Ang Khiri,22150
1154,ภาคตะวันออก,22,จันทบุรี,Chanthaburi,2206,แหลมสิงห์,Laem Sing,220601,ปากน้ำแหลมสิงห์,Pak Nam Laem Sing,22130
1155,ภาคตะวันออก,22,จันทบุรี,Chanthaburi,2206,แหลมสิงห์,Laem Sing,220602,เกาะเปริด,Ko Proet,22130
1156,ภาคตะวันออก,22,จันทบุรี,Chanthaburi,2206,แหลมสิงห์,Laem Sing,220603,หนองชิ่ม,Nong Chim,22130
1157,ภาคตะวันออก,22,จันทบุรี,Chanthaburi,2206,แหลมสิงห์,Laem Sing,220604,พลิ้ว,Phlio,22190
1158,ภาคตะวันออก,22,จันทบุรี,Chanthaburi,2206,แหลมสิงห์,Laem Sing,220605,คลองน้ำเค็ม,Khlong Nam Khem,22190
1159,ภาคตะวันออก,22,จันทบุรี,Chanthaburi,2206,แหลมสิงห์,Laem Sing,220606,บางสระเก้า,Bang Sa Kao,22190
1160,ภาคตะวันออก,22,จันทบุรี,Chanthaburi,2206,แหลมสิงห์,Laem Sing,220607,บางกะไชย,Bang Kachai,22120
1161,ภาคตะวันออก,22,จันทบุรี,Chanthaburi,2207,สอยดาว,Soi Dao,220701,ปะตง,Patong,22180
1162,ภาคตะวันออก,22,จันทบุรี,Chanthaburi,2207,สอยดาว,Soi Dao,220702,ทุ่งขนาน,Thung Khanan,22180
1163,ภาคตะวันออก,22,จันทบุรี,Chanthaburi,2207,สอยดาว,Soi Dao,220703,ทับช้าง,Thap Chang,22180
1164,ภาคตะวันออก,22,จันทบุรี,Chanthaburi,2207,สอยดาว,Soi Dao,220704,ทรายขาว,Sai Khao,22180
1165,ภาคตะวันออก,22,จันทบุรี,Chanthaburi,2207,สอยดาว,Soi Dao,220705,สะตอน,Saton,22180
1166,ภาคตะวันออก,22,จันทบุรี,Chanthaburi,2208,แก่งหางแมว,Kaeng Hang Maeo,220801,แก่งหางแมว,Kaeng Hang Maeo,22160
1167,ภาคตะวันออก,22,จันทบุรี,Chanthaburi,2208,แก่งหางแมว,Kaeng Hang Maeo,220802,ขุนซ่อง,Khun Song,22160
1168,ภาคตะวันออก,22,จันทบุรี,Chanthaburi,2208,แก่งหางแมว,Kaeng Hang Maeo,220803,สามพี่น้อง,Sam Phi Nong,22160
1169,ภาคตะวันออก,22,จันทบุรี,Chanthaburi,2208,แก่งหางแมว,Kaeng Hang Maeo,220804,พวา,Phawa,22160
1170,ภาคตะวันออก,22,จันทบุรี,Chanthaburi,2208,แก่งหางแมว,Kaeng Hang Maeo,220805,เขาวงกต,Khao Wongkot,22160
1171,ภาคตะวันออก,22,จันทบุรี,Chanthaburi,2209,นายายอาม,Na Yai Am,220901,นายายอาม,Na Yai Am,22160
1172,ภาคตะวันออก,22,จันทบุรี,Chanthaburi,2209,นายายอาม,Na Yai Am,220902,วังโตนด,Wang Tanot,22170
1173,ภาคตะวันออก,22,จันทบุรี,Chanthaburi,2209,นายายอาม,Na Yai Am,220903,กระแจะ,Krachae,22170
1174,ภาคตะวันออก,22,จันทบุรี,Chanthaburi,2209,นายายอาม,Na Yai Am,220904,สนามไชย,Sanam Chai,22170
1175,ภาคตะวันออก,22,จันทบุรี,Chanthaburi,2209,นายายอาม,Na Yai Am,220905,ช้างข้าม,Chang Kham,22160
1176,ภาคตะวันออก,22,จันทบุรี,Chanthaburi,2209,นายายอาม,Na Yai Am,220906,วังใหม่,Wang Mai,22170
1177,ภาคตะวันออก,22,จันทบุรี,Chanthaburi,2210,เขาคิชฌกูฏ,Khao Khitchakut,221001,ชากไทย,Chak Thai,22210
1178,ภาคตะวันออก,22,จันทบุรี,Chanthaburi,2210,เขาคิชฌกูฏ,Khao Khitchakut,221002,พลวง,Phluang,22210
1179,ภาคตะวันออก,22,จันทบุรี,Chanthaburi,2210,เขาคิชฌกูฏ,Khao Khitchakut,221003,ตะเคียนทอง,Takhian Thong,22210
1180,ภาคตะวันออก,22,จันทบุรี,Chanthaburi,2210,เขาคิชฌกูฏ,Khao Khitchakut,221004,คลองพลู,Khlong Phlu,22210
1181,ภาคตะวันออก,22,จันทบุรี,Chanthaburi,2210,เขาคิชฌกูฏ,Khao Khitchakut,221005,จันทเขลม,Chanthakhlem,22210
1182,ภาคตะวันออก,23,ตราด,Trat,2301,เมืองตราด,Mueang Trat,230101,บางพระ,Bang Phra,23000
1183,ภาคตะวันออก,23,ตราด,Trat,2301,เมืองตราด,Mueang Trat,230102,หนองเสม็ด,Nong Samet,23000
1184,ภาคตะวันออก,23,ตราด,Trat,2301,เมืองตราด,Mueang Trat,230103,หนองโสน,Nong Sano,23000
1185,ภาคตะวันออก,23,ตราด,Trat,2301,เมืองตราด,Mueang Trat,230104,หนองคันทรง,Nong Khan Song,23000
1186,ภาคตะวันออก,23,ตราด,Trat,2301,เมืองตราด,Mueang Trat,230105,ห้วงน้ำขาว,Huang Nam Khao,23000
1187,ภาคตะวันออก,23,ตราด,Trat,2301,เมืองตราด,Mueang Trat,230106,อ่าวใหญ่,Ao Yai,23000
1188,ภาคตะวันออก,23,ตราด,Trat,2301,เมืองตราด,Mueang Trat,230107,วังกระแจะ,Wang Krachae,23000
1189,ภาคตะวันออก,23,ตราด,Trat,2301,เมืองตราด,Mueang Trat,230108,ห้วยแร้ง,Huai Raeng,23000
1190,ภาคตะวันออก,23,ตราด,Trat,2301,เมืองตราด,Mueang Trat,230109,เนินทราย,Noen Sai,23000
1191,ภาคตะวันออก,23,ตราด,Trat,2301,เมืองตราด,Mueang Trat,230110,ท่าพริก,Tha Phrik,23000
1192,ภาคตะวันออก,23,ตราด,Trat,2301,เมืองตราด,Mueang Trat,230111,ท่ากุ่ม,Tha Kum,23000
1193,ภาคตะวันออก,23,ตราด,Trat,2301,เมืองตราด,Mueang Trat,230112,ตะกาง,Takang,23000
1194,ภาคตะวันออก,23,ตราด,Trat,2301,เมืองตราด,Mueang Trat,230113,ชำราก,Cham Rak,23000
1195,ภาคตะวันออก,23,ตราด,Trat,2301,เมืองตราด,Mueang Trat,230114,แหลมกลัด,Laem Klat,23000
1196,ภาคตะวันออก,23,ตราด,Trat,2302,คลองใหญ่,Khlong Yai,230201,คลองใหญ่,Khlong Yai,23110
1197,ภาคตะวันออก,23,ตราด,Trat,2302,คลองใหญ่,Khlong Yai,230202,ไม้รูด,Mai Rut,23110
1198,ภาคตะวันออก,23,ตราด,Trat,2302,คลองใหญ่,Khlong Yai,230203,หาดเล็ก,Hat Lek,23110
1199,ภาคตะวันออก,23,ตราด,Trat,2303,เขาสมิง,Khao Saming,230301,เขาสมิง,Khao Saming,23130
1200,ภาคตะวันออก,23,ตราด,Trat,2303,เขาสมิง,Khao Saming,230302,แสนตุ้ง,Saen Tung,23150
1201,ภาคตะวันออก,23,ตราด,Trat,2303,เขาสมิง,Khao Saming,230303,วังตะเคียน,Wang Takhian,23130
1202,ภาคตะวันออก,23,ตราด,Trat,2303,เขาสมิง,Khao Saming,230304,ท่าโสม,Tha Som,23150
1203,ภาคตะวันออก,23,ตราด,Trat,2303,เขาสมิง,Khao Saming,230305,สะตอ,Sato,23150
1204,ภาคตะวันออก,23,ตราด,Trat,2303,เขาสมิง,Khao Saming,230306,ประณีต,Pranit,23150
1205,ภาคตะวันออก,23,ตราด,Trat,2303,เขาสมิง,Khao Saming,230307,เทพนิมิต,Thep Nimit,23150
1206,ภาคตะวันออก,23,ตราด,Trat,2303,เขาสมิง,Khao Saming,230308,ทุ่งนนทรี,Thung Nonsi,23130
1207,ภาคตะวันออก,23,ตราด,Trat,2304,บ่อไร่,Bo Rai,230401,บ่อพลอย,Bo Phloi,23140
1208,ภาคตะวันออก,23,ตราด,Trat,2304,บ่อไร่,Bo Rai,230402,ช้างทูน,Chang Thun,23140
1209,ภาคตะวันออก,23,ตราด,Trat,2304,บ่อไร่,Bo Rai,230403,ด่านชุมพล,Dan Chumphon,23140
1210,ภาคตะวันออก,23,ตราด,Trat,2304,บ่อไร่,Bo Rai,230404,หนองบอน,Nong Bon,23140
1211,ภาคตะวันออก,23,ตราด,Trat,2304,บ่อไร่,Bo Rai,230405,นนทรีย์,Nonsi,23140
1212,ภาคตะวันออก,23,ตราด,Trat,2305,แหลมงอบ,Laem Ngop,230501,แหลมงอบ,Laem Ngop,23120
1213,ภาคตะวันออก,23,ตราด,Trat,2305,แหลมงอบ,Laem Ngop,230502,น้ำเชี่ยว,Nam Chiao,23120
1214,ภาคตะวันออก,23,ตราด,Trat,2305,แหลมงอบ,Laem Ngop,230503,บางปิด,Bang Pit,23120
1215,ภาคตะวันออก,23,ตราด,Trat,2305,แหลมงอบ,Laem Ngop,230507,คลองใหญ่,Khlong Yai,23120
1216,ภาคตะวันออก,23,ตราด,Trat,2306,เกาะกูด,Ko Kut,230601,เกาะหมาก,Ko Mak,23000
1217,ภาคตะวันออก,23,ตราด,Trat,2306,เกาะกูด,Ko Kut,230602,เกาะกูด,Ko Kut,23000
1218,ภาคตะวันออก,23,ตราด,Trat,2307,เกาะช้าง,Ko Chang,230701,เกาะช้าง,Ko Chang,23170
1219,ภาคตะวันออก,23,ตราด,Trat,2307,เกาะช้าง,Ko Chang,230702,เกาะช้างใต้,Ko Chang Tai,23170
1220,ภาคตะวันออก,24,ฉะเชิงเทรา,Chachoengsao,2401,เมืองฉะเชิงเทรา,Mueang Chachoengsao,240101,หน้าเมือง,Na Mueang,24000
1221,ภาคตะวันออก,24,ฉะเชิงเทรา,Chachoengsao,2401,เมืองฉะเชิงเทรา,Mueang Chachoengsao,240102,ท่าไข่,Tha Khai,24000
1222,ภาคตะวันออก,24,ฉะเชิงเทรา,Chachoengsao,2401,เมืองฉะเชิงเทรา,Mueang Chachoengsao,240103,บ้านใหม่,Ban Mai,24000
1223,ภาคตะวันออก,24,ฉะเชิงเทรา,Chachoengsao,2401,เมืองฉะเชิงเทรา,Mueang Chachoengsao,240104,คลองนา,Khlong Na,24000
1224,ภาคตะวันออก,24,ฉะเชิงเทรา,Chachoengsao,2401,เมืองฉะเชิงเทรา,Mueang Chachoengsao,240105,บางตีนเป็ด,Bang Tin Pet,24000
1225,ภาคตะวันออก,24,ฉะเชิงเทรา,Chachoengsao,2401,เมืองฉะเชิงเทรา,Mueang Chachoengsao,240106,บางไผ่,Bang Phai,24000
1226,ภาคตะวันออก,24,ฉะเชิงเทรา,Chachoengsao,2401,เมืองฉะเชิงเทรา,Mueang Chachoengsao,240107,คลองจุกกระเฌอ,Khlong Chuk Khachoe,24000
1227,ภาคตะวันออก,24,ฉะเชิงเทรา,Chachoengsao,2401,เมืองฉะเชิงเทรา,Mueang Chachoengsao,240108,บางแก้ว,Bang Kaeo,24000
1228,ภาคตะวันออก,24,ฉะเชิงเทรา,Chachoengsao,2401,เมืองฉะเชิงเทรา,Mueang Chachoengsao,240109,บางขวัญ,Bang Khwan,24000
1229,ภาคตะวันออก,24,ฉะเชิงเทรา,Chachoengsao,2401,เมืองฉะเชิงเทรา,Mueang Chachoengsao,240110,คลองนครเนื่องเขต,Khlong Nakhon Nueang Khet,24000
1230,ภาคตะวันออก,24,ฉะเชิงเทรา,Chachoengsao,2401,เมืองฉะเชิงเทรา,Mueang Chachoengsao,240111,วังตะเคียน,Wang Takhian,24000
1231,ภาคตะวันออก,24,ฉะเชิงเทรา,Chachoengsao,2401,เมืองฉะเชิงเทรา,Mueang Chachoengsao,240112,โสธร,Sothon,24000
1232,ภาคตะวันออก,24,ฉะเชิงเทรา,Chachoengsao,2401,เมืองฉะเชิงเทรา,Mueang Chachoengsao,240113,บางพระ,Bang Phra,24000
1233,ภาคตะวันออก,24,ฉะเชิงเทรา,Chachoengsao,2401,เมืองฉะเชิงเทรา,Mueang Chachoengsao,240114,บางกะไห,Bang Kahai,24000
1234,ภาคตะวันออก,24,ฉะเชิงเทรา,Chachoengsao,2401,เมืองฉะเชิงเทรา,Mueang Chachoengsao,240115,หนามแดง,Nam Daeng,24000
1235,ภาคตะวันออก,24,ฉะเชิงเทรา,Chachoengsao,2401,เมืองฉะเชิงเทรา,Mueang Chachoengsao,240116,คลองเปรง,Khlong Preng,24000
1236,ภาคตะวันออก,24,ฉะเชิงเทรา,Chachoengsao,2401,เมืองฉะเชิงเทรา,Mueang Chachoengsao,240117,คลองอุดมชลจร,Khlong Udom Chonlachon,24000
1237,ภาคตะวันออก,24,ฉะเชิงเทรา,Chachoengsao,2401,เมืองฉะเชิงเทรา,Mueang Chachoengsao,240118,คลองหลวงแพ่ง,Khlong Luang Phaeng,24000
1238,ภาคตะวันออก,24,ฉะเชิงเทรา,Chachoengsao,2401,เมืองฉะเชิงเทรา,Mueang Chachoengsao,240119,บางเตย,Bang Toei,24000
1239,ภาคตะวันออก,24,ฉะเชิงเทรา,Chachoengsao,2402,บางคล้า,Bang Khla,240201,บางคล้า,Bang Khla,24110
1240,ภาคตะวันออก,24,ฉะเชิงเทรา,Chachoengsao,2402,บางคล้า,Bang Khla,240204,บางสวน,Bang Suan,24110
1241,ภาคตะวันออก,24,ฉะเชิงเทรา,Chachoengsao,2402,บางคล้า,Bang Khla,240208,บางกระเจ็ด,Bang Krachet,24110
1242,ภาคตะวันออก,24,ฉะเชิงเทรา,Chachoengsao,2402,บางคล้า,Bang Khla,240209,ปากน้ำ,Pak Nam,24110
1243,ภาคตะวันออก,24,ฉะเชิงเทรา,Chachoengsao,2402,บางคล้า,Bang Khla,240210,ท่าทองหลาง,Tha Thong Lang,24110
1244,ภาคตะวันออก,24,ฉะเชิงเทรา,Chachoengsao,2402,บางคล้า,Bang Khla,240211,สาวชะโงก,Sao Cha-Ngo,24110
1245,ภาคตะวันออก,24,ฉะเชิงเทรา,Chachoengsao,2402,บางคล้า,Bang Khla,240212,เสม็ดเหนือ,Samet Nuea,24110
1246,ภาคตะวันออก,24,ฉะเชิงเทรา,Chachoengsao,2402,บางคล้า,Bang Khla,240213,เสม็ดใต้,Samet Tai,24110
1247,ภาคตะวันออก,24,ฉะเชิงเทรา,Chachoengsao,2402,บางคล้า,Bang Khla,240214,หัวไทร,Hua Sai,24110
1248,ภาคตะวันออก,24,ฉะเชิงเทรา,Chachoengsao,2403,บางน้ำเปรี้ยว,Bang Nam Priao,240301,บางน้ำเปรี้ยว,Bang Nam Priao,24150
1249,ภาคตะวันออก,24,ฉะเชิงเทรา,Chachoengsao,2403,บางน้ำเปรี้ยว,Bang Nam Priao,240302,บางขนาก,Bang Khanak,24150
1250,ภาคตะวันออก,24,ฉะเชิงเทรา,Chachoengsao,2403,บางน้ำเปรี้ยว,Bang Nam Priao,240303,สิงโตทอง,Singto Thong,24150
1251,ภาคตะวันออก,24,ฉะเชิงเทรา,Chachoengsao,2403,บางน้ำเปรี้ยว,Bang Nam Priao,240304,หมอนทอง,Mon Thong,24150
1252,ภาคตะวันออก,24,ฉะเชิงเทรา,Chachoengsao,2403,บางน้ำเปรี้ยว,Bang Nam Priao,240305,บึงน้ำรักษ์,Bueng Nam Rak,24170
1253,ภาคตะวันออก,24,ฉะเชิงเทรา,Chachoengsao,2403,บางน้ำเปรี้ยว,Bang Nam Priao,240306,ดอนเกาะกา,Don Ko Ka,24170
1254,ภาคตะวันออก,24,ฉะเชิงเทรา,Chachoengsao,2403,บางน้ำเปรี้ยว,Bang Nam Priao,240307,โยธะกา,Yothaka,24150
1255,ภาคตะวันออก,24,ฉะเชิงเทรา,Chachoengsao,2403,บางน้ำเปรี้ยว,Bang Nam Priao,240308,ดอนฉิมพลี,Don Chimphli,24170
1256,ภาคตะวันออก,24,ฉะเชิงเทรา,Chachoengsao,2403,บางน้ำเปรี้ยว,Bang Nam Priao,240309,ศาลาแดง,Sala Daeng,24000
1257,ภาคตะวันออก,24,ฉะเชิงเทรา,Chachoengsao,2403,บางน้ำเปรี้ยว,Bang Nam Priao,240310,โพรงอากาศ,Phrong Akat,24150
1258,ภาคตะวันออก,24,ฉะเชิงเทรา,Chachoengsao,2404,บางปะกง,Bang Pakong,240401,บางปะกง,Bang Pakong,24130
1259,ภาคตะวันออก,24,ฉะเชิงเทรา,Chachoengsao,2404,บางปะกง,Bang Pakong,240402,ท่าสะอ้าน,Tha Sa-An,24130
1260,ภาคตะวันออก,24,ฉะเชิงเทรา,Chachoengsao,2404,บางปะกง,Bang Pakong,240403,บางวัว,Bang Wua,24180
1261,ภาคตะวันออก,24,ฉะเชิงเทรา,Chachoengsao,2404,บางปะกง,Bang Pakong,240404,บางสมัคร,Bang Samak,24180
1262,ภาคตะวันออก,24,ฉะเชิงเทรา,Chachoengsao,2404,บางปะกง,Bang Pakong,240405,บางผึ้ง,Bang Phueng,24130
1263,ภาคตะวันออก,24,ฉะเชิงเทรา,Chachoengsao,2404,บางปะกง,Bang Pakong,240406,บางเกลือ,Bang Kluea,24180
1264,ภาคตะวันออก,24,ฉะเชิงเทรา,Chachoengsao,2404,บางปะกง,Bang Pakong,240407,สองคลอง,Song Khlong,24130
1265,ภาคตะวันออก,24,ฉะเชิงเทรา,Chachoengsao,2404,บางปะกง,Bang Pakong,240408,หนองจอก,Nong Chok,24130
1266,ภาคตะวันออก,24,ฉะเชิงเทรา,Chachoengsao,2404,บางปะกง,Bang Pakong,240409,พิมพา,Phimpha,24130
1267,ภาคตะวันออก,24,ฉะเชิงเทรา,Chachoengsao,2404,บางปะกง,Bang Pakong,240410,ท่าข้าม,Tha Kham,24130
1268,ภาคตะวันออก,24,ฉะเชิงเทรา,Chachoengsao,2404,บางปะกง,Bang Pakong,240411,หอมศีล,Hom Sin,24180
1269,ภาคตะวันออก,24,ฉะเชิงเทรา,Chachoengsao,2404,บางปะกง,Bang Pakong,240412,เขาดิน,Khao Din,24130
1270,ภาคตะวันออก,24,ฉะเชิงเทรา,Chachoengsao,2405,บ้านโพธิ์,Ban Pho,240501,บ้านโพธิ์,Ban Pho,24140
1271,ภาคตะวันออก,24,ฉะเชิงเทรา,Chachoengsao,2405,บ้านโพธิ์,Ban Pho,240502,เกาะไร่,Ko Rai,24140
1272,ภาคตะวันออก,24,ฉะเชิงเทรา,Chachoengsao,2405,บ้านโพธิ์,Ban Pho,240503,คลองขุด,Khlong Khut,24140
1273,ภาคตะวันออก,24,ฉะเชิงเทรา,Chachoengsao,2405,บ้านโพธิ์,Ban Pho,240504,คลองบ้านโพธิ์,Khlong Ban Pho,24140
1274,ภาคตะวันออก,24,ฉะเชิงเทรา,Chachoengsao,2405,บ้านโพธิ์,Ban Pho,240505,คลองประเวศ,Khlong Prawet,24140
1275,ภาคตะวันออก,24,ฉะเชิงเทรา,Chachoengsao,2405,บ้านโพธิ์,Ban Pho,240506,ดอนทราย,Don Sai,24140
1276,ภาคตะวันออก,24,ฉะเชิงเทรา,Chachoengsao,2405,บ้านโพธิ์,Ban Pho,240507,เทพราช,Theppharat,24140
1277,ภาคตะวันออก,24,ฉะเชิงเทรา,Chachoengsao,2405,บ้านโพธิ์,Ban Pho,240508,ท่าพลับ,Tha Phlap,24140
1278,ภาคตะวันออก,24,ฉะเชิงเทรา,Chachoengsao,2405,บ้านโพธิ์,Ban Pho,240509,หนองตีนนก,Nong Tin Nok,24140
1279,ภาคตะวันออก,24,ฉะเชิงเทรา,Chachoengsao,2405,บ้านโพธิ์,Ban Pho,240510,หนองบัว,Nong Bua,24140
1280,ภาคตะวันออก,24,ฉะเชิงเทรา,Chachoengsao,2405,บ้านโพธิ์,Ban Pho,240511,บางซ่อน,Bang Son,24140
1281,ภาคตะวันออก,24,ฉะเชิงเทรา,Chachoengsao,2405,บ้านโพธิ์,Ban Pho,240512,บางกรูด,Bang Krut,24140
1282,ภาคตะวันออก,24,ฉะเชิงเทรา,Chachoengsao,2405,บ้านโพธิ์,Ban Pho,240513,แหลมประดู่,Laem Pradu,24140
1283,ภาคตะวันออก,24,ฉะเชิงเทรา,Chachoengsao,2405,บ้านโพธิ์,Ban Pho,240514,ลาดขวาง,Lat Khwang,24140
1284,ภาคตะวันออก,24,ฉะเชิงเทรา,Chachoengsao,2405,บ้านโพธิ์,Ban Pho,240515,สนามจันทร์,Sanam Chan,24140
1285,ภาคตะวันออก,24,ฉะเชิงเทรา,Chachoengsao,2405,บ้านโพธิ์,Ban Pho,240516,แสนภูดาษ,Saen Phu Dat,24140
1286,ภาคตะวันออก,24,ฉะเชิงเทรา,Chachoengsao,2405,บ้านโพธิ์,Ban Pho,240517,สิบเอ็ดศอก,Sip Et Sok,24140
1287,ภาคตะวันออก,24,ฉะเชิงเทรา,Chachoengsao,2406,พนมสารคาม,Phanom Sarakham,240601,เกาะขนุน,Ko Khanun,24120
1288,ภาคตะวันออก,24,ฉะเชิงเทรา,Chachoengsao,2406,พนมสารคาม,Phanom Sarakham,240602,บ้านซ่อง,Ban Song,24120
1289,ภาคตะวันออก,24,ฉะเชิงเทรา,Chachoengsao,2406,พนมสารคาม,Phanom Sarakham,240603,พนมสารคาม,Phanom Sarakham,24120
1290,ภาคตะวันออก,24,ฉะเชิงเทรา,Chachoengsao,2406,พนมสารคาม,Phanom Sarakham,240604,เมืองเก่า,Mueang Kao,24120
1291,ภาคตะวันออก,24,ฉะเชิงเทรา,Chachoengsao,2406,พนมสารคาม,Phanom Sarakham,240605,หนองยาว,Nong Yao,24120
1292,ภาคตะวันออก,24,ฉะเชิงเทรา,Chachoengsao,2406,พนมสารคาม,Phanom Sarakham,240606,ท่าถ่าน,Tha Than,24120
1293,ภาคตะวันออก,24,ฉะเชิงเทรา,Chachoengsao,2406,พนมสารคาม,Phanom Sarakham,240607,หนองแหน,Nong Nae,24120
1294,ภาคตะวันออก,24,ฉะเชิงเทรา,Chachoengsao,2406,พนมสารคาม,Phanom Sarakham,240608,เขาหินซ้อน,Khao Hin Son,24120
1295,ภาคตะวันออก,24,ฉะเชิงเทรา,Chachoengsao,2407,ราชสาส์น,Ratchasan,240701,บางคา,Bang Kha,24120
1296,ภาคตะวันออก,24,ฉะเชิงเทรา,Chachoengsao,2407,ราชสาส์น,Ratchasan,240702,เมืองใหม่,Mueang Mai,24120
1297,ภาคตะวันออก,24,ฉะเชิงเทรา,Chachoengsao,2407,ราชสาส์น,Ratchasan,240703,ดงน้อย,Dong Noi,24120
1298,ภาคตะวันออก,24,ฉะเชิงเทรา,Chachoengsao,2408,สนามชัยเขต,Sanam Chai Khet,240801,คู้ยายหมี,Khu Yai Mi,24160
1299,ภาคตะวันออก,24,ฉะเชิงเทรา,Chachoengsao,2408,สนามชัยเขต,Sanam Chai Khet,240802,ท่ากระดาน,Tha Kradan,24160
1300,ภาคตะวันออก,24,ฉะเชิงเทรา,Chachoengsao,2408,สนามชัยเขต,Sanam Chai Khet,240803,ทุ่งพระยา,Thung Phraya,24160
1301,ภาคตะวันออก,24,ฉะเชิงเทรา,Chachoengsao,2408,สนามชัยเขต,Sanam Chai Khet,240805,ลาดกระทิง,Lat Krathing,24160
1302,ภาคตะวันออก,24,ฉะเชิงเทรา,Chachoengsao,2409,แปลงยาว,Pleang Yao,240901,แปลงยาว,Plaeng Yao,24190
1303,ภาคตะวันออก,24,ฉะเชิงเทรา,Chachoengsao,2409,แปลงยาว,Pleang Yao,240902,วังเย็น,Wang Yen,24190
1304,ภาคตะวันออก,24,ฉะเชิงเทรา,Chachoengsao,2409,แปลงยาว,Pleang Yao,240903,หัวสำโรง,Hua Samrong,24190
1305,ภาคตะวันออก,24,ฉะเชิงเทรา,Chachoengsao,2409,แปลงยาว,Pleang Yao,240904,หนองไม้แก่น,Nong Mai Kaen,24190
1306,ภาคตะวันออก,24,ฉะเชิงเทรา,Chachoengsao,2410,ท่าตะเกียบ,Tha Takiap,241001,ท่าตะเกียบ,Tha Takiap,24160
1307,ภาคตะวันออก,24,ฉะเชิงเทรา,Chachoengsao,2410,ท่าตะเกียบ,Tha Takiap,241002,คลองตะเกรา,Khlong Takrao,24160
1308,ภาคตะวันออก,24,ฉะเชิงเทรา,Chachoengsao,2411,คลองเขื่อน,Khlong Khuean,241101,ก้อนแก้ว,Kon Kaeo,24000
1309,ภาคตะวันออก,24,ฉะเชิงเทรา,Chachoengsao,2411,คลองเขื่อน,Khlong Khuean,241102,คลองเขื่อน,Khlong Khuean,24000
1310,ภาคตะวันออก,24,ฉะเชิงเทรา,Chachoengsao,2411,คลองเขื่อน,Khlong Khuean,241103,บางเล่า,Bang Lao,24000
1311,ภาคตะวันออก,24,ฉะเชิงเทรา,Chachoengsao,2411,คลองเขื่อน,Khlong Khuean,241104,บางโรง,Bang Rong,24000
1312,ภาคตะวันออก,24,ฉะเชิงเทรา,Chachoengsao,2411,คลองเขื่อน,Khlong Khuean,241105,บางตลาด,Bang Talat,24110
1313,ภาคตะวันออก,25,ปราจีนบุรี,Prachin Buri,2501,เมืองปราจีนบุรี,Mueang Prachin Buri,250101,หน้าเมือง,Na Mueang,25000
1314,ภาคตะวันออก,25,ปราจีนบุรี,Prachin Buri,2501,เมืองปราจีนบุรี,Mueang Prachin Buri,250102,รอบเมือง,Rop Mueang,25000
1315,ภาคตะวันออก,25,ปราจีนบุรี,Prachin Buri,2501,เมืองปราจีนบุรี,Mueang Prachin Buri,250103,วัดโบสถ์,Wat Bot,25000
1316,ภาคตะวันออก,25,ปราจีนบุรี,Prachin Buri,2501,เมืองปราจีนบุรี,Mueang Prachin Buri,250104,บางเดชะ,Bang Decha,25000
1317,ภาคตะวันออก,25,ปราจีนบุรี,Prachin Buri,2501,เมืองปราจีนบุรี,Mueang Prachin Buri,250105,ท่างาม,Tha Ngam,25000
1318,ภาคตะวันออก,25,ปราจีนบุรี,Prachin Buri,2501,เมืองปราจีนบุรี,Mueang Prachin Buri,250106,บางบริบูรณ์,Bang Boribun,25000
1319,ภาคตะวันออก,25,ปราจีนบุรี,Prachin Buri,2501,เมืองปราจีนบุรี,Mueang Prachin Buri,250107,ดงพระราม,Dong Phraram,25000
1320,ภาคตะวันออก,25,ปราจีนบุรี,Prachin Buri,2501,เมืองปราจีนบุรี,Mueang Prachin Buri,250108,บ้านพระ,Ban Phra,25230
1321,ภาคตะวันออก,25,ปราจีนบุรี,Prachin Buri,2501,เมืองปราจีนบุรี,Mueang Prachin Buri,250109,โคกไม้ลาย,Khok Mai Lai,25230
1322,ภาคตะวันออก,25,ปราจีนบุรี,Prachin Buri,2501,เมืองปราจีนบุรี,Mueang Prachin Buri,250110,ไม้เค็ด,Mai Khet,25230
1323,ภาคตะวันออก,25,ปราจีนบุรี,Prachin Buri,2501,เมืองปราจีนบุรี,Mueang Prachin Buri,250111,ดงขี้เหล็ก,Dong Khi Lek,25000
1324,ภาคตะวันออก,25,ปราจีนบุรี,Prachin Buri,2501,เมืองปราจีนบุรี,Mueang Prachin Buri,250112,เนินหอม,Noen Hom,25230
1325,ภาคตะวันออก,25,ปราจีนบุรี,Prachin Buri,2501,เมืองปราจีนบุรี,Mueang Prachin Buri,250113,โนนห้อม,Non Hom,25000
1326,ภาคตะวันออก,25,ปราจีนบุรี,Prachin Buri,2502,กบินทร์บุรี,Kabin Buri,250201,กบินทร์,Kabin,25110
1327,ภาคตะวันออก,25,ปราจีนบุรี,Prachin Buri,2502,กบินทร์บุรี,Kabin Buri,250202,เมืองเก่า,Mueang Kao,25240
1328,ภาคตะวันออก,25,ปราจีนบุรี,Prachin Buri,2502,กบินทร์บุรี,Kabin Buri,250203,วังดาล,Wang Dan,25110
1329,ภาคตะวันออก,25,ปราจีนบุรี,Prachin Buri,2502,กบินทร์บุรี,Kabin Buri,250204,นนทรี,Nonsi,25110
1330,ภาคตะวันออก,25,ปราจีนบุรี,Prachin Buri,2502,กบินทร์บุรี,Kabin Buri,250205,ย่านรี,Yan Ri,25110
1331,ภาคตะวันออก,25,ปราจีนบุรี,Prachin Buri,2502,กบินทร์บุรี,Kabin Buri,250206,วังตะเคียน,Wang Takhian,25110
1332,ภาคตะวันออก,25,ปราจีนบุรี,Prachin Buri,2502,กบินทร์บุรี,Kabin Buri,250207,หาดนางแก้ว,Hat Nang Kaeo,25110
1333,ภาคตะวันออก,25,ปราจีนบุรี,Prachin Buri,2502,กบินทร์บุรี,Kabin Buri,250208,ลาดตะเคียน,Lat Takhian,25110
1334,ภาคตะวันออก,25,ปราจีนบุรี,Prachin Buri,2502,กบินทร์บุรี,Kabin Buri,250209,บ้านนา,Ban Na,25110
1335,ภาคตะวันออก,25,ปราจีนบุรี,Prachin Buri,2502,กบินทร์บุรี,Kabin Buri,250210,บ่อทอง,Bo Thong,25110
1336,ภาคตะวันออก,25,ปราจีนบุรี,Prachin Buri,2502,กบินทร์บุรี,Kabin Buri,250211,หนองกี่,Nong Ki,25110
1337,ภาคตะวันออก,25,ปราจีนบุรี,Prachin Buri,2502,กบินทร์บุรี,Kabin Buri,250212,นาแขม,Na Khaem,25110
1338,ภาคตะวันออก,25,ปราจีนบุรี,Prachin Buri,2502,กบินทร์บุรี,Kabin Buri,250213,เขาไม้แก้ว,Khao Mai Kaeo,25110
1339,ภาคตะวันออก,25,ปราจีนบุรี,Prachin Buri,2502,กบินทร์บุรี,Kabin Buri,250214,วังท่าช้าง,Wang Tha Chang,25110
1340,ภาคตะวันออก,25,ปราจีนบุรี,Prachin Buri,2503,นาดี,Na Di,250301,นาดี,Na Di,25220
1341,ภาคตะวันออก,25,ปราจีนบุรี,Prachin Buri,2503,นาดี,Na Di,250302,สำพันตา,Sam Phan Ta,25220
1342,ภาคตะวันออก,25,ปราจีนบุรี,Prachin Buri,2503,นาดี,Na Di,250303,สะพานหิน,Saphan Hin,25220
1343,ภาคตะวันออก,25,ปราจีนบุรี,Prachin Buri,2503,นาดี,Na Di,250304,ทุ่งโพธิ์,Thung Pho,25220
1344,ภาคตะวันออก,25,ปราจีนบุรี,Prachin Buri,2503,นาดี,Na Di,250305,แก่งดินสอ,Kaeng Dinso,25220
1345,ภาคตะวันออก,25,ปราจีนบุรี,Prachin Buri,2503,นาดี,Na Di,250306,บุพราหมณ์,Bu Phram,25220
1346,ภาคตะวันออก,25,ปราจีนบุรี,Prachin Buri,2506,บ้านสร้าง,Ban Sang,250601,บ้านสร้าง,Ban Sang,25150
1347,ภาคตะวันออก,25,ปราจีนบุรี,Prachin Buri,2506,บ้านสร้าง,Ban Sang,250602,บางกระเบา,Bang Krabao,25150
1348,ภาคตะวันออก,25,ปราจีนบุรี,Prachin Buri,2506,บ้านสร้าง,Ban Sang,250603,บางเตย,Bang Toei,25150
1349,ภาคตะวันออก,25,ปราจีนบุรี,Prachin Buri,2506,บ้านสร้าง,Ban Sang,250604,บางยาง,Bang Yang,25150
1350,ภาคตะวันออก,25,ปราจีนบุรี,Prachin Buri,2506,บ้านสร้าง,Ban Sang,250605,บางแตน,Bang Taen,25150
1351,ภาคตะวันออก,25,ปราจีนบุรี,Prachin Buri,2506,บ้านสร้าง,Ban Sang,250606,บางพลวง,Bang Phluang,25150
1352,ภาคตะวันออก,25,ปราจีนบุรี,Prachin Buri,2506,บ้านสร้าง,Ban Sang,250607,บางปลาร้า,Bang Pla Ra,25150
1353,ภาคตะวันออก,25,ปราจีนบุรี,Prachin Buri,2506,บ้านสร้าง,Ban Sang,250608,บางขาม,Bang Kham,25150
1354,ภาคตะวันออก,25,ปราจีนบุรี,Prachin Buri,2506,บ้านสร้าง,Ban Sang,250609,กระทุ่มแพ้ว,Krathum Phaeo,25150
1355,ภาคตะวันออก,25,ปราจีนบุรี,Prachin Buri,2507,ประจันตคาม,Prachantakham,250701,ประจันตคาม,Prachantakham,25130
1356,ภาคตะวันออก,25,ปราจีนบุรี,Prachin Buri,2507,ประจันตคาม,Prachantakham,250702,เกาะลอย,Ko Loi,25130
1357,ภาคตะวันออก,25,ปราจีนบุรี,Prachin Buri,2507,ประจันตคาม,Prachantakham,250703,บ้านหอย,Ban Hoi,25130
1358,ภาคตะวันออก,25,ปราจีนบุรี,Prachin Buri,2507,ประจันตคาม,Prachantakham,250704,หนองแสง,Nong Saeng,25130
1359,ภาคตะวันออก,25,ปราจีนบุรี,Prachin Buri,2507,ประจันตคาม,Prachantakham,250705,ดงบัง,Dong Bang,25130
1360,ภาคตะวันออก,25,ปราจีนบุรี,Prachin Buri,2507,ประจันตคาม,Prachantakham,250706,คำโตนด,Kham Tanot,25130
1361,ภาคตะวันออก,25,ปราจีนบุรี,Prachin Buri,2507,ประจันตคาม,Prachantakham,250707,บุฝ้าย,Bu Fai,25130
1362,ภาคตะวันออก,25,ปราจีนบุรี,Prachin Buri,2507,ประจันตคาม,Prachantakham,250708,หนองแก้ว,Nong Kaeo,25130
1363,ภาคตะวันออก,25,ปราจีนบุรี,Prachin Buri,2507,ประจันตคาม,Prachantakham,250709,โพธิ์งาม,Pho Ngam,25130
1364,ภาคตะวันออก,25,ปราจีนบุรี,Prachin Buri,2508,ศรีมหาโพธิ,Si Maha Phot,250801,ศรีมหาโพธิ,Si Mahapho,25140
1365,ภาคตะวันออก,25,ปราจีนบุรี,Prachin Buri,2508,ศรีมหาโพธิ,Si Maha Phot,250802,สัมพันธ์,Samphan,25140
1366,ภาคตะวันออก,25,ปราจีนบุรี,Prachin Buri,2508,ศรีมหาโพธิ,Si Maha Phot,250803,บ้านทาม,Ban Tham,25140
1367,ภาคตะวันออก,25,ปราจีนบุรี,Prachin Buri,2508,ศรีมหาโพธิ,Si Maha Phot,250804,ท่าตูม,Tha Tum,25140
1368,ภาคตะวันออก,25,ปราจีนบุรี,Prachin Buri,2508,ศรีมหาโพธิ,Si Maha Phot,250805,บางกุ้ง,Bang Kung,25140
1369,ภาคตะวันออก,25,ปราจีนบุรี,Prachin Buri,2508,ศรีมหาโพธิ,Si Maha Phot,250806,ดงกระทงยาม,Dong Krathong Yam,25140
1370,ภาคตะวันออก,25,ปราจีนบุรี,Prachin Buri,2508,ศรีมหาโพธิ,Si Maha Phot,250807,หนองโพรง,Nong Phrong,25140
1371,ภาคตะวันออก,25,ปราจีนบุรี,Prachin Buri,2508,ศรีมหาโพธิ,Si Maha Phot,250808,หัวหว้า,Hua Wa,25140
1372,ภาคตะวันออก,25,ปราจีนบุรี,Prachin Buri,2508,ศรีมหาโพธิ,Si Maha Phot,250809,หาดยาง,Hat Yang,25140
1373,ภาคตะวันออก,25,ปราจีนบุรี,Prachin Buri,2508,ศรีมหาโพธิ,Si Maha Phot,250810,กรอกสมบูรณ์,Krok Sombun,25140
1374,ภาคตะวันออก,25,ปราจีนบุรี,Prachin Buri,2509,ศรีมโหสถ,Si Mahosot,250901,โคกปีบ,Khok Pip,25190
1375,ภาคตะวันออก,25,ปราจีนบุรี,Prachin Buri,2509,ศรีมโหสถ,Si Mahosot,250902,โคกไทย,Khok Thai,25190
1376,ภาคตะวันออก,25,ปราจีนบุรี,Prachin Buri,2509,ศรีมโหสถ,Si Mahosot,250903,คู้ลำพัน,Khu Lamphan,25190
1377,ภาคตะวันออก,25,ปราจีนบุรี,Prachin Buri,2509,ศรีมโหสถ,Si Mahosot,250904,ไผ่ชะเลือด,Phai Chalueat,25190
1378,ภาคกลาง,26,นครนายก,Nakhon Nayok,2601,เมืองนครนายก,Mueang Nakhon Nayok,260101,นครนายก,Nakhon Nayok,26000
1379,ภาคกลาง,26,นครนายก,Nakhon Nayok,2601,เมืองนครนายก,Mueang Nakhon Nayok,260102,ท่าช้าง,Tha Chang,26000
1380,ภาคกลาง,26,นครนายก,Nakhon Nayok,2601,เมืองนครนายก,Mueang Nakhon Nayok,260103,บ้านใหญ่,Ban Yai,26000
1381,ภาคกลาง,26,นครนายก,Nakhon Nayok,2601,เมืองนครนายก,Mueang Nakhon Nayok,260104,วังกระโจม,Wang Krachom,26000
1382,ภาคกลาง,26,นครนายก,Nakhon Nayok,2601,เมืองนครนายก,Mueang Nakhon Nayok,260105,ท่าทราย,Tha Sai,26000
1383,ภาคกลาง,26,นครนายก,Nakhon Nayok,2601,เมืองนครนายก,Mueang Nakhon Nayok,260106,ดอนยอ,Don Yo,26000
1384,ภาคกลาง,26,นครนายก,Nakhon Nayok,2601,เมืองนครนายก,Mueang Nakhon Nayok,260107,ศรีจุฬา,Si Chula,26000
1385,ภาคกลาง,26,นครนายก,Nakhon Nayok,2601,เมืองนครนายก,Mueang Nakhon Nayok,260108,ดงละคร,Dong Lakhon,26000
1386,ภาคกลาง,26,นครนายก,Nakhon Nayok,2601,เมืองนครนายก,Mueang Nakhon Nayok,260109,ศรีนาวา,Si Nawa,26000
1387,ภาคกลาง,26,นครนายก,Nakhon Nayok,2601,เมืองนครนายก,Mueang Nakhon Nayok,260110,สาริกา,Sarika,26000
1388,ภาคกลาง,26,นครนายก,Nakhon Nayok,2601,เมืองนครนายก,Mueang Nakhon Nayok,260111,หินตั้ง,Hin Tang,26000
1389,ภาคกลาง,26,นครนายก,Nakhon Nayok,2601,เมืองนครนายก,Mueang Nakhon Nayok,260112,เขาพระ,Khao Phra,26000
1390,ภาคกลาง,26,นครนายก,Nakhon Nayok,2601,เมืองนครนายก,Mueang Nakhon Nayok,260113,พรหมณี,Phrommani,26000
1391,ภาคกลาง,26,นครนายก,Nakhon Nayok,2602,ปากพลี,Pak Phli,260201,เกาะหวาย,Ko Wai,26130
1392,ภาคกลาง,26,นครนายก,Nakhon Nayok,2602,ปากพลี,Pak Phli,260202,เกาะโพธิ์,Ko Pho,26130
1393,ภาคกลาง,26,นครนายก,Nakhon Nayok,2602,ปากพลี,Pak Phli,260203,ปากพลี,Pak Phli,26130
1394,ภาคกลาง,26,นครนายก,Nakhon Nayok,2602,ปากพลี,Pak Phli,260204,โคกกรวด,Khok Kruat,26130
1395,ภาคกลาง,26,นครนายก,Nakhon Nayok,2602,ปากพลี,Pak Phli,260205,ท่าเรือ,Tha Ruea,26130
1396,ภาคกลาง,26,นครนายก,Nakhon Nayok,2602,ปากพลี,Pak Phli,260206,หนองแสง,Nong Saeng,26130
1397,ภาคกลาง,26,นครนายก,Nakhon Nayok,2602,ปากพลี,Pak Phli,260207,นาหินลาด,Na Hin Lat,26130
1398,ภาคกลาง,26,นครนายก,Nakhon Nayok,2603,บ้านนา,Ban Na,260301,บ้านนา,Ban Na,26110
1399,ภาคกลาง,26,นครนายก,Nakhon Nayok,2603,บ้านนา,Ban Na,260302,บ้านพร้าว,Ban Phrao,26110
1400,ภาคกลาง,26,นครนายก,Nakhon Nayok,2603,บ้านนา,Ban Na,260303,บ้านพริก,Ban Phrik,26110
1401,ภาคกลาง,26,นครนายก,Nakhon Nayok,2603,บ้านนา,Ban Na,260304,อาษา,A Sa,26110
1402,ภาคกลาง,26,นครนายก,Nakhon Nayok,2603,บ้านนา,Ban Na,260305,ทองหลาง,Thong Lang,26110
1403,ภาคกลาง,26,นครนายก,Nakhon Nayok,2603,บ้านนา,Ban Na,260306,บางอ้อ,Bang O,26110
1404,ภาคกลาง,26,นครนายก,Nakhon Nayok,2603,บ้านนา,Ban Na,260307,พิกุลออก,Phikun Ok,26110
1405,ภาคกลาง,26,นครนายก,Nakhon Nayok,2603,บ้านนา,Ban Na,260308,ป่าขะ,Pa Kha,26110
1406,ภาคกลาง,26,นครนายก,Nakhon Nayok,2603,บ้านนา,Ban Na,260309,เขาเพิ่ม,Khao Phoem,26110
1407,ภาคกลาง,26,นครนายก,Nakhon Nayok,2603,บ้านนา,Ban Na,260310,ศรีกะอาง,Si Ka-Ang,26110
1408,ภาคกลาง,26,นครนายก,Nakhon Nayok,2604,องครักษ์,Ongkharak,260401,พระอาจารย์,Phra Achan,26120
1409,ภาคกลาง,26,นครนายก,Nakhon Nayok,2604,องครักษ์,Ongkharak,260402,บึงศาล,Bueng San,26120
1410,ภาคกลาง,26,นครนายก,Nakhon Nayok,2604,องครักษ์,Ongkharak,260403,ศีรษะกระบือ,Sisa Krabue,26120
1411,ภาคกลาง,26,นครนายก,Nakhon Nayok,2604,องครักษ์,Ongkharak,260404,โพธิ์แทน,Pho Thaen,26120
1412,ภาคกลาง,26,นครนายก,Nakhon Nayok,2604,องครักษ์,Ongkharak,260405,บางสมบูรณ์,Bang Sombun,26120
1413,ภาคกลาง,26,นครนายก,Nakhon Nayok,2604,องครักษ์,Ongkharak,260406,ทรายมูล,Sai Mun,26120
1414,ภาคกลาง,26,นครนายก,Nakhon Nayok,2604,องครักษ์,Ongkharak,260407,บางปลากด,Bang Pla Kot,26120
1415,ภาคกลาง,26,นครนายก,Nakhon Nayok,2604,องครักษ์,Ongkharak,260408,บางลูกเสือ,Bang Luk Suea,26120
1416,ภาคกลาง,26,นครนายก,Nakhon Nayok,2604,องครักษ์,Ongkharak,260409,องครักษ์,Ongkharak,26120
1417,ภาคกลาง,26,นครนายก,Nakhon Nayok,2604,องครักษ์,Ongkharak,260410,ชุมพล,Chum Phon,26120
1418,ภาคกลาง,26,นครนายก,Nakhon Nayok,2604,องครักษ์,Ongkharak,260411,คลองใหญ่,Khlong Yai,26120
1419,ภาคตะวันออก,27,สระแก้ว,Sa Kaeo,2701,เมืองสระแก้ว,Mueang Sa Kaeo,270101,สระแก้ว,Sa Kaeo,27000
1420,ภาคตะวันออก,27,สระแก้ว,Sa Kaeo,2701,เมืองสระแก้ว,Mueang Sa Kaeo,270102,บ้านแก้ง,Ban Kaeng,27000
1421,ภาคตะวันออก,27,สระแก้ว,Sa Kaeo,2701,เมืองสระแก้ว,Mueang Sa Kaeo,270103,ศาลาลำดวน,Sala Lamduan,27000
1422,ภาคตะวันออก,27,สระแก้ว,Sa Kaeo,2701,เมืองสระแก้ว,Mueang Sa Kaeo,270104,โคกปี่ฆ้อง,Khok Pi Khong,27000
1423,ภาคตะวันออก,27,สระแก้ว,Sa Kaeo,2701,เมืองสระแก้ว,Mueang Sa Kaeo,270105,ท่าแยก,Tha Yaek,27000
1424,ภาคตะวันออก,27,สระแก้ว,Sa Kaeo,2701,เมืองสระแก้ว,Mueang Sa Kaeo,270106,ท่าเกษม,Tha Kasem,27000
1425,ภาคตะวันออก,27,สระแก้ว,Sa Kaeo,2701,เมืองสระแก้ว,Mueang Sa Kaeo,270108,สระขวัญ,Sa Khwan,27000
1426,ภาคตะวันออก,27,สระแก้ว,Sa Kaeo,2701,เมืองสระแก้ว,Mueang Sa Kaeo,270111,หนองบอน,Nong Bon,27000
1427,ภาคตะวันออก,27,สระแก้ว,Sa Kaeo,2702,คลองหาด,Khlong Hat,270201,คลองหาด,Khlong Hat,27260
1428,ภาคตะวันออก,27,สระแก้ว,Sa Kaeo,2702,คลองหาด,Khlong Hat,270202,ไทยอุดม,Thai Udom,27260
1429,ภาคตะวันออก,27,สระแก้ว,Sa Kaeo,2702,คลองหาด,Khlong Hat,270203,ซับมะกรูด,Sap Makrut,27260
1430,ภาคตะวันออก,27,สระแก้ว,Sa Kaeo,2702,คลองหาด,Khlong Hat,270204,ไทรเดี่ยว,Sai Diao,27260
1431,ภาคตะวันออก,27,สระแก้ว,Sa Kaeo,2702,คลองหาด,Khlong Hat,270205,คลองไก่เถื่อน,Khlong Kai Thuean,27260
1432,ภาคตะวันออก,27,สระแก้ว,Sa Kaeo,2702,คลองหาด,Khlong Hat,270206,เบญจขร,Benchakhon,27260
1433,ภาคตะวันออก,27,สระแก้ว,Sa Kaeo,2702,คลองหาด,Khlong Hat,270207,ไทรทอง,Sai Thong,27260
1434,ภาคตะวันออก,27,สระแก้ว,Sa Kaeo,2703,ตาพระยา,Ta Phraya,270301,ตาพระยา,Ta Phraya,27180
1435,ภาคตะวันออก,27,สระแก้ว,Sa Kaeo,2703,ตาพระยา,Ta Phraya,270302,ทัพเสด็จ,Thap Sadet,27180
1436,ภาคตะวันออก,27,สระแก้ว,Sa Kaeo,2703,ตาพระยา,Ta Phraya,270306,ทัพราช,Thappharat,27180
1437,ภาคตะวันออก,27,สระแก้ว,Sa Kaeo,2703,ตาพระยา,Ta Phraya,270307,ทัพไทย,Thap Thai,27180
1438,ภาคตะวันออก,27,สระแก้ว,Sa Kaeo,2703,ตาพระยา,Ta Phraya,270309,โคคลาน,Khot Lan,27180
1439,ภาคตะวันออก,27,สระแก้ว,Sa Kaeo,2704,วังน้ำเย็น,Wang Nam Yen,270401,วังน้ำเย็น,Wang Nam Yen,27210
1440,ภาคตะวันออก,27,สระแก้ว,Sa Kaeo,2704,วังน้ำเย็น,Wang Nam Yen,270403,ตาหลังใน,Ta Lang Nai,27210
1441,ภาคตะวันออก,27,สระแก้ว,Sa Kaeo,2704,วังน้ำเย็น,Wang Nam Yen,270405,คลองหินปูน,Khlong Hin Pun,27210
1442,ภาคตะวันออก,27,สระแก้ว,Sa Kaeo,2704,วังน้ำเย็น,Wang Nam Yen,270406,ทุ่งมหาเจริญ,Thung Mahacharoen,27210
1443,ภาคตะวันออก,27,สระแก้ว,Sa Kaeo,2705,วัฒนานคร,Watthana Nakhon,270501,วัฒนานคร,Watthana Nakhon,27160
1444,ภาคตะวันออก,27,สระแก้ว,Sa Kaeo,2705,วัฒนานคร,Watthana Nakhon,270502,ท่าเกวียน,Tha Kwian,27160
1445,ภาคตะวันออก,27,สระแก้ว,Sa Kaeo,2705,วัฒนานคร,Watthana Nakhon,270503,ผักขะ,Phak Kha,27160
1446,ภาคตะวันออก,27,สระแก้ว,Sa Kaeo,2705,วัฒนานคร,Watthana Nakhon,270504,โนนหมากเค็ง,Non Mak Kheng,27160
1447,ภาคตะวันออก,27,สระแก้ว,Sa Kaeo,2705,วัฒนานคร,Watthana Nakhon,270505,หนองน้ำใส,Nong Nam Sai,27160
1448,ภาคตะวันออก,27,สระแก้ว,Sa Kaeo,2705,วัฒนานคร,Watthana Nakhon,270506,ช่องกุ่ม,Chong Kum,27160
1449,ภาคตะวันออก,27,สระแก้ว,Sa Kaeo,2705,วัฒนานคร,Watthana Nakhon,270507,หนองแวง,Nong Waeng,27160
1450,ภาคตะวันออก,27,สระแก้ว,Sa Kaeo,2705,วัฒนานคร,Watthana Nakhon,270508,แซร์ออ,Sae-O,27160
1451,ภาคตะวันออก,27,สระแก้ว,Sa Kaeo,2705,วัฒนานคร,Watthana Nakhon,270509,หนองหมากฝ้าย,Nong Mak Fai,27160
1452,ภาคตะวันออก,27,สระแก้ว,Sa Kaeo,2705,วัฒนานคร,Watthana Nakhon,270510,หนองตะเคียนบอน,Nong Takhian Bon,27160
1453,ภาคตะวันออก,27,สระแก้ว,Sa Kaeo,2705,วัฒนานคร,Watthana Nakhon,270511,ห้วยโจด,Huai Chot,27160
1454,ภาคตะวันออก,27,สระแก้ว,Sa Kaeo,2706,อรัญประเทศ,Aranyaprathet,270601,อรัญประเทศ,Aranya Prathet,27120
1455,ภาคตะวันออก,27,สระแก้ว,Sa Kaeo,2706,อรัญประเทศ,Aranyaprathet,270602,เมืองไผ่,Mueang Phai,27120
1456,ภาคตะวันออก,27,สระแก้ว,Sa Kaeo,2706,อรัญประเทศ,Aranyaprathet,270603,หันทราย,Han Sai,27120
1457,ภาคตะวันออก,27,สระแก้ว,Sa Kaeo,2706,อรัญประเทศ,Aranyaprathet,270604,คลองน้ำใส,Khlong Nam Sai,27120
1458,ภาคตะวันออก,27,สระแก้ว,Sa Kaeo,2706,อรัญประเทศ,Aranyaprathet,270605,ท่าข้าม,Tha Kham,27120
1459,ภาคตะวันออก,27,สระแก้ว,Sa Kaeo,2706,อรัญประเทศ,Aranyaprathet,270606,ป่าไร่,Pa Rai,27120
1460,ภาคตะวันออก,27,สระแก้ว,Sa Kaeo,2706,อรัญประเทศ,Aranyaprathet,270607,ทับพริก,Thap Phrik,27120
1461,ภาคตะวันออก,27,สระแก้ว,Sa Kaeo,2706,อรัญประเทศ,Aranyaprathet,270608,บ้านใหม่หนองไทร,Ban Mai Nong Sai,27120
1462,ภาคตะวันออก,27,สระแก้ว,Sa Kaeo,2706,อรัญประเทศ,Aranyaprathet,270609,ผ่านศึก,Phan Suek,27120
1463,ภาคตะวันออก,27,สระแก้ว,Sa Kaeo,2706,อรัญประเทศ,Aranyaprathet,270610,หนองสังข์,Nong Sang,27120
1464,ภาคตะวันออก,27,สระแก้ว,Sa Kaeo,2706,อรัญประเทศ,Aranyaprathet,270611,คลองทับจันทร์,Khlong Thap Chan,27120
1465,ภาคตะวันออก,27,สระแก้ว,Sa Kaeo,2706,อรัญประเทศ,Aranyaprathet,270612,ฟากห้วย,Fak Huai,27120
1466,ภาคตะวันออก,27,สระแก้ว,Sa Kaeo,2706,อรัญประเทศ,Aranyaprathet,270613,บ้านด่าน,Ban Dan,27120
1467,ภาคตะวันออก,27,สระแก้ว,Sa Kaeo,2707,เขาฉกรรจ์,Khao Chakan,270701,เขาฉกรรจ์,Khao Chakan,27000
1468,ภาคตะวันออก,27,สระแก้ว,Sa Kaeo,2707,เขาฉกรรจ์,Khao Chakan,270702,หนองหว้า,Nong Wa,27000
1469,ภาคตะวันออก,27,สระแก้ว,Sa Kaeo,2707,เขาฉกรรจ์,Khao Chakan,270703,พระเพลิง,Phra Phloeng,27000
1470,ภาคตะวันออก,27,สระแก้ว,Sa Kaeo,2707,เขาฉกรรจ์,Khao Chakan,270704,เขาสามสิบ,Khao Sam Sip,27000
1471,ภาคตะวันออก,27,สระแก้ว,Sa Kaeo,2708,โคกสูง,Khok Sung,270801,โคกสูง,Khok Sung,27120
1472,ภาคตะวันออก,27,สระแก้ว,Sa Kaeo,2708,โคกสูง,Khok Sung,270802,หนองม่วง,Nong Muang,27180
1473,ภาคตะวันออก,27,สระแก้ว,Sa Kaeo,2708,โคกสูง,Khok Sung,270803,หนองแวง,Nong Waeng,27180
1474,ภาคตะวันออก,27,สระแก้ว,Sa Kaeo,2708,โคกสูง,Khok Sung,270804,โนนหมากมุ่น,Non Mak Mun,27120
1475,ภาคตะวันออก,27,สระแก้ว,Sa Kaeo,2709,วังสมบูรณ์,Wang Sombun,270901,วังสมบูรณ์,Wang Sombun,27250
1476,ภาคตะวันออก,27,สระแก้ว,Sa Kaeo,2709,วังสมบูรณ์,Wang Sombun,270902,วังใหม่,Wang Mai,27250
1477,ภาคตะวันออก,27,สระแก้ว,Sa Kaeo,2709,วังสมบูรณ์,Wang Sombun,270903,วังทอง,Wang Thong,27250
1478,ภาคตะวันออกเฉียงเหนือ,30,นครราชสีมา,Nakhon Ratchasima,3001,เมืองนครราชสีมา,Mueang Nakhon Ratchasima,300101,ในเมือง,Nai Mueang,30000
1479,ภาคตะวันออกเฉียงเหนือ,30,นครราชสีมา,Nakhon Ratchasima,3001,เมืองนครราชสีมา,Mueang Nakhon Ratchasima,300102,โพธิ์กลาง,Pho Klang,30000
1480,ภาคตะวันออกเฉียงเหนือ,30,นครราชสีมา,Nakhon Ratchasima,3001,เมืองนครราชสีมา,Mueang Nakhon Ratchasima,300103,หนองจะบก,Nong Chabok,30000
1481,ภาคตะวันออกเฉียงเหนือ,30,นครราชสีมา,Nakhon Ratchasima,3001,เมืองนครราชสีมา,Mueang Nakhon Ratchasima,300104,โคกสูง,Khok Sung,30310
1482,ภาคตะวันออกเฉียงเหนือ,30,นครราชสีมา,Nakhon Ratchasima,3001,เมืองนครราชสีมา,Mueang Nakhon Ratchasima,300105,มะเริง,Maroeng,30000
1483,ภาคตะวันออกเฉียงเหนือ,30,นครราชสีมา,Nakhon Ratchasima,3001,เมืองนครราชสีมา,Mueang Nakhon Ratchasima,300106,หนองระเวียง,Nong Rawiang,30000
1484,ภาคตะวันออกเฉียงเหนือ,30,นครราชสีมา,Nakhon Ratchasima,3001,เมืองนครราชสีมา,Mueang Nakhon Ratchasima,300107,ปรุใหญ่,Pru Yai,30000
1485,ภาคตะวันออกเฉียงเหนือ,30,นครราชสีมา,Nakhon Ratchasima,3001,เมืองนครราชสีมา,Mueang Nakhon Ratchasima,300108,หมื่นไวย,Muen Wai,30000
1486,ภาคตะวันออกเฉียงเหนือ,30,นครราชสีมา,Nakhon Ratchasima,3001,เมืองนครราชสีมา,Mueang Nakhon Ratchasima,300109,พลกรัง,Phon Krang,30000
1487,ภาคตะวันออกเฉียงเหนือ,30,นครราชสีมา,Nakhon Ratchasima,3001,เมืองนครราชสีมา,Mueang Nakhon Ratchasima,300110,หนองไผ่ล้อม,Nong Phai Lom,30000
1488,ภาคตะวันออกเฉียงเหนือ,30,นครราชสีมา,Nakhon Ratchasima,3001,เมืองนครราชสีมา,Mueang Nakhon Ratchasima,300111,หัวทะเล,Hua Thale,30000
1489,ภาคตะวันออกเฉียงเหนือ,30,นครราชสีมา,Nakhon Ratchasima,3001,เมืองนครราชสีมา,Mueang Nakhon Ratchasima,300112,บ้านเกาะ,Ban Ko,30000
1490,ภาคตะวันออกเฉียงเหนือ,30,นครราชสีมา,Nakhon Ratchasima,3001,เมืองนครราชสีมา,Mueang Nakhon Ratchasima,300113,บ้านใหม่,Ban Mai,30000
1491,ภาคตะวันออกเฉียงเหนือ,30,นครราชสีมา,Nakhon Ratchasima,3001,เมืองนครราชสีมา,Mueang Nakhon Ratchasima,300114,พุดซา,Phut Sa,30000
1492,ภาคตะวันออกเฉียงเหนือ,30,นครราชสีมา,Nakhon Ratchasima,3001,เมืองนครราชสีมา,Mueang Nakhon Ratchasima,300115,บ้านโพธิ์,Ban Pho,30310
1493,ภาคตะวันออกเฉียงเหนือ,30,นครราชสีมา,Nakhon Ratchasima,3001,เมืองนครราชสีมา,Mueang Nakhon Ratchasima,300116,จอหอ,Cho Ho,30310
1494,ภาคตะวันออกเฉียงเหนือ,30,นครราชสีมา,Nakhon Ratchasima,3001,เมืองนครราชสีมา,Mueang Nakhon Ratchasima,300117,โคกกรวด,Khok Kruat,30280
1495,ภาคตะวันออกเฉียงเหนือ,30,นครราชสีมา,Nakhon Ratchasima,3001,เมืองนครราชสีมา,Mueang Nakhon Ratchasima,300118,ไชยมงคล,Chai Mongkhon,30000
1496,ภาคตะวันออกเฉียงเหนือ,30,นครราชสีมา,Nakhon Ratchasima,3001,เมืองนครราชสีมา,Mueang Nakhon Ratchasima,300119,หนองบัวศาลา,Nong Bua Sala,30000
1497,ภาคตะวันออกเฉียงเหนือ,30,นครราชสีมา,Nakhon Ratchasima,3001,เมืองนครราชสีมา,Mueang Nakhon Ratchasima,300120,สุรนารี,Suranari,30000
1498,ภาคตะวันออกเฉียงเหนือ,30,นครราชสีมา,Nakhon Ratchasima,3001,เมืองนครราชสีมา,Mueang Nakhon Ratchasima,300121,สีมุม,Si Mum,30000
1499,ภาคตะวันออกเฉียงเหนือ,30,นครราชสีมา,Nakhon Ratchasima,3001,เมืองนครราชสีมา,Mueang Nakhon Ratchasima,300122,ตลาด,Talat,30310
1500,ภาคตะวันออกเฉียงเหนือ,30,นครราชสีมา,Nakhon Ratchasima,3001,เมืองนครราชสีมา,Mueang Nakhon Ratchasima,300123,พะเนา,Phanao,30000
1501,ภาคตะวันออกเฉียงเหนือ,30,นครราชสีมา,Nakhon Ratchasima,3001,เมืองนครราชสีมา,Mueang Nakhon Ratchasima,300124,หนองกระทุ่ม,Nong Krathum,30000
1502,ภาคตะวันออกเฉียงเหนือ,30,นครราชสีมา,Nakhon Ratchasima,3001,เมืองนครราชสีมา,Mueang Nakhon Ratchasima,300125,หนองไข่น้ำ,Nong Khai Nam,30310
1503,ภาคตะวันออกเฉียงเหนือ,30,นครราชสีมา,Nakhon Ratchasima,3002,ครบุรี,Khon Buri,300201,แชะ,Chae,30250
1504,ภาคตะวันออกเฉียงเหนือ,30,นครราชสีมา,Nakhon Ratchasima,3002,ครบุรี,Khon Buri,300202,เฉลียง,Chaliang,30250
1505,ภาคตะวันออกเฉียงเหนือ,30,นครราชสีมา,Nakhon Ratchasima,3002,ครบุรี,Khon Buri,300203,ครบุรี,Khon Buri,30250
1506,ภาคตะวันออกเฉียงเหนือ,30,นครราชสีมา,Nakhon Ratchasima,3002,ครบุรี,Khon Buri,300204,โคกกระชาย,Khok Krachai,30250
1507,ภาคตะวันออกเฉียงเหนือ,30,นครราชสีมา,Nakhon Ratchasima,3002,ครบุรี,Khon Buri,300205,จระเข้หิน,Chorakhe Hin,30250
1508,ภาคตะวันออกเฉียงเหนือ,30,นครราชสีมา,Nakhon Ratchasima,3002,ครบุรี,Khon Buri,300206,มาบตะโกเอน,Map Tako En,30250
1509,ภาคตะวันออกเฉียงเหนือ,30,นครราชสีมา,Nakhon Ratchasima,3002,ครบุรี,Khon Buri,300207,อรพิมพ์,Oraphim,30250
1510,ภาคตะวันออกเฉียงเหนือ,30,นครราชสีมา,Nakhon Ratchasima,3002,ครบุรี,Khon Buri,300208,บ้านใหม่,Ban Mai,30250
1511,ภาคตะวันออกเฉียงเหนือ,30,นครราชสีมา,Nakhon Ratchasima,3002,ครบุรี,Khon Buri,300209,ลำเพียก,Lamphiak,30250
1512,ภาคตะวันออกเฉียงเหนือ,30,นครราชสีมา,Nakhon Ratchasima,3002,ครบุรี,Khon Buri,300210,ครบุรีใต้,Khon Buri Tai,30250
1513,ภาคตะวันออกเฉียงเหนือ,30,นครราชสีมา,Nakhon Ratchasima,3002,ครบุรี,Khon Buri,300211,ตะแบกบาน,Tabaek Ban,30250
1514,ภาคตะวันออกเฉียงเหนือ,30,นครราชสีมา,Nakhon Ratchasima,3002,ครบุรี,Khon Buri,300212,สระว่านพระยา,Sa Wan Phraya,30250
1515,ภาคตะวันออกเฉียงเหนือ,30,นครราชสีมา,Nakhon Ratchasima,3003,เสิงสาง,Soeng Sang,300301,เสิงสาง,Soeng Sang,30330
1516,ภาคตะวันออกเฉียงเหนือ,30,นครราชสีมา,Nakhon Ratchasima,3003,เสิงสาง,Soeng Sang,300302,สระตะเคียน,Sa Takhian,30330
1517,ภาคตะวันออกเฉียงเหนือ,30,นครราชสีมา,Nakhon Ratchasima,3003,เสิงสาง,Soeng Sang,300303,โนนสมบูรณ์,Non Sombun,30330
1518,ภาคตะวันออกเฉียงเหนือ,30,นครราชสีมา,Nakhon Ratchasima,3003,เสิงสาง,Soeng Sang,300304,กุดโบสถ์,Kut Bot,30330
1519,ภาคตะวันออกเฉียงเหนือ,30,นครราชสีมา,Nakhon Ratchasima,3003,เสิงสาง,Soeng Sang,300305,สุขไพบูลย์,Suk Phaibun,30330
1520,ภาคตะวันออกเฉียงเหนือ,30,นครราชสีมา,Nakhon Ratchasima,3003,เสิงสาง,Soeng Sang,300306,บ้านราษฎร์,Ban Rat,30330
1521,ภาคตะวันออกเฉียงเหนือ,30,นครราชสีมา,Nakhon Ratchasima,3004,คง,Khong,300401,เมืองคง,Mueang Khong,30260
1522,ภาคตะวันออกเฉียงเหนือ,30,นครราชสีมา,Nakhon Ratchasima,3004,คง,Khong,300402,คูขาด,Khu Khat,30260
1523,ภาคตะวันออกเฉียงเหนือ,30,นครราชสีมา,Nakhon Ratchasima,3004,คง,Khong,300403,เทพาลัย,Thephalai,30260
1524,ภาคตะวันออกเฉียงเหนือ,30,นครราชสีมา,Nakhon Ratchasima,3004,คง,Khong,300404,ตาจั่น,Ta Chan,30260
1525,ภาคตะวันออกเฉียงเหนือ,30,นครราชสีมา,Nakhon Ratchasima,3004,คง,Khong,300405,บ้านปรางค์,Ban Prang,30260
1526,ภาคตะวันออกเฉียงเหนือ,30,นครราชสีมา,Nakhon Ratchasima,3004,คง,Khong,300406,หนองมะนาว,Nong Manao,30260
1527,ภาคตะวันออกเฉียงเหนือ,30,นครราชสีมา,Nakhon Ratchasima,3004,คง,Khong,300407,หนองบัว,Nong Bua,30260
1528,ภาคตะวันออกเฉียงเหนือ,30,นครราชสีมา,Nakhon Ratchasima,3004,คง,Khong,300408,โนนเต็ง,Non Teng,30260
1529,ภาคตะวันออกเฉียงเหนือ,30,นครราชสีมา,Nakhon Ratchasima,3004,คง,Khong,300409,ดอนใหญ่,Don Yai,30260
1530,ภาคตะวันออกเฉียงเหนือ,30,นครราชสีมา,Nakhon Ratchasima,3004,คง,Khong,300410,ขามสมบูรณ์,Kham Sombun,30260
1531,ภาคตะวันออกเฉียงเหนือ,30,นครราชสีมา,Nakhon Ratchasima,3005,บ้านเหลื่อม,Ban Lueam,300501,บ้านเหลื่อม,Ban Lueam,30350
1532,ภาคตะวันออกเฉียงเหนือ,30,นครราชสีมา,Nakhon Ratchasima,3005,บ้านเหลื่อม,Ban Lueam,300502,วังโพธิ์,Wang Pho,30350
1533,ภาคตะวันออกเฉียงเหนือ,30,นครราชสีมา,Nakhon Ratchasima,3005,บ้านเหลื่อม,Ban Lueam,300503,โคกกระเบื้อง,Khok Krabueang,30350
1534,ภาคตะวันออกเฉียงเหนือ,30,นครราชสีมา,Nakhon Ratchasima,3005,บ้านเหลื่อม,Ban Lueam,300504,ช่อระกา,Cho Raka,30350
1535,ภาคตะวันออกเฉียงเหนือ,30,นครราชสีมา,Nakhon Ratchasima,3006,จักราช,Chakkarat,300601,จักราช,Chakkarat,30230
1536,ภาคตะวันออกเฉียงเหนือ,30,นครราชสีมา,Nakhon Ratchasima,3006,จักราช,Chakkarat,300603,ทองหลาง,Thong Lang,30230
1537,ภาคตะวันออกเฉียงเหนือ,30,นครราชสีมา,Nakhon Ratchasima,3006,จักราช,Chakkarat,300604,สีสุก,Si Suk,30230
1538,ภาคตะวันออกเฉียงเหนือ,30,นครราชสีมา,Nakhon Ratchasima,3006,จักราช,Chakkarat,300605,หนองขาม,Nong Kham,30230
1539,ภาคตะวันออกเฉียงเหนือ,30,นครราชสีมา,Nakhon Ratchasima,3006,จักราช,Chakkarat,300607,หนองพลวง,Nong Phluang,30230
1540,ภาคตะวันออกเฉียงเหนือ,30,นครราชสีมา,Nakhon Ratchasima,3006,จักราช,Chakkarat,300610,ศรีละกอ,Si Lako,30230
1541,ภาคตะวันออกเฉียงเหนือ,30,นครราชสีมา,Nakhon Ratchasima,3006,จักราช,Chakkarat,300611,คลองเมือง,Khlong Mueang,30230
1542,ภาคตะวันออกเฉียงเหนือ,30,นครราชสีมา,Nakhon Ratchasima,3006,จักราช,Chakkarat,300613,หินโคน,Hin Khon,30230
1543,ภาคตะวันออกเฉียงเหนือ,30,นครราชสีมา,Nakhon Ratchasima,3007,โชคชัย,Chok Chai,300701,กระโทก,Krathok,30190
1544,ภาคตะวันออกเฉียงเหนือ,30,นครราชสีมา,Nakhon Ratchasima,3007,โชคชัย,Chok Chai,300702,พลับพลา,Phlapphla,30190
1545,ภาคตะวันออกเฉียงเหนือ,30,นครราชสีมา,Nakhon Ratchasima,3007,โชคชัย,Chok Chai,300703,ท่าอ่าง,Tha Ang,30190
1546,ภาคตะวันออกเฉียงเหนือ,30,นครราชสีมา,Nakhon Ratchasima,3007,โชคชัย,Chok Chai,300704,ทุ่งอรุณ,Thung Arun,30190
1547,ภาคตะวันออกเฉียงเหนือ,30,นครราชสีมา,Nakhon Ratchasima,3007,โชคชัย,Chok Chai,300705,ท่าลาดขาว,Tha Lat Khao,30190
1548,ภาคตะวันออกเฉียงเหนือ,30,นครราชสีมา,Nakhon Ratchasima,3007,โชคชัย,Chok Chai,300706,ท่าจะหลุง,Tha Chalung,30190
1549,ภาคตะวันออกเฉียงเหนือ,30,นครราชสีมา,Nakhon Ratchasima,3007,โชคชัย,Chok Chai,300707,ท่าเยี่ยม,Tha Yiam,30190
1550,ภาคตะวันออกเฉียงเหนือ,30,นครราชสีมา,Nakhon Ratchasima,3007,โชคชัย,Chok Chai,300708,โชคชัย,Chok Chai,30190
1551,ภาคตะวันออกเฉียงเหนือ,30,นครราชสีมา,Nakhon Ratchasima,3007,โชคชัย,Chok Chai,300709,ละลมใหม่พัฒนา,Lalom Mai Phatthana,30190
1552,ภาคตะวันออกเฉียงเหนือ,30,นครราชสีมา,Nakhon Ratchasima,3007,โชคชัย,Chok Chai,300710,ด่านเกวียน,Dan Kwian,30190
1553,ภาคตะวันออกเฉียงเหนือ,30,นครราชสีมา,Nakhon Ratchasima,3008,ด่านขุนทด,Dan Khun Thot,300801,กุดพิมาน,Kut Phiman,30210
1554,ภาคตะวันออกเฉียงเหนือ,30,นครราชสีมา,Nakhon Ratchasima,3008,ด่านขุนทด,Dan Khun Thot,300802,ด่านขุนทด,Dan Khun Thot,30210
1555,ภาคตะวันออกเฉียงเหนือ,30,นครราชสีมา,Nakhon Ratchasima,3008,ด่านขุนทด,Dan Khun Thot,300803,ด่านนอก,Dan Nok,30210
1556,ภาคตะวันออกเฉียงเหนือ,30,นครราชสีมา,Nakhon Ratchasima,3008,ด่านขุนทด,Dan Khun Thot,300804,ด่านใน,Dan Nai,30210
1557,ภาคตะวันออกเฉียงเหนือ,30,นครราชสีมา,Nakhon Ratchasima,3008,ด่านขุนทด,Dan Khun Thot,300805,ตะเคียน,Takhian,30210
1558,ภาคตะวันออกเฉียงเหนือ,30,นครราชสีมา,Nakhon Ratchasima,3008,ด่านขุนทด,Dan Khun Thot,300806,บ้านเก่า,Ban Kao,30210
1559,ภาคตะวันออกเฉียงเหนือ,30,นครราชสีมา,Nakhon Ratchasima,3008,ด่านขุนทด,Dan Khun Thot,300807,บ้านแปรง,Ban Praeng,36220
1560,ภาคตะวันออกเฉียงเหนือ,30,นครราชสีมา,Nakhon Ratchasima,3008,ด่านขุนทด,Dan Khun Thot,300808,พันชนะ,Phan Chana,30210
1561,ภาคตะวันออกเฉียงเหนือ,30,นครราชสีมา,Nakhon Ratchasima,3008,ด่านขุนทด,Dan Khun Thot,300809,สระจรเข้,Sa Chorakhe,30210
1562,ภาคตะวันออกเฉียงเหนือ,30,นครราชสีมา,Nakhon Ratchasima,3008,ด่านขุนทด,Dan Khun Thot,300810,หนองกราด,Nong Krat,30210
1563,ภาคตะวันออกเฉียงเหนือ,30,นครราชสีมา,Nakhon Ratchasima,3008,ด่านขุนทด,Dan Khun Thot,300811,หนองบัวตะเกียด,Nong Bua Takiat,30210
1564,ภาคตะวันออกเฉียงเหนือ,30,นครราชสีมา,Nakhon Ratchasima,3008,ด่านขุนทด,Dan Khun Thot,300812,หนองบัวละคร,Nong Bua Lakhon,30210
1565,ภาคตะวันออกเฉียงเหนือ,30,นครราชสีมา,Nakhon Ratchasima,3008,ด่านขุนทด,Dan Khun Thot,300813,หินดาด,Hin Dat,30210
1566,ภาคตะวันออกเฉียงเหนือ,30,นครราชสีมา,Nakhon Ratchasima,3008,ด่านขุนทด,Dan Khun Thot,300815,ห้วยบง,Huai Bong,30210
1567,ภาคตะวันออกเฉียงเหนือ,30,นครราชสีมา,Nakhon Ratchasima,3008,ด่านขุนทด,Dan Khun Thot,300817,โนนเมืองพัฒนา,Non Mueang Phatthana,30210
1568,ภาคตะวันออกเฉียงเหนือ,30,นครราชสีมา,Nakhon Ratchasima,3008,ด่านขุนทด,Dan Khun Thot,300818,หนองไทร,Nong Sai,36220
1569,ภาคตะวันออกเฉียงเหนือ,30,นครราชสีมา,Nakhon Ratchasima,3009,โนนไทย,Non Thai,300901,โนนไทย,Non Thai,30220
1570,ภาคตะวันออกเฉียงเหนือ,30,นครราชสีมา,Nakhon Ratchasima,3009,โนนไทย,Non Thai,300902,ด่านจาก,Dan Chak,30220
1571,ภาคตะวันออกเฉียงเหนือ,30,นครราชสีมา,Nakhon Ratchasima,3009,โนนไทย,Non Thai,300903,กำปัง,Kampang,30220
1572,ภาคตะวันออกเฉียงเหนือ,30,นครราชสีมา,Nakhon Ratchasima,3009,โนนไทย,Non Thai,300904,สำโรง,Samrong,30220
1573,ภาคตะวันออกเฉียงเหนือ,30,นครราชสีมา,Nakhon Ratchasima,3009,โนนไทย,Non Thai,300905,ค้างพลู,Khang Phlu,30220
1574,ภาคตะวันออกเฉียงเหนือ,30,นครราชสีมา,Nakhon Ratchasima,3009,โนนไทย,Non Thai,300906,บ้านวัง,Ban Wang,30220
1575,ภาคตะวันออกเฉียงเหนือ,30,นครราชสีมา,Nakhon Ratchasima,3009,โนนไทย,Non Thai,300907,บัลลังก์,Banlang,30220
1576,ภาคตะวันออกเฉียงเหนือ,30,นครราชสีมา,Nakhon Ratchasima,3009,โนนไทย,Non Thai,300908,สายออ,Sai-O,30220
1577,ภาคตะวันออกเฉียงเหนือ,30,นครราชสีมา,Nakhon Ratchasima,3009,โนนไทย,Non Thai,300909,ถนนโพธิ์,Thanon Pho,30220
1578,ภาคตะวันออกเฉียงเหนือ,30,นครราชสีมา,Nakhon Ratchasima,3009,โนนไทย,Non Thai,300914,มะค่า,Makha,30220
1579,ภาคตะวันออกเฉียงเหนือ,30,นครราชสีมา,Nakhon Ratchasima,3010,โนนสูง,Non Sung,301001,โนนสูง,Non Sung,30160
1580,ภาคตะวันออกเฉียงเหนือ,30,นครราชสีมา,Nakhon Ratchasima,3010,โนนสูง,Non Sung,301002,ใหม่,Mai,30160
1581,ภาคตะวันออกเฉียงเหนือ,30,นครราชสีมา,Nakhon Ratchasima,3010,โนนสูง,Non Sung,301003,โตนด,Tanot,30160
1582,ภาคตะวันออกเฉียงเหนือ,30,นครราชสีมา,Nakhon Ratchasima,3010,โนนสูง,Non Sung,301004,บิง,Bing,30160
1583,ภาคตะวันออกเฉียงเหนือ,30,นครราชสีมา,Nakhon Ratchasima,3010,โนนสูง,Non Sung,301005,ดอนชมพู,Don Chomphu,30160
1584,ภาคตะวันออกเฉียงเหนือ,30,นครราชสีมา,Nakhon Ratchasima,3010,โนนสูง,Non Sung,301006,ธารปราสาท,Than Prasat,30240
1585,ภาคตะวันออกเฉียงเหนือ,30,นครราชสีมา,Nakhon Ratchasima,3010,โนนสูง,Non Sung,301007,หลุมข้าว,Lum Khao,30160
1586,ภาคตะวันออกเฉียงเหนือ,30,นครราชสีมา,Nakhon Ratchasima,3010,โนนสูง,Non Sung,301008,มะค่า,Makha,30160
1587,ภาคตะวันออกเฉียงเหนือ,30,นครราชสีมา,Nakhon Ratchasima,3010,โนนสูง,Non Sung,301009,พลสงคราม,Phon Songkhram,30160
1588,ภาคตะวันออกเฉียงเหนือ,30,นครราชสีมา,Nakhon Ratchasima,3010,โนนสูง,Non Sung,301010,จันอัด,Chan-At,30160
1589,ภาคตะวันออกเฉียงเหนือ,30,นครราชสีมา,Nakhon Ratchasima,3010,โนนสูง,Non Sung,301011,ขามเฒ่า,Kham Thao,30160
1590,ภาคตะวันออกเฉียงเหนือ,30,นครราชสีมา,Nakhon Ratchasima,3010,โนนสูง,Non Sung,301012,ด่านคล้า,Dan Khla,30160
1591,ภาคตะวันออกเฉียงเหนือ,30,นครราชสีมา,Nakhon Ratchasima,3010,โนนสูง,Non Sung,301013,ลำคอหงษ์,Lam Kho Hong,30160
1592,ภาคตะวันออกเฉียงเหนือ,30,นครราชสีมา,Nakhon Ratchasima,3010,โนนสูง,Non Sung,301014,เมืองปราสาท,Mueang Prasat,30160
1593,ภาคตะวันออกเฉียงเหนือ,30,นครราชสีมา,Nakhon Ratchasima,3010,โนนสูง,Non Sung,301015,ดอนหวาย,Don Wai,30160
1594,ภาคตะวันออกเฉียงเหนือ,30,นครราชสีมา,Nakhon Ratchasima,3010,โนนสูง,Non Sung,301016,ลำมูล,Lammun,30160
1595,ภาคตะวันออกเฉียงเหนือ,30,นครราชสีมา,Nakhon Ratchasima,3011,ขามสะแกแสง,Kham Sakaesaeng,301101,ขามสะแกแสง,Kham Sakae Saeng,30290
1596,ภาคตะวันออกเฉียงเหนือ,30,นครราชสีมา,Nakhon Ratchasima,3011,ขามสะแกแสง,Kham Sakaesaeng,301102,โนนเมือง,Non Mueang,30290
1597,ภาคตะวันออกเฉียงเหนือ,30,นครราชสีมา,Nakhon Ratchasima,3011,ขามสะแกแสง,Kham Sakaesaeng,301103,เมืองนาท,Mueang Nat,30290
1598,ภาคตะวันออกเฉียงเหนือ,30,นครราชสีมา,Nakhon Ratchasima,3011,ขามสะแกแสง,Kham Sakaesaeng,301104,ชีวึก,Chiwuek,30290
1599,ภาคตะวันออกเฉียงเหนือ,30,นครราชสีมา,Nakhon Ratchasima,3011,ขามสะแกแสง,Kham Sakaesaeng,301105,พะงาด,Phangat,30290
1600,ภาคตะวันออกเฉียงเหนือ,30,นครราชสีมา,Nakhon Ratchasima,3011,ขามสะแกแสง,Kham Sakaesaeng,301106,หนองหัวฟาน,Nong Hua Fan,30290
1601,ภาคตะวันออกเฉียงเหนือ,30,นครราชสีมา,Nakhon Ratchasima,3011,ขามสะแกแสง,Kham Sakaesaeng,301107,เมืองเกษตร,Mueang Kaset,30290
1602,ภาคตะวันออกเฉียงเหนือ,30,นครราชสีมา,Nakhon Ratchasima,3012,บัวใหญ่,Bua Yai,301201,บัวใหญ่,Bua Yai,30120
1603,ภาคตะวันออกเฉียงเหนือ,30,นครราชสีมา,Nakhon Ratchasima,3012,บัวใหญ่,Bua Yai,301203,ห้วยยาง,Huai Yang,30120
1604,ภาคตะวันออกเฉียงเหนือ,30,นครราชสีมา,Nakhon Ratchasima,3012,บัวใหญ่,Bua Yai,301204,เสมาใหญ่,Sema Yai,30120
1605,ภาคตะวันออกเฉียงเหนือ,30,นครราชสีมา,Nakhon Ratchasima,3012,บัวใหญ่,Bua Yai,301206,ดอนตะหนิน,Don Tanin,30120
1606,ภาคตะวันออกเฉียงเหนือ,30,นครราชสีมา,Nakhon Ratchasima,3012,บัวใหญ่,Bua Yai,301207,หนองบัวสะอาด,Nong Bua Sa-At,30120
1607,ภาคตะวันออกเฉียงเหนือ,30,นครราชสีมา,Nakhon Ratchasima,3012,บัวใหญ่,Bua Yai,301208,โนนทองหลาง,Non Thong Lang,30120
1608,ภาคตะวันออกเฉียงเหนือ,30,นครราชสีมา,Nakhon Ratchasima,3012,บัวใหญ่,Bua Yai,301214,กุดจอก,Kut Chok,30120
1609,ภาคตะวันออกเฉียงเหนือ,30,นครราชสีมา,Nakhon Ratchasima,3012,บัวใหญ่,Bua Yai,301215,ด่านช้าง,Dan Chang,30120
1610,ภาคตะวันออกเฉียงเหนือ,30,นครราชสีมา,Nakhon Ratchasima,3012,บัวใหญ่,Bua Yai,301220,ขุนทอง,Khun Thong,30120
1611,ภาคตะวันออกเฉียงเหนือ,30,นครราชสีมา,Nakhon Ratchasima,3012,บัวใหญ่,Bua Yai,301224,หนองแจ้งใหญ่,Nong Chaeng Yai,30120
1612,ภาคตะวันออกเฉียงเหนือ,30,นครราชสีมา,Nakhon Ratchasima,3013,ประทาย,Prathai,301301,ประทาย,Prathai,30180
1613,ภาคตะวันออกเฉียงเหนือ,30,นครราชสีมา,Nakhon Ratchasima,3013,ประทาย,Prathai,301303,กระทุ่มราย,Krathum Rai,30180
1614,ภาคตะวันออกเฉียงเหนือ,30,นครราชสีมา,Nakhon Ratchasima,3013,ประทาย,Prathai,301304,วังไม้แดง,Wang Mai Daeng,30180
1615,ภาคตะวันออกเฉียงเหนือ,30,นครราชสีมา,Nakhon Ratchasima,3013,ประทาย,Prathai,301306,ตลาดไทร,Talat Sai,30180
1616,ภาคตะวันออกเฉียงเหนือ,30,นครราชสีมา,Nakhon Ratchasima,3013,ประทาย,Prathai,301307,หนองพลวง,Nong Phluang,30180
1617,ภาคตะวันออกเฉียงเหนือ,30,นครราชสีมา,Nakhon Ratchasima,3013,ประทาย,Prathai,301308,หนองค่าย,Nong Khai,30180
1618,ภาคตะวันออกเฉียงเหนือ,30,นครราชสีมา,Nakhon Ratchasima,3013,ประทาย,Prathai,301309,หันห้วยทราย,Han Huai Sai,30180
1619,ภาคตะวันออกเฉียงเหนือ,30,นครราชสีมา,Nakhon Ratchasima,3013,ประทาย,Prathai,301310,ดอนมัน,Don Man,30180
1620,ภาคตะวันออกเฉียงเหนือ,30,นครราชสีมา,Nakhon Ratchasima,3013,ประทาย,Prathai,301313,นางรำ,Nang Ram,30180
1621,ภาคตะวันออกเฉียงเหนือ,30,นครราชสีมา,Nakhon Ratchasima,3013,ประทาย,Prathai,301314,โนนเพ็ด,Non Phet,30180
1622,ภาคตะวันออกเฉียงเหนือ,30,นครราชสีมา,Nakhon Ratchasima,3013,ประทาย,Prathai,301315,ทุ่งสว่าง,Thung Sawang,30180
1623,ภาคตะวันออกเฉียงเหนือ,30,นครราชสีมา,Nakhon Ratchasima,3013,ประทาย,Prathai,301317,โคกกลาง,Khok Klang,30180
1624,ภาคตะวันออกเฉียงเหนือ,30,นครราชสีมา,Nakhon Ratchasima,3013,ประทาย,Prathai,301318,เมืองโดน,Mueang Don,30180
1625,ภาคตะวันออกเฉียงเหนือ,30,นครราชสีมา,Nakhon Ratchasima,3014,ปักธงชัย,Pak Thong Chai,301401,เมืองปัก,Mueang Pak,30150
1626,ภาคตะวันออกเฉียงเหนือ,30,นครราชสีมา,Nakhon Ratchasima,3014,ปักธงชัย,Pak Thong Chai,301402,ตะคุ,Takhu,30150
1627,ภาคตะวันออกเฉียงเหนือ,30,นครราชสีมา,Nakhon Ratchasima,3014,ปักธงชัย,Pak Thong Chai,301403,โคกไทย,Khok Thai,30150
1628,ภาคตะวันออกเฉียงเหนือ,30,นครราชสีมา,Nakhon Ratchasima,3014,ปักธงชัย,Pak Thong Chai,301404,สำโรง,Samrong,30150
1629,ภาคตะวันออกเฉียงเหนือ,30,นครราชสีมา,Nakhon Ratchasima,3014,ปักธงชัย,Pak Thong Chai,301405,ตะขบ,Takhop,30150
1630,ภาคตะวันออกเฉียงเหนือ,30,นครราชสีมา,Nakhon Ratchasima,3014,ปักธงชัย,Pak Thong Chai,301406,นกออก,Nok Ok,30150
1631,ภาคตะวันออกเฉียงเหนือ,30,นครราชสีมา,Nakhon Ratchasima,3014,ปักธงชัย,Pak Thong Chai,301407,ดอน,Don,30150
1632,ภาคตะวันออกเฉียงเหนือ,30,นครราชสีมา,Nakhon Ratchasima,3014,ปักธงชัย,Pak Thong Chai,301409,ตูม,Tum,30150
1633,ภาคตะวันออกเฉียงเหนือ,30,นครราชสีมา,Nakhon Ratchasima,3014,ปักธงชัย,Pak Thong Chai,301410,งิ้ว,Ngio,30150
1634,ภาคตะวันออกเฉียงเหนือ,30,นครราชสีมา,Nakhon Ratchasima,3014,ปักธงชัย,Pak Thong Chai,301411,สะแกราช,Sakae Rat,30150
1635,ภาคตะวันออกเฉียงเหนือ,30,นครราชสีมา,Nakhon Ratchasima,3014,ปักธงชัย,Pak Thong Chai,301412,ลำนางแก้ว,Lam Nang Kaeo,30150
1636,ภาคตะวันออกเฉียงเหนือ,30,นครราชสีมา,Nakhon Ratchasima,3014,ปักธงชัย,Pak Thong Chai,301416,ภูหลวง,Phu Luang,30150
1637,ภาคตะวันออกเฉียงเหนือ,30,นครราชสีมา,Nakhon Ratchasima,3014,ปักธงชัย,Pak Thong Chai,301417,ธงชัยเหนือ,Thong Chai Nuea,30150
1638,ภาคตะวันออกเฉียงเหนือ,30,นครราชสีมา,Nakhon Ratchasima,3014,ปักธงชัย,Pak Thong Chai,301418,สุขเกษม,Suk Kasem,30150
1639,ภาคตะวันออกเฉียงเหนือ,30,นครราชสีมา,Nakhon Ratchasima,3014,ปักธงชัย,Pak Thong Chai,301419,เกษมทรัพย์,Kasem Sap,30150
1640,ภาคตะวันออกเฉียงเหนือ,30,นครราชสีมา,Nakhon Ratchasima,3014,ปักธงชัย,Pak Thong Chai,301420,บ่อปลาทอง,Bo Pla Thong,30150
1641,ภาคตะวันออกเฉียงเหนือ,30,นครราชสีมา,Nakhon Ratchasima,3015,พิมาย,Phimai,301501,ในเมือง,Nai Mueang,30110
1642,ภาคตะวันออกเฉียงเหนือ,30,นครราชสีมา,Nakhon Ratchasima,3015,พิมาย,Phimai,301502,สัมฤทธิ์,Samrit,30110
1643,ภาคตะวันออกเฉียงเหนือ,30,นครราชสีมา,Nakhon Ratchasima,3015,พิมาย,Phimai,301503,โบสถ์,Bot,30110
1644,ภาคตะวันออกเฉียงเหนือ,30,นครราชสีมา,Nakhon Ratchasima,3015,พิมาย,Phimai,301504,กระเบื้องใหญ่,Krabueang Yai,30110
1645,ภาคตะวันออกเฉียงเหนือ,30,นครราชสีมา,Nakhon Ratchasima,3015,พิมาย,Phimai,301505,ท่าหลวง,Tha Luang,30110
1646,ภาคตะวันออกเฉียงเหนือ,30,นครราชสีมา,Nakhon Ratchasima,3015,พิมาย,Phimai,301506,รังกาใหญ่,Rang Ka Yai,30110
1647,ภาคตะวันออกเฉียงเหนือ,30,นครราชสีมา,Nakhon Ratchasima,3015,พิมาย,Phimai,301507,ชีวาน,Chiwan,30110
1648,ภาคตะวันออกเฉียงเหนือ,30,นครราชสีมา,Nakhon Ratchasima,3015,พิมาย,Phimai,301508,นิคมสร้างตนเอง,Nikhom Sang Ton-Eng,30110
1649,ภาคตะวันออกเฉียงเหนือ,30,นครราชสีมา,Nakhon Ratchasima,3015,พิมาย,Phimai,301509,กระชอน,Krachon,30110
1650,ภาคตะวันออกเฉียงเหนือ,30,นครราชสีมา,Nakhon Ratchasima,3015,พิมาย,Phimai,301510,ดงใหญ่,Dong Yai,30110
1651,ภาคตะวันออกเฉียงเหนือ,30,นครราชสีมา,Nakhon Ratchasima,3015,พิมาย,Phimai,301511,ธารละหลอด,Than Lalot,30110
1652,ภาคตะวันออกเฉียงเหนือ,30,นครราชสีมา,Nakhon Ratchasima,3015,พิมาย,Phimai,301512,หนองระเวียง,Nong Rawiang,30110
1653,ภาคตะวันออกเฉียงเหนือ,30,นครราชสีมา,Nakhon Ratchasima,3016,ห้วยแถลง,Huai Thalaeng,301601,ห้วยแถลง,Huai Thalaeng,30240
1654,ภาคตะวันออกเฉียงเหนือ,30,นครราชสีมา,Nakhon Ratchasima,3016,ห้วยแถลง,Huai Thalaeng,301602,ทับสวาย,Thap Sawai,30240
1655,ภาคตะวันออกเฉียงเหนือ,30,นครราชสีมา,Nakhon Ratchasima,3016,ห้วยแถลง,Huai Thalaeng,301603,เมืองพลับพลา,Mueang Phlapphla,30240
1656,ภาคตะวันออกเฉียงเหนือ,30,นครราชสีมา,Nakhon Ratchasima,3016,ห้วยแถลง,Huai Thalaeng,301604,หลุ่งตะเคียน,Lung Takhian,30240
1657,ภาคตะวันออกเฉียงเหนือ,30,นครราชสีมา,Nakhon Ratchasima,3016,ห้วยแถลง,Huai Thalaeng,301605,หินดาด,Hin Dat,30240
1658,ภาคตะวันออกเฉียงเหนือ,30,นครราชสีมา,Nakhon Ratchasima,3016,ห้วยแถลง,Huai Thalaeng,301606,งิ้ว,Ngio,30240
1659,ภาคตะวันออกเฉียงเหนือ,30,นครราชสีมา,Nakhon Ratchasima,3016,ห้วยแถลง,Huai Thalaeng,301607,กงรถ,Kong Rot,30240
1660,ภาคตะวันออกเฉียงเหนือ,30,นครราชสีมา,Nakhon Ratchasima,3016,ห้วยแถลง,Huai Thalaeng,301608,หลุ่งประดู่,Lung Pradu,30240
1661,ภาคตะวันออกเฉียงเหนือ,30,นครราชสีมา,Nakhon Ratchasima,3016,ห้วยแถลง,Huai Thalaeng,301609,ตะโก,Tako,30240
1662,ภาคตะวันออกเฉียงเหนือ,30,นครราชสีมา,Nakhon Ratchasima,3016,ห้วยแถลง,Huai Thalaeng,301610,ห้วยแคน,Huai Khaen,30240
1663,ภาคตะวันออกเฉียงเหนือ,30,นครราชสีมา,Nakhon Ratchasima,3017,ชุมพวง,Chum Phuang,301701,ชุมพวง,Chum Phuang,30270
1664,ภาคตะวันออกเฉียงเหนือ,30,นครราชสีมา,Nakhon Ratchasima,3017,ชุมพวง,Chum Phuang,301702,ประสุข,Prasuk,30270
1665,ภาคตะวันออกเฉียงเหนือ,30,นครราชสีมา,Nakhon Ratchasima,3017,ชุมพวง,Chum Phuang,301703,ท่าลาด,Tha Lat,30270
1666,ภาคตะวันออกเฉียงเหนือ,30,นครราชสีมา,Nakhon Ratchasima,3017,ชุมพวง,Chum Phuang,301704,สาหร่าย,Sarai,30270
1667,ภาคตะวันออกเฉียงเหนือ,30,นครราชสีมา,Nakhon Ratchasima,3017,ชุมพวง,Chum Phuang,301705,ตลาดไทร,Talat Sai,30270
1668,ภาคตะวันออกเฉียงเหนือ,30,นครราชสีมา,Nakhon Ratchasima,3017,ชุมพวง,Chum Phuang,301710,โนนรัง,Non Rang,30270
1669,ภาคตะวันออกเฉียงเหนือ,30,นครราชสีมา,Nakhon Ratchasima,3017,ชุมพวง,Chum Phuang,301714,หนองหลัก,Nong Lak,30270
1670,ภาคตะวันออกเฉียงเหนือ,30,นครราชสีมา,Nakhon Ratchasima,3017,ชุมพวง,Chum Phuang,301716,โนนตูม,Non Tum,30270
1671,ภาคตะวันออกเฉียงเหนือ,30,นครราชสีมา,Nakhon Ratchasima,3017,ชุมพวง,Chum Phuang,301717,โนนยอ,Non Yo,30270
1672,ภาคตะวันออกเฉียงเหนือ,30,นครราชสีมา,Nakhon Ratchasima,3018,สูงเนิน,Sung Noen,301801,สูงเนิน,Sung Noen,30170
1673,ภาคตะวันออกเฉียงเหนือ,30,นครราชสีมา,Nakhon Ratchasima,3018,สูงเนิน,Sung Noen,301802,เสมา,Sema,30170
1674,ภาคตะวันออกเฉียงเหนือ,30,นครราชสีมา,Nakhon Ratchasima,3018,สูงเนิน,Sung Noen,301803,โคราช,Khorat,30170
1675,ภาคตะวันออกเฉียงเหนือ,30,นครราชสีมา,Nakhon Ratchasima,3018,สูงเนิน,Sung Noen,301804,บุ่งขี้เหล็ก,Bung Khi Lek,30170
1676,ภาคตะวันออกเฉียงเหนือ,30,นครราชสีมา,Nakhon Ratchasima,3018,สูงเนิน,Sung Noen,301805,โนนค่า,Non Kha,30170
1677,ภาคตะวันออกเฉียงเหนือ,30,นครราชสีมา,Nakhon Ratchasima,3018,สูงเนิน,Sung Noen,301806,โค้งยาง,Khong Yang,30170
1678,ภาคตะวันออกเฉียงเหนือ,30,นครราชสีมา,Nakhon Ratchasima,3018,สูงเนิน,Sung Noen,301807,มะเกลือเก่า,Makluea Kao,30170
1679,ภาคตะวันออกเฉียงเหนือ,30,นครราชสีมา,Nakhon Ratchasima,3018,สูงเนิน,Sung Noen,301808,มะเกลือใหม่,Makluea Mai,30170
1680,ภาคตะวันออกเฉียงเหนือ,30,นครราชสีมา,Nakhon Ratchasima,3018,สูงเนิน,Sung Noen,301809,นากลาง,Na Klang,30380
1681,ภาคตะวันออกเฉียงเหนือ,30,นครราชสีมา,Nakhon Ratchasima,3018,สูงเนิน,Sung Noen,301810,หนองตะไก้,Nong Takai,30380
1682,ภาคตะวันออกเฉียงเหนือ,30,นครราชสีมา,Nakhon Ratchasima,3018,สูงเนิน,Sung Noen,301811,กุดจิก,Kut Chik,30380
1683,ภาคตะวันออกเฉียงเหนือ,30,นครราชสีมา,Nakhon Ratchasima,3019,ขามทะเลสอ,Kham Thale So,301901,ขามทะเลสอ,Kham Thale So,30280
1684,ภาคตะวันออกเฉียงเหนือ,30,นครราชสีมา,Nakhon Ratchasima,3019,ขามทะเลสอ,Kham Thale So,301902,โป่งแดง,Pong Daeng,30280
1685,ภาคตะวันออกเฉียงเหนือ,30,นครราชสีมา,Nakhon Ratchasima,3019,ขามทะเลสอ,Kham Thale So,301903,พันดุง,Phan Dung,30280
1686,ภาคตะวันออกเฉียงเหนือ,30,นครราชสีมา,Nakhon Ratchasima,3019,ขามทะเลสอ,Kham Thale So,301904,หนองสรวง,Nong Suang,30280
1687,ภาคตะวันออกเฉียงเหนือ,30,นครราชสีมา,Nakhon Ratchasima,3019,ขามทะเลสอ,Kham Thale So,301905,บึงอ้อ,Bueng O,30280
1688,ภาคตะวันออกเฉียงเหนือ,30,นครราชสีมา,Nakhon Ratchasima,3020,สีคิ้ว,Si Khio,302001,สีคิ้ว,Sikhio,30140
1689,ภาคตะวันออกเฉียงเหนือ,30,นครราชสีมา,Nakhon Ratchasima,3020,สีคิ้ว,Si Khio,302002,บ้านหัน,Ban Han,30140
1690,ภาคตะวันออกเฉียงเหนือ,30,นครราชสีมา,Nakhon Ratchasima,3020,สีคิ้ว,Si Khio,302003,กฤษณา,Kritsana,30140
1691,ภาคตะวันออกเฉียงเหนือ,30,นครราชสีมา,Nakhon Ratchasima,3020,สีคิ้ว,Si Khio,302004,ลาดบัวขาว,Lat Bua Khao,30340
1692,ภาคตะวันออกเฉียงเหนือ,30,นครราชสีมา,Nakhon Ratchasima,3020,สีคิ้ว,Si Khio,302005,หนองหญ้าขาว,Nong Ya Khao,30140
1693,ภาคตะวันออกเฉียงเหนือ,30,นครราชสีมา,Nakhon Ratchasima,3020,สีคิ้ว,Si Khio,302006,กุดน้อย,Kut Noi,30140
1694,ภาคตะวันออกเฉียงเหนือ,30,นครราชสีมา,Nakhon Ratchasima,3020,สีคิ้ว,Si Khio,302007,หนองน้ำใส,Nong Nam Sai,30140
1695,ภาคตะวันออกเฉียงเหนือ,30,นครราชสีมา,Nakhon Ratchasima,3020,สีคิ้ว,Si Khio,302008,วังโรงใหญ่,Wang Rong Yai,30140
1696,ภาคตะวันออกเฉียงเหนือ,30,นครราชสีมา,Nakhon Ratchasima,3020,สีคิ้ว,Si Khio,302009,มิตรภาพ,Mittraphap,30140
1697,ภาคตะวันออกเฉียงเหนือ,30,นครราชสีมา,Nakhon Ratchasima,3020,สีคิ้ว,Si Khio,302010,คลองไผ่,Khlong Phai,30340
1698,ภาคตะวันออกเฉียงเหนือ,30,นครราชสีมา,Nakhon Ratchasima,3020,สีคิ้ว,Si Khio,302011,ดอนเมือง,Don Mueang,30140
1699,ภาคตะวันออกเฉียงเหนือ,30,นครราชสีมา,Nakhon Ratchasima,3020,สีคิ้ว,Si Khio,302012,หนองบัวน้อย,Nong Bua Noi,30140
1700,ภาคตะวันออกเฉียงเหนือ,30,นครราชสีมา,Nakhon Ratchasima,3021,ปากช่อง,Pak Chong,302101,ปากช่อง,Pak Chong,30130
1701,ภาคตะวันออกเฉียงเหนือ,30,นครราชสีมา,Nakhon Ratchasima,3021,ปากช่อง,Pak Chong,302102,กลางดง,Klang Dong,30320
1702,ภาคตะวันออกเฉียงเหนือ,30,นครราชสีมา,Nakhon Ratchasima,3021,ปากช่อง,Pak Chong,302103,จันทึก,Chan Thuek,30130
1703,ภาคตะวันออกเฉียงเหนือ,30,นครราชสีมา,Nakhon Ratchasima,3021,ปากช่อง,Pak Chong,302104,วังกะทะ,Wang Katha,30130
1704,ภาคตะวันออกเฉียงเหนือ,30,นครราชสีมา,Nakhon Ratchasima,3021,ปากช่อง,Pak Chong,302105,หมูสี,Mu Si,30130
1705,ภาคตะวันออกเฉียงเหนือ,30,นครราชสีมา,Nakhon Ratchasima,3021,ปากช่อง,Pak Chong,302106,หนองสาหร่าย,Nong Sarai,30130
1706,ภาคตะวันออกเฉียงเหนือ,30,นครราชสีมา,Nakhon Ratchasima,3021,ปากช่อง,Pak Chong,302107,ขนงพระ,Khanong Phra,30130
1707,ภาคตะวันออกเฉียงเหนือ,30,นครราชสีมา,Nakhon Ratchasima,3021,ปากช่อง,Pak Chong,302108,โป่งตาลอง,Pong Ta Long,30130
1708,ภาคตะวันออกเฉียงเหนือ,30,นครราชสีมา,Nakhon Ratchasima,3021,ปากช่อง,Pak Chong,302109,คลองม่วง,Khlong Muang,30130
1709,ภาคตะวันออกเฉียงเหนือ,30,นครราชสีมา,Nakhon Ratchasima,3021,ปากช่อง,Pak Chong,302110,หนองน้ำแดง,Nong Nam Daeng,30130
1710,ภาคตะวันออกเฉียงเหนือ,30,นครราชสีมา,Nakhon Ratchasima,3021,ปากช่อง,Pak Chong,302111,วังไทร,Wang Sai,30130
1711,ภาคตะวันออกเฉียงเหนือ,30,นครราชสีมา,Nakhon Ratchasima,3021,ปากช่อง,Pak Chong,302112,พญาเย็น,Phaya Yen,30320
1712,ภาคตะวันออกเฉียงเหนือ,30,นครราชสีมา,Nakhon Ratchasima,3022,หนองบุญมาก,Nong Bunmak,302201,หนองบุนนาก,Nong Bunnak,30410
1713,ภาคตะวันออกเฉียงเหนือ,30,นครราชสีมา,Nakhon Ratchasima,3022,หนองบุญมาก,Nong Bunmak,302202,สารภี,Saraphi,30410
1714,ภาคตะวันออกเฉียงเหนือ,30,นครราชสีมา,Nakhon Ratchasima,3022,หนองบุญมาก,Nong Bunmak,302203,ไทยเจริญ,Thai Charoen,30410
1715,ภาคตะวันออกเฉียงเหนือ,30,นครราชสีมา,Nakhon Ratchasima,3022,หนองบุญมาก,Nong Bunmak,302204,หนองหัวแรต,Nong Hua Raet,30410
1716,ภาคตะวันออกเฉียงเหนือ,30,นครราชสีมา,Nakhon Ratchasima,3022,หนองบุญมาก,Nong Bunmak,302205,แหลมทอง,Laem Thong,30410
1717,ภาคตะวันออกเฉียงเหนือ,30,นครราชสีมา,Nakhon Ratchasima,3022,หนองบุญมาก,Nong Bunmak,302206,หนองตะไก้,Nong Takai,30410
1718,ภาคตะวันออกเฉียงเหนือ,30,นครราชสีมา,Nakhon Ratchasima,3022,หนองบุญมาก,Nong Bunmak,302207,ลุงเขว้า,Lung Khwao,30410
1719,ภาคตะวันออกเฉียงเหนือ,30,นครราชสีมา,Nakhon Ratchasima,3022,หนองบุญมาก,Nong Bunmak,302208,หนองไม้ไผ่,Nong Mai Phai,30410
1720,ภาคตะวันออกเฉียงเหนือ,30,นครราชสีมา,Nakhon Ratchasima,3022,หนองบุญมาก,Nong Bunmak,302209,บ้านใหม่,Ban Mai,30410
1721,ภาคตะวันออกเฉียงเหนือ,30,นครราชสีมา,Nakhon Ratchasima,3023,แก้งสนามนาง,Kaeng Sanam Nang,302301,แก้งสนามนาง,Kaeng Sanam Nang,30440
1722,ภาคตะวันออกเฉียงเหนือ,30,นครราชสีมา,Nakhon Ratchasima,3023,แก้งสนามนาง,Kaeng Sanam Nang,302302,โนนสำราญ,Non Samran,30440
1723,ภาคตะวันออกเฉียงเหนือ,30,นครราชสีมา,Nakhon Ratchasima,3023,แก้งสนามนาง,Kaeng Sanam Nang,302303,บึงพะไล,Bueng Phalai,30440
1724,ภาคตะวันออกเฉียงเหนือ,30,นครราชสีมา,Nakhon Ratchasima,3023,แก้งสนามนาง,Kaeng Sanam Nang,302304,สีสุก,Si Suk,30440
1725,ภาคตะวันออกเฉียงเหนือ,30,นครราชสีมา,Nakhon Ratchasima,3023,แก้งสนามนาง,Kaeng Sanam Nang,302305,บึงสำโรง,Bueng Samrong,30440
1726,ภาคตะวันออกเฉียงเหนือ,30,นครราชสีมา,Nakhon Ratchasima,3024,โนนแดง,Non Daeng,302401,โนนแดง,Non Daeng,30360
1727,ภาคตะวันออกเฉียงเหนือ,30,นครราชสีมา,Nakhon Ratchasima,3024,โนนแดง,Non Daeng,302402,โนนตาเถร,Non Ta Then,30360
1728,ภาคตะวันออกเฉียงเหนือ,30,นครราชสีมา,Nakhon Ratchasima,3024,โนนแดง,Non Daeng,302403,สำพะเนียง,Sam Phaniang,30360
1729,ภาคตะวันออกเฉียงเหนือ,30,นครราชสีมา,Nakhon Ratchasima,3024,โนนแดง,Non Daeng,302404,วังหิน,Wang Hin,30360
1730,ภาคตะวันออกเฉียงเหนือ,30,นครราชสีมา,Nakhon Ratchasima,3024,โนนแดง,Non Daeng,302405,ดอนยาวใหญ่,Don Yao Yai,30360
1731,ภาคตะวันออกเฉียงเหนือ,30,นครราชสีมา,Nakhon Ratchasima,3025,วังน้ำเขียว,Wang Nam Khiao,302501,วังน้ำเขียว,Wang Nam Khiao,30370
1732,ภาคตะวันออกเฉียงเหนือ,30,นครราชสีมา,Nakhon Ratchasima,3025,วังน้ำเขียว,Wang Nam Khiao,302502,วังหมี,Wang Mi,30370
1733,ภาคตะวันออกเฉียงเหนือ,30,นครราชสีมา,Nakhon Ratchasima,3025,วังน้ำเขียว,Wang Nam Khiao,302503,ระเริง,Raroeng,30150
1734,ภาคตะวันออกเฉียงเหนือ,30,นครราชสีมา,Nakhon Ratchasima,3025,วังน้ำเขียว,Wang Nam Khiao,302504,อุดมทรัพย์,Udom Sap,30370
1735,ภาคตะวันออกเฉียงเหนือ,30,นครราชสีมา,Nakhon Ratchasima,3025,วังน้ำเขียว,Wang Nam Khiao,302505,ไทยสามัคคี,Thai Samakkhi,30370
1736,ภาคตะวันออกเฉียงเหนือ,30,นครราชสีมา,Nakhon Ratchasima,3026,เทพารักษ์,Thepharak,302601,สำนักตะคร้อ,Samnak Takhro,30210
1737,ภาคตะวันออกเฉียงเหนือ,30,นครราชสีมา,Nakhon Ratchasima,3026,เทพารักษ์,Thepharak,302602,หนองแวง,Nong Waeng,30210
1738,ภาคตะวันออกเฉียงเหนือ,30,นครราชสีมา,Nakhon Ratchasima,3026,เทพารักษ์,Thepharak,302603,บึงปรือ,Bueng Prue,30210
1739,ภาคตะวันออกเฉียงเหนือ,30,นครราชสีมา,Nakhon Ratchasima,3026,เทพารักษ์,Thepharak,302604,วังยายทอง,Wang Yai Thong,30210
1740,ภาคตะวันออกเฉียงเหนือ,30,นครราชสีมา,Nakhon Ratchasima,3027,เมืองยาง,Mueang Yang,302701,เมืองยาง,Mueang Yang,30270
1741,ภาคตะวันออกเฉียงเหนือ,30,นครราชสีมา,Nakhon Ratchasima,3027,เมืองยาง,Mueang Yang,302702,กระเบื้องนอก,Krabueang Nok,30270
1742,ภาคตะวันออกเฉียงเหนือ,30,นครราชสีมา,Nakhon Ratchasima,3027,เมืองยาง,Mueang Yang,302703,ละหานปลาค้าว,Lahan Pla Khao,30270
1743,ภาคตะวันออกเฉียงเหนือ,30,นครราชสีมา,Nakhon Ratchasima,3027,เมืองยาง,Mueang Yang,302704,โนนอุดม,Non Udom,30270
1744,ภาคตะวันออกเฉียงเหนือ,30,นครราชสีมา,Nakhon Ratchasima,3028,พระทองคำ,Phra Thong Kham,302801,สระพระ,Sa Phra,30220
1745,ภาคตะวันออกเฉียงเหนือ,30,นครราชสีมา,Nakhon Ratchasima,3028,พระทองคำ,Phra Thong Kham,302802,มาบกราด,Map Krat,30220
1746,ภาคตะวันออกเฉียงเหนือ,30,นครราชสีมา,Nakhon Ratchasima,3028,พระทองคำ,Phra Thong Kham,302803,พังเทียม,Phang Thiam,30220
1747,ภาคตะวันออกเฉียงเหนือ,30,นครราชสีมา,Nakhon Ratchasima,3028,พระทองคำ,Phra Thong Kham,302804,ทัพรั้ง,Thap Rang,30220
1748,ภาคตะวันออกเฉียงเหนือ,30,นครราชสีมา,Nakhon Ratchasima,3028,พระทองคำ,Phra Thong Kham,302805,หนองหอย,Nong Hoi,30220
1749,ภาคตะวันออกเฉียงเหนือ,30,นครราชสีมา,Nakhon Ratchasima,3029,ลำทะเมนชัย,Lamtaman Chai,302901,ขุย,Khui,30270
1750,ภาคตะวันออกเฉียงเหนือ,30,นครราชสีมา,Nakhon Ratchasima,3029,ลำทะเมนชัย,Lamtaman Chai,302902,บ้านยาง,Ban Yang,30270
1751,ภาคตะวันออกเฉียงเหนือ,30,นครราชสีมา,Nakhon Ratchasima,3029,ลำทะเมนชัย,Lamtaman Chai,302903,ช่องแมว,Chong Maeo,30270
1752,ภาคตะวันออกเฉียงเหนือ,30,นครราชสีมา,Nakhon Ratchasima,3029,ลำทะเมนชัย,Lamtaman Chai,302904,ไพล,Phrai,30270
1753,ภาคตะวันออกเฉียงเหนือ,30,นครราชสีมา,Nakhon Ratchasima,3030,บัวลาย,Bua Lai,303001,เมืองพะไล,Mueang Phalai,30120
1754,ภาคตะวันออกเฉียงเหนือ,30,นครราชสีมา,Nakhon Ratchasima,3030,บัวลาย,Bua Lai,303002,โนนจาน,Non Chan,30120
1755,ภาคตะวันออกเฉียงเหนือ,30,นครราชสีมา,Nakhon Ratchasima,3030,บัวลาย,Bua Lai,303003,บัวลาย,Bua Lai,30120
1756,ภาคตะวันออกเฉียงเหนือ,30,นครราชสีมา,Nakhon Ratchasima,3030,บัวลาย,Bua Lai,303004,หนองหว้า,Nong Wa,30120
1757,ภาคตะวันออกเฉียงเหนือ,30,นครราชสีมา,Nakhon Ratchasima,3031,สีดา,Sida,303101,สีดา,Sida,30430
1758,ภาคตะวันออกเฉียงเหนือ,30,นครราชสีมา,Nakhon Ratchasima,3031,สีดา,Sida,303102,โพนทอง,Phon Thong,30430
1759,ภาคตะวันออกเฉียงเหนือ,30,นครราชสีมา,Nakhon Ratchasima,3031,สีดา,Sida,303103,โนนประดู่,Non Pradu,30430
1760,ภาคตะวันออกเฉียงเหนือ,30,นครราชสีมา,Nakhon Ratchasima,3031,สีดา,Sida,303104,สามเมือง,Sam Mueang,30430
1761,ภาคตะวันออกเฉียงเหนือ,30,นครราชสีมา,Nakhon Ratchasima,3031,สีดา,Sida,303105,หนองตาดใหญ่,Nong Tat Yai,30430
1762,ภาคตะวันออกเฉียงเหนือ,30,นครราชสีมา,Nakhon Ratchasima,3032,เฉลิมพระเกียรติ,Chaloem Phra Kiet,303201,ช้างทอง,Chang Thong,30230
1763,ภาคตะวันออกเฉียงเหนือ,30,นครราชสีมา,Nakhon Ratchasima,3032,เฉลิมพระเกียรติ,Chaloem Phra Kiet,303202,ท่าช้าง,Tha Chang,30230
1764,ภาคตะวันออกเฉียงเหนือ,30,นครราชสีมา,Nakhon Ratchasima,3032,เฉลิมพระเกียรติ,Chaloem Phra Kiet,303203,พระพุทธ,Phraphut,30230
1765,ภาคตะวันออกเฉียงเหนือ,30,นครราชสีมา,Nakhon Ratchasima,3032,เฉลิมพระเกียรติ,Chaloem Phra Kiet,303204,หนองงูเหลือม,Nong Ngu Lueam,30000
1766,ภาคตะวันออกเฉียงเหนือ,30,นครราชสีมา,Nakhon Ratchasima,3032,เฉลิมพระเกียรติ,Chaloem Phra Kiet,303205,หนองยาง,Nong Yang,30230
1767,ภาคตะวันออกเฉียงเหนือ,31,บุรีรัมย์,Buri Ram,3101,เมืองบุรีรัมย์,Mueang Buri Ram,310101,ในเมือง,Nai Mueang,31000
1768,ภาคตะวันออกเฉียงเหนือ,31,บุรีรัมย์,Buri Ram,3101,เมืองบุรีรัมย์,Mueang Buri Ram,310102,อิสาณ,I San,31000
1769,ภาคตะวันออกเฉียงเหนือ,31,บุรีรัมย์,Buri Ram,3101,เมืองบุรีรัมย์,Mueang Buri Ram,310103,เสม็ด,Samet,31000
1770,ภาคตะวันออกเฉียงเหนือ,31,บุรีรัมย์,Buri Ram,3101,เมืองบุรีรัมย์,Mueang Buri Ram,310104,บ้านบัว,Ban Bua,31000
1771,ภาคตะวันออกเฉียงเหนือ,31,บุรีรัมย์,Buri Ram,3101,เมืองบุรีรัมย์,Mueang Buri Ram,310105,สะแกโพรง,Sakae Phrong,31000
1772,ภาคตะวันออกเฉียงเหนือ,31,บุรีรัมย์,Buri Ram,3101,เมืองบุรีรัมย์,Mueang Buri Ram,310106,สวายจีก,Sawai Chik,31000
1773,ภาคตะวันออกเฉียงเหนือ,31,บุรีรัมย์,Buri Ram,3101,เมืองบุรีรัมย์,Mueang Buri Ram,310108,บ้านยาง,Ban Yang,31000
1774,ภาคตะวันออกเฉียงเหนือ,31,บุรีรัมย์,Buri Ram,3101,เมืองบุรีรัมย์,Mueang Buri Ram,310112,พระครู,Phrakhru,31000
1775,ภาคตะวันออกเฉียงเหนือ,31,บุรีรัมย์,Buri Ram,3101,เมืองบุรีรัมย์,Mueang Buri Ram,310113,ถลุงเหล็ก,Thalung Lek,31000
1776,ภาคตะวันออกเฉียงเหนือ,31,บุรีรัมย์,Buri Ram,3101,เมืองบุรีรัมย์,Mueang Buri Ram,310114,หนองตาด,Nong Tat,31000
1777,ภาคตะวันออกเฉียงเหนือ,31,บุรีรัมย์,Buri Ram,3101,เมืองบุรีรัมย์,Mueang Buri Ram,310117,ลุมปุ๊ก,Lumpuk,31000
1778,ภาคตะวันออกเฉียงเหนือ,31,บุรีรัมย์,Buri Ram,3101,เมืองบุรีรัมย์,Mueang Buri Ram,310118,สองห้อง,Song Hong,31000
1779,ภาคตะวันออกเฉียงเหนือ,31,บุรีรัมย์,Buri Ram,3101,เมืองบุรีรัมย์,Mueang Buri Ram,310119,บัวทอง,Bua Thong,31000
1780,ภาคตะวันออกเฉียงเหนือ,31,บุรีรัมย์,Buri Ram,3101,เมืองบุรีรัมย์,Mueang Buri Ram,310120,ชุมเห็ด,Chum Het,31000
1781,ภาคตะวันออกเฉียงเหนือ,31,บุรีรัมย์,Buri Ram,3101,เมืองบุรีรัมย์,Mueang Buri Ram,310122,หลักเขต,Lak Khet,31000
1782,ภาคตะวันออกเฉียงเหนือ,31,บุรีรัมย์,Buri Ram,3101,เมืองบุรีรัมย์,Mueang Buri Ram,310125,สะแกซำ,Sakae Sam,31000
1783,ภาคตะวันออกเฉียงเหนือ,31,บุรีรัมย์,Buri Ram,3101,เมืองบุรีรัมย์,Mueang Buri Ram,310126,กลันทา,Kalantha,31000
1784,ภาคตะวันออกเฉียงเหนือ,31,บุรีรัมย์,Buri Ram,3101,เมืองบุรีรัมย์,Mueang Buri Ram,310127,กระสัง,Krasang,31000
1785,ภาคตะวันออกเฉียงเหนือ,31,บุรีรัมย์,Buri Ram,3101,เมืองบุรีรัมย์,Mueang Buri Ram,310128,เมืองฝาง,Mueang Fang,31000
1786,ภาคตะวันออกเฉียงเหนือ,31,บุรีรัมย์,Buri Ram,3102,คูเมือง,Khu Mueang,310201,คูเมือง,Khu Mueang,31190
1787,ภาคตะวันออกเฉียงเหนือ,31,บุรีรัมย์,Buri Ram,3102,คูเมือง,Khu Mueang,310202,ปะเคียบ,Pakhiap,31190
1788,ภาคตะวันออกเฉียงเหนือ,31,บุรีรัมย์,Buri Ram,3102,คูเมือง,Khu Mueang,310203,บ้านแพ,Ban Phae,31190
1789,ภาคตะวันออกเฉียงเหนือ,31,บุรีรัมย์,Buri Ram,3102,คูเมือง,Khu Mueang,310204,พรสำราญ,Phon Samran,31190
1790,ภาคตะวันออกเฉียงเหนือ,31,บุรีรัมย์,Buri Ram,3102,คูเมือง,Khu Mueang,310205,หินเหล็กไฟ,Hin Lek Fai,31190
1791,ภาคตะวันออกเฉียงเหนือ,31,บุรีรัมย์,Buri Ram,3102,คูเมือง,Khu Mueang,310206,ตูมใหญ่,Tum Yai,31190
1792,ภาคตะวันออกเฉียงเหนือ,31,บุรีรัมย์,Buri Ram,3102,คูเมือง,Khu Mueang,310207,หนองขมาร,Nong Khaman,31190
1793,ภาคตะวันออกเฉียงเหนือ,31,บุรีรัมย์,Buri Ram,3103,กระสัง,Krasang,310301,กระสัง,Krasang,31160
1794,ภาคตะวันออกเฉียงเหนือ,31,บุรีรัมย์,Buri Ram,3103,กระสัง,Krasang,310302,ลำดวน,Lamduan,31160
1795,ภาคตะวันออกเฉียงเหนือ,31,บุรีรัมย์,Buri Ram,3103,กระสัง,Krasang,310303,สองชั้น,Song Chan,31160
1796,ภาคตะวันออกเฉียงเหนือ,31,บุรีรัมย์,Buri Ram,3103,กระสัง,Krasang,310304,สูงเนิน,Sung Noen,31160
1797,ภาคตะวันออกเฉียงเหนือ,31,บุรีรัมย์,Buri Ram,3103,กระสัง,Krasang,310305,หนองเต็ง,Nong Teng,31160
1798,ภาคตะวันออกเฉียงเหนือ,31,บุรีรัมย์,Buri Ram,3103,กระสัง,Krasang,310306,เมืองไผ่,Mueang Phai,31160
1799,ภาคตะวันออกเฉียงเหนือ,31,บุรีรัมย์,Buri Ram,3103,กระสัง,Krasang,310307,ชุมแสง,Chum Saeng,31160
1800,ภาคตะวันออกเฉียงเหนือ,31,บุรีรัมย์,Buri Ram,3103,กระสัง,Krasang,310308,บ้านปรือ,Ban Prue,31160
1801,ภาคตะวันออกเฉียงเหนือ,31,บุรีรัมย์,Buri Ram,3103,กระสัง,Krasang,310309,ห้วยสำราญ,Huai Samran,31160
1802,ภาคตะวันออกเฉียงเหนือ,31,บุรีรัมย์,Buri Ram,3103,กระสัง,Krasang,310310,กันทรารมย์,Kanthararom,31160
1803,ภาคตะวันออกเฉียงเหนือ,31,บุรีรัมย์,Buri Ram,3103,กระสัง,Krasang,310311,ศรีภูมิ,Si Phum,31160
1804,ภาคตะวันออกเฉียงเหนือ,31,บุรีรัมย์,Buri Ram,3104,นางรอง,Nang Rong,310401,นางรอง,Nang Rong,31110
1805,ภาคตะวันออกเฉียงเหนือ,31,บุรีรัมย์,Buri Ram,3104,นางรอง,Nang Rong,310403,สะเดา,Sadao,31110
1806,ภาคตะวันออกเฉียงเหนือ,31,บุรีรัมย์,Buri Ram,3104,นางรอง,Nang Rong,310405,ชุมแสง,Chum Saeng,31110
1807,ภาคตะวันออกเฉียงเหนือ,31,บุรีรัมย์,Buri Ram,3104,นางรอง,Nang Rong,310406,หนองโบสถ์,Nong Bot,31110
1808,ภาคตะวันออกเฉียงเหนือ,31,บุรีรัมย์,Buri Ram,3104,นางรอง,Nang Rong,310408,หนองกง,Nong Kong,31110
1809,ภาคตะวันออกเฉียงเหนือ,31,บุรีรัมย์,Buri Ram,3104,นางรอง,Nang Rong,310413,ถนนหัก,Thanon Hak,31110
1810,ภาคตะวันออกเฉียงเหนือ,31,บุรีรัมย์,Buri Ram,3104,นางรอง,Nang Rong,310414,หนองไทร,Nong Sai,31110
1811,ภาคตะวันออกเฉียงเหนือ,31,บุรีรัมย์,Buri Ram,3104,นางรอง,Nang Rong,310415,ก้านเหลือง,Kan Lueang,31110
1812,ภาคตะวันออกเฉียงเหนือ,31,บุรีรัมย์,Buri Ram,3104,นางรอง,Nang Rong,310416,บ้านสิงห์,Ban Sing,31110
1813,ภาคตะวันออกเฉียงเหนือ,31,บุรีรัมย์,Buri Ram,3104,นางรอง,Nang Rong,310417,ลำไทรโยง,Lam Sai Yong,31110
1814,ภาคตะวันออกเฉียงเหนือ,31,บุรีรัมย์,Buri Ram,3104,นางรอง,Nang Rong,310418,ทรัพย์พระยา,Sap Phraya,31110
1815,ภาคตะวันออกเฉียงเหนือ,31,บุรีรัมย์,Buri Ram,3104,นางรอง,Nang Rong,310424,หนองยายพิมพ์,Nong Yai Phim,31110
1816,ภาคตะวันออกเฉียงเหนือ,31,บุรีรัมย์,Buri Ram,3104,นางรอง,Nang Rong,310425,หัวถนน,Hua Thanon,31110
1817,ภาคตะวันออกเฉียงเหนือ,31,บุรีรัมย์,Buri Ram,3104,นางรอง,Nang Rong,310426,ทุ่งแสงทอง,Thung Saeng Thong,31110
1818,ภาคตะวันออกเฉียงเหนือ,31,บุรีรัมย์,Buri Ram,3104,นางรอง,Nang Rong,310427,หนองโสน,Nong Sano,31110
1819,ภาคตะวันออกเฉียงเหนือ,31,บุรีรัมย์,Buri Ram,3105,หนองกี่,Nong Ki,310501,หนองกี่,Nong Ki,31210
1820,ภาคตะวันออกเฉียงเหนือ,31,บุรีรัมย์,Buri Ram,3105,หนองกี่,Nong Ki,310502,เย้ยปราสาท,Yoei Prasat,31210
1821,ภาคตะวันออกเฉียงเหนือ,31,บุรีรัมย์,Buri Ram,3105,หนองกี่,Nong Ki,310503,เมืองไผ่,Mueang Phai,31210
1822,ภาคตะวันออกเฉียงเหนือ,31,บุรีรัมย์,Buri Ram,3105,หนองกี่,Nong Ki,310504,ดอนอะราง,Don Arang,31210
1823,ภาคตะวันออกเฉียงเหนือ,31,บุรีรัมย์,Buri Ram,3105,หนองกี่,Nong Ki,310505,โคกสว่าง,Khok Sawang,31210
1824,ภาคตะวันออกเฉียงเหนือ,31,บุรีรัมย์,Buri Ram,3105,หนองกี่,Nong Ki,310506,ทุ่งกระตาดพัฒนา,Thung Kratat Phatthana,31210
1825,ภาคตะวันออกเฉียงเหนือ,31,บุรีรัมย์,Buri Ram,3105,หนองกี่,Nong Ki,310507,ทุ่งกระเต็น,Thung Kraten,31210
1826,ภาคตะวันออกเฉียงเหนือ,31,บุรีรัมย์,Buri Ram,3105,หนองกี่,Nong Ki,310508,ท่าโพธิ์ชัย,Tha Pho Chai,31210
1827,ภาคตะวันออกเฉียงเหนือ,31,บุรีรัมย์,Buri Ram,3105,หนองกี่,Nong Ki,310509,โคกสูง,Khok Sung,31210
1828,ภาคตะวันออกเฉียงเหนือ,31,บุรีรัมย์,Buri Ram,3105,หนองกี่,Nong Ki,310510,บุกระสัง,Bu Krasang,31210
1829,ภาคตะวันออกเฉียงเหนือ,31,บุรีรัมย์,Buri Ram,3106,ละหานทราย,Lahan Sai,310601,ละหานทราย,Lahan Sai,31170
1830,ภาคตะวันออกเฉียงเหนือ,31,บุรีรัมย์,Buri Ram,3106,ละหานทราย,Lahan Sai,310603,ตาจง,Ta Chong,31170
1831,ภาคตะวันออกเฉียงเหนือ,31,บุรีรัมย์,Buri Ram,3106,ละหานทราย,Lahan Sai,310604,สำโรงใหม่,Samrong Mai,31170
1832,ภาคตะวันออกเฉียงเหนือ,31,บุรีรัมย์,Buri Ram,3106,ละหานทราย,Lahan Sai,310607,หนองแวง,Nong Waeng,31170
1833,ภาคตะวันออกเฉียงเหนือ,31,บุรีรัมย์,Buri Ram,3106,ละหานทราย,Lahan Sai,310610,หนองตะครอง,Nong Takhrong,31170
1834,ภาคตะวันออกเฉียงเหนือ,31,บุรีรัมย์,Buri Ram,3106,ละหานทราย,Lahan Sai,310611,โคกว่าน,Khok Wan,31170
1835,ภาคตะวันออกเฉียงเหนือ,31,บุรีรัมย์,Buri Ram,3107,ประโคนชัย,Prakhon Chai,310701,ประโคนชัย,Prakhon Chai,31140
1836,ภาคตะวันออกเฉียงเหนือ,31,บุรีรัมย์,Buri Ram,3107,ประโคนชัย,Prakhon Chai,310702,แสลงโทน,Salaeng Thon,31140
1837,ภาคตะวันออกเฉียงเหนือ,31,บุรีรัมย์,Buri Ram,3107,ประโคนชัย,Prakhon Chai,310703,บ้านไทร,Ban Sai,31140
1838,ภาคตะวันออกเฉียงเหนือ,31,บุรีรัมย์,Buri Ram,3107,ประโคนชัย,Prakhon Chai,310705,ละเวี้ย,Lawia,31140
1839,ภาคตะวันออกเฉียงเหนือ,31,บุรีรัมย์,Buri Ram,3107,ประโคนชัย,Prakhon Chai,310706,จรเข้มาก,Chorakhe Mak,31140
1840,ภาคตะวันออกเฉียงเหนือ,31,บุรีรัมย์,Buri Ram,3107,ประโคนชัย,Prakhon Chai,310707,ปังกู,Pang Ku,31140
1841,ภาคตะวันออกเฉียงเหนือ,31,บุรีรัมย์,Buri Ram,3107,ประโคนชัย,Prakhon Chai,310708,โคกย่าง,Khok Yang,31140
1842,ภาคตะวันออกเฉียงเหนือ,31,บุรีรัมย์,Buri Ram,3107,ประโคนชัย,Prakhon Chai,310710,โคกม้า,Khok Ma,31140
1843,ภาคตะวันออกเฉียงเหนือ,31,บุรีรัมย์,Buri Ram,3107,ประโคนชัย,Prakhon Chai,310713,ไพศาล,Phaisan,31140
1844,ภาคตะวันออกเฉียงเหนือ,31,บุรีรัมย์,Buri Ram,3107,ประโคนชัย,Prakhon Chai,310714,ตะโกตาพิ,Tako Taphi,31140
1845,ภาคตะวันออกเฉียงเหนือ,31,บุรีรัมย์,Buri Ram,3107,ประโคนชัย,Prakhon Chai,310715,เขาคอก,Khao Khok,31140
1846,ภาคตะวันออกเฉียงเหนือ,31,บุรีรัมย์,Buri Ram,3107,ประโคนชัย,Prakhon Chai,310716,หนองบอน,Nong Bon,31140
1847,ภาคตะวันออกเฉียงเหนือ,31,บุรีรัมย์,Buri Ram,3107,ประโคนชัย,Prakhon Chai,310718,โคกมะขาม,Khok Makham,31140
1848,ภาคตะวันออกเฉียงเหนือ,31,บุรีรัมย์,Buri Ram,3107,ประโคนชัย,Prakhon Chai,310719,โคกตูม,Khok Tum,31140
1849,ภาคตะวันออกเฉียงเหนือ,31,บุรีรัมย์,Buri Ram,3107,ประโคนชัย,Prakhon Chai,310720,ประทัดบุ,Prathat Bu,31140
1850,ภาคตะวันออกเฉียงเหนือ,31,บุรีรัมย์,Buri Ram,3107,ประโคนชัย,Prakhon Chai,310721,สี่เหลี่ยม,Si Liam,31140
1851,ภาคตะวันออกเฉียงเหนือ,31,บุรีรัมย์,Buri Ram,3108,บ้านกรวด,Ban Kruat,310801,บ้านกรวด,Ban Kruat,31180
1852,ภาคตะวันออกเฉียงเหนือ,31,บุรีรัมย์,Buri Ram,3108,บ้านกรวด,Ban Kruat,310802,โนนเจริญ,Non Charoen,31180
1853,ภาคตะวันออกเฉียงเหนือ,31,บุรีรัมย์,Buri Ram,3108,บ้านกรวด,Ban Kruat,310803,หนองไม้งาม,Nong Mai Ngam,31180
1854,ภาคตะวันออกเฉียงเหนือ,31,บุรีรัมย์,Buri Ram,3108,บ้านกรวด,Ban Kruat,310804,ปราสาท,Prasat,31180
1855,ภาคตะวันออกเฉียงเหนือ,31,บุรีรัมย์,Buri Ram,3108,บ้านกรวด,Ban Kruat,310805,สายตะกู,Sai Taku,31180
1856,ภาคตะวันออกเฉียงเหนือ,31,บุรีรัมย์,Buri Ram,3108,บ้านกรวด,Ban Kruat,310806,หินลาด,Hin Lat,31180
1857,ภาคตะวันออกเฉียงเหนือ,31,บุรีรัมย์,Buri Ram,3108,บ้านกรวด,Ban Kruat,310807,บึงเจริญ,Bueng Charoen,31180
1858,ภาคตะวันออกเฉียงเหนือ,31,บุรีรัมย์,Buri Ram,3108,บ้านกรวด,Ban Kruat,310808,จันทบเพชร,Chanthabophet,31180
1859,ภาคตะวันออกเฉียงเหนือ,31,บุรีรัมย์,Buri Ram,3108,บ้านกรวด,Ban Kruat,310809,เขาดินเหนือ,Khao Din Nuea,31180
1860,ภาคตะวันออกเฉียงเหนือ,31,บุรีรัมย์,Buri Ram,3109,พุทไธสง,Phutthaisong,310901,พุทไธสง,Phutthaisong,31120
1861,ภาคตะวันออกเฉียงเหนือ,31,บุรีรัมย์,Buri Ram,3109,พุทไธสง,Phutthaisong,310902,มะเฟือง,Mafueang,31120
1862,ภาคตะวันออกเฉียงเหนือ,31,บุรีรัมย์,Buri Ram,3109,พุทไธสง,Phutthaisong,310903,บ้านจาน,Ban Chan,31120
1863,ภาคตะวันออกเฉียงเหนือ,31,บุรีรัมย์,Buri Ram,3109,พุทไธสง,Phutthaisong,310906,บ้านเป้า,Ban Pao,31120
1864,ภาคตะวันออกเฉียงเหนือ,31,บุรีรัมย์,Buri Ram,3109,พุทไธสง,Phutthaisong,310907,บ้านแวง,Ban Waeng,31120
1865,ภาคตะวันออกเฉียงเหนือ,31,บุรีรัมย์,Buri Ram,3109,พุทไธสง,Phutthaisong,310909,บ้านยาง,Ban Yang,31120
1866,ภาคตะวันออกเฉียงเหนือ,31,บุรีรัมย์,Buri Ram,3109,พุทไธสง,Phutthaisong,310910,หายโศก,Hai Sok,31120
1867,ภาคตะวันออกเฉียงเหนือ,31,บุรีรัมย์,Buri Ram,3110,ลำปลายมาศ,Lam Plai Mat,311001,ลำปลายมาศ,Lam Plai Mat,31130
1868,ภาคตะวันออกเฉียงเหนือ,31,บุรีรัมย์,Buri Ram,3110,ลำปลายมาศ,Lam Plai Mat,311002,หนองคู,Nong Khu,31130
1869,ภาคตะวันออกเฉียงเหนือ,31,บุรีรัมย์,Buri Ram,3110,ลำปลายมาศ,Lam Plai Mat,311003,แสลงพัน,Salaeng Phan,31130
1870,ภาคตะวันออกเฉียงเหนือ,31,บุรีรัมย์,Buri Ram,3110,ลำปลายมาศ,Lam Plai Mat,311004,ทะเมนชัย,Thamenchai,31130
1871,ภาคตะวันออกเฉียงเหนือ,31,บุรีรัมย์,Buri Ram,3110,ลำปลายมาศ,Lam Plai Mat,311005,ตลาดโพธิ์,Talat Pho,31130
1872,ภาคตะวันออกเฉียงเหนือ,31,บุรีรัมย์,Buri Ram,3110,ลำปลายมาศ,Lam Plai Mat,311006,หนองกะทิง,Nong Kathing,31130
1873,ภาคตะวันออกเฉียงเหนือ,31,บุรีรัมย์,Buri Ram,3110,ลำปลายมาศ,Lam Plai Mat,311007,โคกกลาง,Khok Klang,31130
1874,ภาคตะวันออกเฉียงเหนือ,31,บุรีรัมย์,Buri Ram,3110,ลำปลายมาศ,Lam Plai Mat,311008,โคกสะอาด,Khok Sa-At,31130
1875,ภาคตะวันออกเฉียงเหนือ,31,บุรีรัมย์,Buri Ram,3110,ลำปลายมาศ,Lam Plai Mat,311009,เมืองแฝก,Mueang Faek,31130
1876,ภาคตะวันออกเฉียงเหนือ,31,บุรีรัมย์,Buri Ram,3110,ลำปลายมาศ,Lam Plai Mat,311010,บ้านยาง,Ban Yang,31130
1877,ภาคตะวันออกเฉียงเหนือ,31,บุรีรัมย์,Buri Ram,3110,ลำปลายมาศ,Lam Plai Mat,311011,ผไทรินทร์,Phathai Rin,31130
1878,ภาคตะวันออกเฉียงเหนือ,31,บุรีรัมย์,Buri Ram,3110,ลำปลายมาศ,Lam Plai Mat,311012,โคกล่าม,Khok Lam,31130
1879,ภาคตะวันออกเฉียงเหนือ,31,บุรีรัมย์,Buri Ram,3110,ลำปลายมาศ,Lam Plai Mat,311013,หินโคน,Hin Khon,31130
1880,ภาคตะวันออกเฉียงเหนือ,31,บุรีรัมย์,Buri Ram,3110,ลำปลายมาศ,Lam Plai Mat,311014,หนองบัวโคก,Nong Bua Khok,31130
1881,ภาคตะวันออกเฉียงเหนือ,31,บุรีรัมย์,Buri Ram,3110,ลำปลายมาศ,Lam Plai Mat,311015,บุโพธิ์,Bu Pho,31130
1882,ภาคตะวันออกเฉียงเหนือ,31,บุรีรัมย์,Buri Ram,3110,ลำปลายมาศ,Lam Plai Mat,311016,หนองโดน,Nong Don,31130
1883,ภาคตะวันออกเฉียงเหนือ,31,บุรีรัมย์,Buri Ram,3111,สตึก,Satuek,311101,สตึก,Satuek,31150
1884,ภาคตะวันออกเฉียงเหนือ,31,บุรีรัมย์,Buri Ram,3111,สตึก,Satuek,311102,นิคม,Nikhom,31150
1885,ภาคตะวันออกเฉียงเหนือ,31,บุรีรัมย์,Buri Ram,3111,สตึก,Satuek,311103,ทุ่งวัง,Thung Wang,31150
1886,ภาคตะวันออกเฉียงเหนือ,31,บุรีรัมย์,Buri Ram,3111,สตึก,Satuek,311104,เมืองแก,Mueang Kae,31150
1887,ภาคตะวันออกเฉียงเหนือ,31,บุรีรัมย์,Buri Ram,3111,สตึก,Satuek,311105,หนองใหญ่,Nong Yai,31150
1888,ภาคตะวันออกเฉียงเหนือ,31,บุรีรัมย์,Buri Ram,3111,สตึก,Satuek,311106,ร่อนทอง,Ron Thong,31150
1889,ภาคตะวันออกเฉียงเหนือ,31,บุรีรัมย์,Buri Ram,3111,สตึก,Satuek,311109,ดอนมนต์,Don Mon,31150
1890,ภาคตะวันออกเฉียงเหนือ,31,บุรีรัมย์,Buri Ram,3111,สตึก,Satuek,311110,ชุมแสง,Chum Saeng,31150
1891,ภาคตะวันออกเฉียงเหนือ,31,บุรีรัมย์,Buri Ram,3111,สตึก,Satuek,311111,ท่าม่วง,Tha Muang,31150
1892,ภาคตะวันออกเฉียงเหนือ,31,บุรีรัมย์,Buri Ram,3111,สตึก,Satuek,311112,สะแก,Sakae,31150
1893,ภาคตะวันออกเฉียงเหนือ,31,บุรีรัมย์,Buri Ram,3111,สตึก,Satuek,311114,สนามชัย,Sanam Chai,31150
1894,ภาคตะวันออกเฉียงเหนือ,31,บุรีรัมย์,Buri Ram,3111,สตึก,Satuek,311115,กระสัง,Krasang,31150
1895,ภาคตะวันออกเฉียงเหนือ,31,บุรีรัมย์,Buri Ram,3112,ปะคำ,Pakham,311201,ปะคำ,Pakham,31220
1896,ภาคตะวันออกเฉียงเหนือ,31,บุรีรัมย์,Buri Ram,3112,ปะคำ,Pakham,311202,ไทยเจริญ,Thai Charoen,31220
1897,ภาคตะวันออกเฉียงเหนือ,31,บุรีรัมย์,Buri Ram,3112,ปะคำ,Pakham,311203,หนองบัว,Nong Bua,31220
1898,ภาคตะวันออกเฉียงเหนือ,31,บุรีรัมย์,Buri Ram,3112,ปะคำ,Pakham,311204,โคกมะม่วง,Khok Mamuang,31220
1899,ภาคตะวันออกเฉียงเหนือ,31,บุรีรัมย์,Buri Ram,3112,ปะคำ,Pakham,311205,หูทำนบ,Hu Thamnop,31220
1900,ภาคตะวันออกเฉียงเหนือ,31,บุรีรัมย์,Buri Ram,3113,นาโพธิ์,Na Pho,311301,นาโพธิ์,Na Pho,31230
1901,ภาคตะวันออกเฉียงเหนือ,31,บุรีรัมย์,Buri Ram,3113,นาโพธิ์,Na Pho,311302,บ้านคู,Ban Khu,31230
1902,ภาคตะวันออกเฉียงเหนือ,31,บุรีรัมย์,Buri Ram,3113,นาโพธิ์,Na Pho,311303,บ้านดู่,Ban Du,31230
1903,ภาคตะวันออกเฉียงเหนือ,31,บุรีรัมย์,Buri Ram,3113,นาโพธิ์,Na Pho,311304,ดอนกอก,Don Kok,31230
1904,ภาคตะวันออกเฉียงเหนือ,31,บุรีรัมย์,Buri Ram,3113,นาโพธิ์,Na Pho,311305,ศรีสว่าง,Si Sawang,31230
1905,ภาคตะวันออกเฉียงเหนือ,31,บุรีรัมย์,Buri Ram,3114,หนองหงส์,Nong Hong,311401,สระแก้ว,Sa Kaeo,31240
1906,ภาคตะวันออกเฉียงเหนือ,31,บุรีรัมย์,Buri Ram,3114,หนองหงส์,Nong Hong,311402,ห้วยหิน,Huai Hin,31240
1907,ภาคตะวันออกเฉียงเหนือ,31,บุรีรัมย์,Buri Ram,3114,หนองหงส์,Nong Hong,311403,ไทยสามัคคี,Thai Samakkhi,31240
1908,ภาคตะวันออกเฉียงเหนือ,31,บุรีรัมย์,Buri Ram,3114,หนองหงส์,Nong Hong,311404,หนองชัยศรี,Nong Chai Si,31240
1909,ภาคตะวันออกเฉียงเหนือ,31,บุรีรัมย์,Buri Ram,3114,หนองหงส์,Nong Hong,311405,เสาเดียว,Sao Diao,31240
1910,ภาคตะวันออกเฉียงเหนือ,31,บุรีรัมย์,Buri Ram,3114,หนองหงส์,Nong Hong,311406,เมืองฝ้าย,Mueang Fai,31240
1911,ภาคตะวันออกเฉียงเหนือ,31,บุรีรัมย์,Buri Ram,3114,หนองหงส์,Nong Hong,311407,สระทอง,Sa Thong,31240
1912,ภาคตะวันออกเฉียงเหนือ,31,บุรีรัมย์,Buri Ram,3115,พลับพลาชัย,Phlapphla Chai,311501,จันดุม,Chan Dum,31250
1913,ภาคตะวันออกเฉียงเหนือ,31,บุรีรัมย์,Buri Ram,3115,พลับพลาชัย,Phlapphla Chai,311502,โคกขมิ้น,Khok Khamin,31250
1914,ภาคตะวันออกเฉียงเหนือ,31,บุรีรัมย์,Buri Ram,3115,พลับพลาชัย,Phlapphla Chai,311503,ป่าชัน,Pa Chan,31250
1915,ภาคตะวันออกเฉียงเหนือ,31,บุรีรัมย์,Buri Ram,3115,พลับพลาชัย,Phlapphla Chai,311504,สะเดา,Sadao,31250
1916,ภาคตะวันออกเฉียงเหนือ,31,บุรีรัมย์,Buri Ram,3115,พลับพลาชัย,Phlapphla Chai,311505,สำโรง,Samrong,31250
1917,ภาคตะวันออกเฉียงเหนือ,31,บุรีรัมย์,Buri Ram,3116,ห้วยราช,Huai Rat,311601,ห้วยราช,Huai Rat,31000
1918,ภาคตะวันออกเฉียงเหนือ,31,บุรีรัมย์,Buri Ram,3116,ห้วยราช,Huai Rat,311602,สามแวง,Sam Waeng,31000
1919,ภาคตะวันออกเฉียงเหนือ,31,บุรีรัมย์,Buri Ram,3116,ห้วยราช,Huai Rat,311603,ตาเสา,Ta Sao,31000
1920,ภาคตะวันออกเฉียงเหนือ,31,บุรีรัมย์,Buri Ram,3116,ห้วยราช,Huai Rat,311604,บ้านตะโก,Ban Tako,31000
1921,ภาคตะวันออกเฉียงเหนือ,31,บุรีรัมย์,Buri Ram,3116,ห้วยราช,Huai Rat,311605,สนวน,Sanuan,31000
1922,ภาคตะวันออกเฉียงเหนือ,31,บุรีรัมย์,Buri Ram,3116,ห้วยราช,Huai Rat,311606,โคกเหล็ก,Khok Lek,31000
1923,ภาคตะวันออกเฉียงเหนือ,31,บุรีรัมย์,Buri Ram,3116,ห้วยราช,Huai Rat,311607,เมืองโพธิ์,Mueang Pho,31000
1924,ภาคตะวันออกเฉียงเหนือ,31,บุรีรัมย์,Buri Ram,3116,ห้วยราช,Huai Rat,311608,ห้วยราชา,Huai Racha,31000
1925,ภาคตะวันออกเฉียงเหนือ,31,บุรีรัมย์,Buri Ram,3117,โนนสุวรรณ,Non Din Daeng,311701,โนนสุวรรณ,Non Suwan,31110
1926,ภาคตะวันออกเฉียงเหนือ,31,บุรีรัมย์,Buri Ram,3117,โนนสุวรรณ,Non Din Daeng,311702,ทุ่งจังหัน,Thung Changhan,31110
1927,ภาคตะวันออกเฉียงเหนือ,31,บุรีรัมย์,Buri Ram,3117,โนนสุวรรณ,Non Din Daeng,311703,โกรกแก้ว,Krok Kaeo,31110
1928,ภาคตะวันออกเฉียงเหนือ,31,บุรีรัมย์,Buri Ram,3117,โนนสุวรรณ,Non Din Daeng,311704,ดงอีจาน,Dong I Chan,31110
1929,ภาคตะวันออกเฉียงเหนือ,31,บุรีรัมย์,Buri Ram,3118,ชำนิ,Chamni,311801,ชำนิ,Chamni,31110
1930,ภาคตะวันออกเฉียงเหนือ,31,บุรีรัมย์,Buri Ram,3118,ชำนิ,Chamni,311802,หนองปล่อง,Nong Plong,31110
1931,ภาคตะวันออกเฉียงเหนือ,31,บุรีรัมย์,Buri Ram,3118,ชำนิ,Chamni,311803,เมืองยาง,Mueang Yang,31110
1932,ภาคตะวันออกเฉียงเหนือ,31,บุรีรัมย์,Buri Ram,3118,ชำนิ,Chamni,311804,ช่อผกา,Cho Phaka,31110
1933,ภาคตะวันออกเฉียงเหนือ,31,บุรีรัมย์,Buri Ram,3118,ชำนิ,Chamni,311805,ละลวด,Laluat,31110
1934,ภาคตะวันออกเฉียงเหนือ,31,บุรีรัมย์,Buri Ram,3118,ชำนิ,Chamni,311806,โคกสนวน,Khok Sanuan,31110
1935,ภาคตะวันออกเฉียงเหนือ,31,บุรีรัมย์,Buri Ram,3119,บ้านใหม่ไชยพจน์,Ban Mai Chaiyaphot,311901,หนองแวง,Nong Waeng,31120
1936,ภาคตะวันออกเฉียงเหนือ,31,บุรีรัมย์,Buri Ram,3119,บ้านใหม่ไชยพจน์,Ban Mai Chaiyaphot,311902,ทองหลาง,Thong Lang,31120
1937,ภาคตะวันออกเฉียงเหนือ,31,บุรีรัมย์,Buri Ram,3119,บ้านใหม่ไชยพจน์,Ban Mai Chaiyaphot,311903,แดงใหญ่,Daeng Yai,31120
1938,ภาคตะวันออกเฉียงเหนือ,31,บุรีรัมย์,Buri Ram,3119,บ้านใหม่ไชยพจน์,Ban Mai Chaiyaphot,311904,กู่สวนแตง,Ku Suan Taeng,31120
1939,ภาคตะวันออกเฉียงเหนือ,31,บุรีรัมย์,Buri Ram,3119,บ้านใหม่ไชยพจน์,Ban Mai Chaiyaphot,311905,หนองเยือง,Nong Yueang,31120
1940,ภาคตะวันออกเฉียงเหนือ,31,บุรีรัมย์,Buri Ram,3120,โนนดินแดง,Non Din Daeng,312001,โนนดินแดง,Non Din Daeng,31260
1941,ภาคตะวันออกเฉียงเหนือ,31,บุรีรัมย์,Buri Ram,3120,โนนดินแดง,Non Din Daeng,312002,ส้มป่อย,Som Poi,31260
1942,ภาคตะวันออกเฉียงเหนือ,31,บุรีรัมย์,Buri Ram,3120,โนนดินแดง,Non Din Daeng,312003,ลำนางรอง,Lam Nang Rong,31260
1943,ภาคตะวันออกเฉียงเหนือ,31,บุรีรัมย์,Buri Ram,3121,บ้านด่าน,Ban Dan,312101,บ้านด่าน,Ban Dan,31000
1944,ภาคตะวันออกเฉียงเหนือ,31,บุรีรัมย์,Buri Ram,3121,บ้านด่าน,Ban Dan,312102,ปราสาท,Prasat,31000
1945,ภาคตะวันออกเฉียงเหนือ,31,บุรีรัมย์,Buri Ram,3121,บ้านด่าน,Ban Dan,312103,วังเหนือ,Wang Nuea,31000
1946,ภาคตะวันออกเฉียงเหนือ,31,บุรีรัมย์,Buri Ram,3121,บ้านด่าน,Ban Dan,312104,โนนขวาง,Non Khwang,31000
1947,ภาคตะวันออกเฉียงเหนือ,31,บุรีรัมย์,Buri Ram,3122,แคนดง,Khaen Dong,312201,แคนดง,Khaen Dong,31150
1948,ภาคตะวันออกเฉียงเหนือ,31,บุรีรัมย์,Buri Ram,3122,แคนดง,Khaen Dong,312202,ดงพลอง,Dong Phlong,31150
1949,ภาคตะวันออกเฉียงเหนือ,31,บุรีรัมย์,Buri Ram,3122,แคนดง,Khaen Dong,312203,สระบัว,Sa Bua,31150
1950,ภาคตะวันออกเฉียงเหนือ,31,บุรีรัมย์,Buri Ram,3122,แคนดง,Khaen Dong,312204,หัวฝาย,Hua Fai,31150
1951,ภาคตะวันออกเฉียงเหนือ,31,บุรีรัมย์,Buri Ram,3123,เฉลิมพระเกียรติ,Chaloem Phra Kiet,312301,เจริญสุข,Charoen Suk,31110
1952,ภาคตะวันออกเฉียงเหนือ,31,บุรีรัมย์,Buri Ram,3123,เฉลิมพระเกียรติ,Chaloem Phra Kiet,312302,ตาเป๊ก,Ta Pek,31110
1953,ภาคตะวันออกเฉียงเหนือ,31,บุรีรัมย์,Buri Ram,3123,เฉลิมพระเกียรติ,Chaloem Phra Kiet,312303,อีสานเขต,Isan Khet,31110
1954,ภาคตะวันออกเฉียงเหนือ,31,บุรีรัมย์,Buri Ram,3123,เฉลิมพระเกียรติ,Chaloem Phra Kiet,312304,ถาวร,Thawon,31170
1955,ภาคตะวันออกเฉียงเหนือ,31,บุรีรัมย์,Buri Ram,3123,เฉลิมพระเกียรติ,Chaloem Phra Kiet,312305,ยายแย้มวัฒนา,Yai Yaem Watthana,31170
1956,ภาคตะวันออกเฉียงเหนือ,32,สุรินทร์,Surin,3201,เมืองสุรินทร์,Mueang Surin,320101,ในเมือง,Nai Mueang,32000
1957,ภาคตะวันออกเฉียงเหนือ,32,สุรินทร์,Surin,3201,เมืองสุรินทร์,Mueang Surin,320102,ตั้งใจ,Tang Chai,32000
1958,ภาคตะวันออกเฉียงเหนือ,32,สุรินทร์,Surin,3201,เมืองสุรินทร์,Mueang Surin,320103,เพี้ยราม,Phia Ram,32000
1959,ภาคตะวันออกเฉียงเหนือ,32,สุรินทร์,Surin,3201,เมืองสุรินทร์,Mueang Surin,320104,นาดี,Na Di,32000
1960,ภาคตะวันออกเฉียงเหนือ,32,สุรินทร์,Surin,3201,เมืองสุรินทร์,Mueang Surin,320105,ท่าสว่าง,Tha Sawang,32000
1961,ภาคตะวันออกเฉียงเหนือ,32,สุรินทร์,Surin,3201,เมืองสุรินทร์,Mueang Surin,320106,สลักได,Salak Dai,32000
1962,ภาคตะวันออกเฉียงเหนือ,32,สุรินทร์,Surin,3201,เมืองสุรินทร์,Mueang Surin,320107,ตาอ็อง,Ta-Ong,32000
1963,ภาคตะวันออกเฉียงเหนือ,32,สุรินทร์,Surin,3201,เมืองสุรินทร์,Mueang Surin,320109,สำโรง,Samrong,32000
1964,ภาคตะวันออกเฉียงเหนือ,32,สุรินทร์,Surin,3201,เมืองสุรินทร์,Mueang Surin,320110,แกใหญ่,Kae Yai,32000
1965,ภาคตะวันออกเฉียงเหนือ,32,สุรินทร์,Surin,3201,เมืองสุรินทร์,Mueang Surin,320111,นอกเมือง,Nok Mueang,32000
1966,ภาคตะวันออกเฉียงเหนือ,32,สุรินทร์,Surin,3201,เมืองสุรินทร์,Mueang Surin,320112,คอโค,Kho Kho,32000
1967,ภาคตะวันออกเฉียงเหนือ,32,สุรินทร์,Surin,3201,เมืองสุรินทร์,Mueang Surin,320113,สวาย,Sawat,32000
1968,ภาคตะวันออกเฉียงเหนือ,32,สุรินทร์,Surin,3201,เมืองสุรินทร์,Mueang Surin,320114,เฉนียง,Chaniang,32000
1969,ภาคตะวันออกเฉียงเหนือ,32,สุรินทร์,Surin,3201,เมืองสุรินทร์,Mueang Surin,320116,เทนมีย์,Then Mi,32000
1970,ภาคตะวันออกเฉียงเหนือ,32,สุรินทร์,Surin,3201,เมืองสุรินทร์,Mueang Surin,320118,นาบัว,Na Bua,32000
1971,ภาคตะวันออกเฉียงเหนือ,32,สุรินทร์,Surin,3201,เมืองสุรินทร์,Mueang Surin,320119,เมืองที,Mueang Thi,32000
1972,ภาคตะวันออกเฉียงเหนือ,32,สุรินทร์,Surin,3201,เมืองสุรินทร์,Mueang Surin,320120,ราม,Ram,32000
1973,ภาคตะวันออกเฉียงเหนือ,32,สุรินทร์,Surin,3201,เมืองสุรินทร์,Mueang Surin,320121,บุฤาษี,Bu Ruesi,32000
1974,ภาคตะวันออกเฉียงเหนือ,32,สุรินทร์,Surin,3201,เมืองสุรินทร์,Mueang Surin,320122,ตระแสง,Trasaeng,32000
1975,ภาคตะวันออกเฉียงเหนือ,32,สุรินทร์,Surin,3201,เมืองสุรินทร์,Mueang Surin,320125,แสลงพันธ์,Salaeng Phan,32000
1976,ภาคตะวันออกเฉียงเหนือ,32,สุรินทร์,Surin,3201,เมืองสุรินทร์,Mueang Surin,320126,กาเกาะ,Ka Ko,32000
1977,ภาคตะวันออกเฉียงเหนือ,32,สุรินทร์,Surin,3202,ชุมพลบุรี,Chumphon Buri,320201,ชุมพลบุรี,Chumphon Buri,32190
1978,ภาคตะวันออกเฉียงเหนือ,32,สุรินทร์,Surin,3202,ชุมพลบุรี,Chumphon Buri,320202,นาหนองไผ่,Na Nong Phai,32190
1979,ภาคตะวันออกเฉียงเหนือ,32,สุรินทร์,Surin,3202,ชุมพลบุรี,Chumphon Buri,320203,ไพรขลา,Phrai Khla,32190
1980,ภาคตะวันออกเฉียงเหนือ,32,สุรินทร์,Surin,3202,ชุมพลบุรี,Chumphon Buri,320204,ศรีณรงค์,Si Narong,32190
1981,ภาคตะวันออกเฉียงเหนือ,32,สุรินทร์,Surin,3202,ชุมพลบุรี,Chumphon Buri,320205,ยะวึก,Yawuek,32190
1982,ภาคตะวันออกเฉียงเหนือ,32,สุรินทร์,Surin,3202,ชุมพลบุรี,Chumphon Buri,320206,เมืองบัว,Mueang Bua,32190
1983,ภาคตะวันออกเฉียงเหนือ,32,สุรินทร์,Surin,3202,ชุมพลบุรี,Chumphon Buri,320207,สระขุด,Sa Khut,32190
1984,ภาคตะวันออกเฉียงเหนือ,32,สุรินทร์,Surin,3202,ชุมพลบุรี,Chumphon Buri,320208,กระเบื้อง,Krabueang,32190
1985,ภาคตะวันออกเฉียงเหนือ,32,สุรินทร์,Surin,3202,ชุมพลบุรี,Chumphon Buri,320209,หนองเรือ,Nong Ruea,32190
1986,ภาคตะวันออกเฉียงเหนือ,32,สุรินทร์,Surin,3203,ท่าตูม,Tha Tum,320301,ท่าตูม,Tha Tum,32120
1987,ภาคตะวันออกเฉียงเหนือ,32,สุรินทร์,Surin,3203,ท่าตูม,Tha Tum,320302,กระโพ,Krapho,32120
1988,ภาคตะวันออกเฉียงเหนือ,32,สุรินทร์,Surin,3203,ท่าตูม,Tha Tum,320303,พรมเทพ,Phrom Thep,32120
1989,ภาคตะวันออกเฉียงเหนือ,32,สุรินทร์,Surin,3203,ท่าตูม,Tha Tum,320304,โพนครก,Phon Khrok,32120
1990,ภาคตะวันออกเฉียงเหนือ,32,สุรินทร์,Surin,3203,ท่าตูม,Tha Tum,320305,เมืองแก,Mueang Kae,32120
1991,ภาคตะวันออกเฉียงเหนือ,32,สุรินทร์,Surin,3203,ท่าตูม,Tha Tum,320306,บะ,Ba,32120
1992,ภาคตะวันออกเฉียงเหนือ,32,สุรินทร์,Surin,3203,ท่าตูม,Tha Tum,320307,หนองบัว,Nong Bua,32120
1993,ภาคตะวันออกเฉียงเหนือ,32,สุรินทร์,Surin,3203,ท่าตูม,Tha Tum,320308,บัวโคก,Bua Khok,32120
1994,ภาคตะวันออกเฉียงเหนือ,32,สุรินทร์,Surin,3203,ท่าตูม,Tha Tum,320309,หนองเมธี,Nong Methi,32120
1995,ภาคตะวันออกเฉียงเหนือ,32,สุรินทร์,Surin,3203,ท่าตูม,Tha Tum,320310,ทุ่งกุลา,Thung Kula,32120
1996,ภาคตะวันออกเฉียงเหนือ,32,สุรินทร์,Surin,3204,จอมพระ,Chom Phra,320401,จอมพระ,Chom Phra,32180
1997,ภาคตะวันออกเฉียงเหนือ,32,สุรินทร์,Surin,3204,จอมพระ,Chom Phra,320402,เมืองลีง,Mueang Lueng,32180
1998,ภาคตะวันออกเฉียงเหนือ,32,สุรินทร์,Surin,3204,จอมพระ,Chom Phra,320403,กระหาด,Krahat,32180
1999,ภาคตะวันออกเฉียงเหนือ,32,สุรินทร์,Surin,3204,จอมพระ,Chom Phra,320404,บุแกรง,Bu Kraeng,32180
2000,ภาคตะวันออกเฉียงเหนือ,32,สุรินทร์,Surin,3204,จอมพระ,Chom Phra,320405,หนองสนิท,Nong Sanit,32180
2001,ภาคตะวันออกเฉียงเหนือ,32,สุรินทร์,Surin,3204,จอมพระ,Chom Phra,320406,บ้านผือ,Ban Phue,32180
2002,ภาคตะวันออกเฉียงเหนือ,32,สุรินทร์,Surin,3204,จอมพระ,Chom Phra,320407,ลุ่มระวี,Lum Rawi,32180
2003,ภาคตะวันออกเฉียงเหนือ,32,สุรินทร์,Surin,3204,จอมพระ,Chom Phra,320408,ชุมแสง,Chum Saeng,32180
2004,ภาคตะวันออกเฉียงเหนือ,32,สุรินทร์,Surin,3204,จอมพระ,Chom Phra,320409,เป็นสุข,Pen Suk,32180
2005,ภาคตะวันออกเฉียงเหนือ,32,สุรินทร์,Surin,3205,ปราสาท,Prasat,320501,กังแอน,Kang Aen,32140
2006,ภาคตะวันออกเฉียงเหนือ,32,สุรินทร์,Surin,3205,ปราสาท,Prasat,320502,ทมอ,Thamo,32140
2007,ภาคตะวันออกเฉียงเหนือ,32,สุรินทร์,Surin,3205,ปราสาท,Prasat,320503,ไพล,Phrai,32140
2008,ภาคตะวันออกเฉียงเหนือ,32,สุรินทร์,Surin,3205,ปราสาท,Prasat,320504,ปรือ,Prue,32140
2009,ภาคตะวันออกเฉียงเหนือ,32,สุรินทร์,Surin,3205,ปราสาท,Prasat,320505,ทุ่งมน,Thung Mon,32140
2010,ภาคตะวันออกเฉียงเหนือ,32,สุรินทร์,Surin,3205,ปราสาท,Prasat,320506,ตาเบา,Ta Bao,32140
2011,ภาคตะวันออกเฉียงเหนือ,32,สุรินทร์,Surin,3205,ปราสาท,Prasat,320507,หนองใหญ่,Nong Yai,32140
2012,ภาคตะวันออกเฉียงเหนือ,32,สุรินทร์,Surin,3205,ปราสาท,Prasat,320508,โคกยาง,Khok Yang,32140
2013,ภาคตะวันออกเฉียงเหนือ,32,สุรินทร์,Surin,3205,ปราสาท,Prasat,320509,โคกสะอาด,Khok Sa-At,32140
2014,ภาคตะวันออกเฉียงเหนือ,32,สุรินทร์,Surin,3205,ปราสาท,Prasat,320510,บ้านไทร,Ban Sai,32140
2015,ภาคตะวันออกเฉียงเหนือ,32,สุรินทร์,Surin,3205,ปราสาท,Prasat,320511,โชคนาสาม,Chok Na Sam,32140
2016,ภาคตะวันออกเฉียงเหนือ,32,สุรินทร์,Surin,3205,ปราสาท,Prasat,320512,เชื้อเพลิง,Chue Phloeng,32140
2017,ภาคตะวันออกเฉียงเหนือ,32,สุรินทร์,Surin,3205,ปราสาท,Prasat,320513,ปราสาททนง,Prasat Thanong,32140
2018,ภาคตะวันออกเฉียงเหนือ,32,สุรินทร์,Surin,3205,ปราสาท,Prasat,320514,ตานี,Tani,32140
2019,ภาคตะวันออกเฉียงเหนือ,32,สุรินทร์,Surin,3205,ปราสาท,Prasat,320515,บ้านพลวง,Ban Phluang,32140
2020,ภาคตะวันออกเฉียงเหนือ,32,สุรินทร์,Surin,3205,ปราสาท,Prasat,320516,กันตวจระมวล,Kanta Wacharamuan,32140
2021,ภาคตะวันออกเฉียงเหนือ,32,สุรินทร์,Surin,3205,ปราสาท,Prasat,320517,สมุด,Samut,32140
2022,ภาคตะวันออกเฉียงเหนือ,32,สุรินทร์,Surin,3205,ปราสาท,Prasat,320518,ประทัดบุ,Prathat Bu,32140
2023,ภาคตะวันออกเฉียงเหนือ,32,สุรินทร์,Surin,3206,กาบเชิง,Kap Choeng,320601,กาบเชิง,Kap Choeng,32210
2024,ภาคตะวันออกเฉียงเหนือ,32,สุรินทร์,Surin,3206,กาบเชิง,Kap Choeng,320604,คูตัน,Khu Tan,32210
2025,ภาคตะวันออกเฉียงเหนือ,32,สุรินทร์,Surin,3206,กาบเชิง,Kap Choeng,320605,ด่าน,Dan,32210
2026,ภาคตะวันออกเฉียงเหนือ,32,สุรินทร์,Surin,3206,กาบเชิง,Kap Choeng,320606,แนงมุด,Naeng Mut,32210
2027,ภาคตะวันออกเฉียงเหนือ,32,สุรินทร์,Surin,3206,กาบเชิง,Kap Choeng,320607,โคกตะเคียน,Khok Takhian,32210
2028,ภาคตะวันออกเฉียงเหนือ,32,สุรินทร์,Surin,3206,กาบเชิง,Kap Choeng,320610,ตะเคียน,Takhian,32210
2029,ภาคตะวันออกเฉียงเหนือ,32,สุรินทร์,Surin,3207,รัตนบุรี,Rattanaburi,320701,รัตนบุรี,Rattana Buri,32130
2030,ภาคตะวันออกเฉียงเหนือ,32,สุรินทร์,Surin,3207,รัตนบุรี,Rattanaburi,320702,ธาตุ,That,32130
2031,ภาคตะวันออกเฉียงเหนือ,32,สุรินทร์,Surin,3207,รัตนบุรี,Rattanaburi,320703,แก,Kae,32130
2032,ภาคตะวันออกเฉียงเหนือ,32,สุรินทร์,Surin,3207,รัตนบุรี,Rattanaburi,320704,ดอนแรด,Don Raet,32130
2033,ภาคตะวันออกเฉียงเหนือ,32,สุรินทร์,Surin,3207,รัตนบุรี,Rattanaburi,320705,หนองบัวทอง,Nong Bua Thong,32130
2034,ภาคตะวันออกเฉียงเหนือ,32,สุรินทร์,Surin,3207,รัตนบุรี,Rattanaburi,320706,หนองบัวบาน,Nong Bua Ban,32130
2035,ภาคตะวันออกเฉียงเหนือ,32,สุรินทร์,Surin,3207,รัตนบุรี,Rattanaburi,320709,ไผ่,Phai,32130
2036,ภาคตะวันออกเฉียงเหนือ,32,สุรินทร์,Surin,3207,รัตนบุรี,Rattanaburi,320711,เบิด,Boet,32130
2037,ภาคตะวันออกเฉียงเหนือ,32,สุรินทร์,Surin,3207,รัตนบุรี,Rattanaburi,320713,น้ำเขียว,Nam Khiao,32130
2038,ภาคตะวันออกเฉียงเหนือ,32,สุรินทร์,Surin,3207,รัตนบุรี,Rattanaburi,320714,กุดขาคีม,Kut Kha Khim,32130
2039,ภาคตะวันออกเฉียงเหนือ,32,สุรินทร์,Surin,3207,รัตนบุรี,Rattanaburi,320715,ยางสว่าง,Yang Sawang,32130
2040,ภาคตะวันออกเฉียงเหนือ,32,สุรินทร์,Surin,3207,รัตนบุรี,Rattanaburi,320716,ทับใหญ่,Thap Yai,32130
2041,ภาคตะวันออกเฉียงเหนือ,32,สุรินทร์,Surin,3208,สนม,Sanom,320801,สนม,Sanom,32160
2042,ภาคตะวันออกเฉียงเหนือ,32,สุรินทร์,Surin,3208,สนม,Sanom,320802,โพนโก,Phon Ko,32160
2043,ภาคตะวันออกเฉียงเหนือ,32,สุรินทร์,Surin,3208,สนม,Sanom,320803,หนองระฆัง,Nong Rakhang,32160
2044,ภาคตะวันออกเฉียงเหนือ,32,สุรินทร์,Surin,3208,สนม,Sanom,320804,นานวน,Na Nuan,32160
2045,ภาคตะวันออกเฉียงเหนือ,32,สุรินทร์,Surin,3208,สนม,Sanom,320805,แคน,Khaen,32160
2046,ภาคตะวันออกเฉียงเหนือ,32,สุรินทร์,Surin,3208,สนม,Sanom,320806,หัวงัว,Hua Ngua,32160
2047,ภาคตะวันออกเฉียงเหนือ,32,สุรินทร์,Surin,3208,สนม,Sanom,320807,หนองอียอ,Nong I Yo,32160
2048,ภาคตะวันออกเฉียงเหนือ,32,สุรินทร์,Surin,3209,ศีขรภูมิ,Sikhoraphum,320901,ระแงง,Ra-Ngaeng,32110
2049,ภาคตะวันออกเฉียงเหนือ,32,สุรินทร์,Surin,3209,ศีขรภูมิ,Sikhoraphum,320902,ตรึม,Truem,32110
2050,ภาคตะวันออกเฉียงเหนือ,32,สุรินทร์,Surin,3209,ศีขรภูมิ,Sikhoraphum,320903,จารพัต,Charaphat,32110
2051,ภาคตะวันออกเฉียงเหนือ,32,สุรินทร์,Surin,3209,ศีขรภูมิ,Sikhoraphum,320904,ยาง,Yang,32110
2052,ภาคตะวันออกเฉียงเหนือ,32,สุรินทร์,Surin,3209,ศีขรภูมิ,Sikhoraphum,320905,แตล,Tlae,32110
2053,ภาคตะวันออกเฉียงเหนือ,32,สุรินทร์,Surin,3209,ศีขรภูมิ,Sikhoraphum,320906,หนองบัว,Nong Bua,32110
2054,ภาคตะวันออกเฉียงเหนือ,32,สุรินทร์,Surin,3209,ศีขรภูมิ,Sikhoraphum,320907,คาละแมะ,Khalamae,32110
2055,ภาคตะวันออกเฉียงเหนือ,32,สุรินทร์,Surin,3209,ศีขรภูมิ,Sikhoraphum,320908,หนองเหล็ก,Nong Lek,32110
2056,ภาคตะวันออกเฉียงเหนือ,32,สุรินทร์,Surin,3209,ศีขรภูมิ,Sikhoraphum,320909,หนองขวาว,Nong Khwao,32110
2057,ภาคตะวันออกเฉียงเหนือ,32,สุรินทร์,Surin,3209,ศีขรภูมิ,Sikhoraphum,320910,ช่างปี่,Chang Pi,32110
2058,ภาคตะวันออกเฉียงเหนือ,32,สุรินทร์,Surin,3209,ศีขรภูมิ,Sikhoraphum,320911,กุดหวาย,Kut Wai,32110
2059,ภาคตะวันออกเฉียงเหนือ,32,สุรินทร์,Surin,3209,ศีขรภูมิ,Sikhoraphum,320912,ขวาวใหญ่,Khwao Yai,32110
2060,ภาคตะวันออกเฉียงเหนือ,32,สุรินทร์,Surin,3209,ศีขรภูมิ,Sikhoraphum,320913,นารุ่ง,Na Rung,32110
2061,ภาคตะวันออกเฉียงเหนือ,32,สุรินทร์,Surin,3209,ศีขรภูมิ,Sikhoraphum,320914,ตรมไพร,Trom Phrai,32110
2062,ภาคตะวันออกเฉียงเหนือ,32,สุรินทร์,Surin,3209,ศีขรภูมิ,Sikhoraphum,320915,ผักไหม,Phak Mai,32110
2063,ภาคตะวันออกเฉียงเหนือ,32,สุรินทร์,Surin,3210,สังขะ,Sangkha,321001,สังขะ,Sangkha,32150
2064,ภาคตะวันออกเฉียงเหนือ,32,สุรินทร์,Surin,3210,สังขะ,Sangkha,321002,ขอนแตก,Khon Taek,32150
2065,ภาคตะวันออกเฉียงเหนือ,32,สุรินทร์,Surin,3210,สังขะ,Sangkha,321006,ดม,Dom,32150
2066,ภาคตะวันออกเฉียงเหนือ,32,สุรินทร์,Surin,3210,สังขะ,Sangkha,321007,พระแก้ว,Phra Kaeo,32150
2067,ภาคตะวันออกเฉียงเหนือ,32,สุรินทร์,Surin,3210,สังขะ,Sangkha,321008,บ้านจารย์,Ban Chan,32150
2068,ภาคตะวันออกเฉียงเหนือ,32,สุรินทร์,Surin,3210,สังขะ,Sangkha,321009,กระเทียม,Krathiam,32150
2069,ภาคตะวันออกเฉียงเหนือ,32,สุรินทร์,Surin,3210,สังขะ,Sangkha,321010,สะกาด,Sakat,32150
2070,ภาคตะวันออกเฉียงเหนือ,32,สุรินทร์,Surin,3210,สังขะ,Sangkha,321011,ตาตุม,Tatum,32150
2071,ภาคตะวันออกเฉียงเหนือ,32,สุรินทร์,Surin,3210,สังขะ,Sangkha,321012,ทับทัน,Thapthan,32150
2072,ภาคตะวันออกเฉียงเหนือ,32,สุรินทร์,Surin,3210,สังขะ,Sangkha,321013,ตาคง,Ta Khong,32150
2073,ภาคตะวันออกเฉียงเหนือ,32,สุรินทร์,Surin,3210,สังขะ,Sangkha,321015,บ้านชบ,Ban Chop,32150
2074,ภาคตะวันออกเฉียงเหนือ,32,สุรินทร์,Surin,3210,สังขะ,Sangkha,321017,เทพรักษา,Thep Raksa,32150
2075,ภาคตะวันออกเฉียงเหนือ,32,สุรินทร์,Surin,3211,ลำดวน,Lamduan,321101,ลำดวน,Lamduan,32220
2076,ภาคตะวันออกเฉียงเหนือ,32,สุรินทร์,Surin,3211,ลำดวน,Lamduan,321102,โชคเหนือ,Chok Nuea,32220
2077,ภาคตะวันออกเฉียงเหนือ,32,สุรินทร์,Surin,3211,ลำดวน,Lamduan,321103,อู่โลก,U Lok,32220
2078,ภาคตะวันออกเฉียงเหนือ,32,สุรินทร์,Surin,3211,ลำดวน,Lamduan,321104,ตรำดม,Tramdom,32220
2079,ภาคตะวันออกเฉียงเหนือ,32,สุรินทร์,Surin,3211,ลำดวน,Lamduan,321105,ตระเปียงเตีย,Trapiang Tia,32220
2080,ภาคตะวันออกเฉียงเหนือ,32,สุรินทร์,Surin,3212,สำโรงทาบ,Samrong Thap,321201,สำโรงทาบ,Samrong Thap,32170
2081,ภาคตะวันออกเฉียงเหนือ,32,สุรินทร์,Surin,3212,สำโรงทาบ,Samrong Thap,321202,หนองไผ่ล้อม,Nong Phai Lom,32170
2082,ภาคตะวันออกเฉียงเหนือ,32,สุรินทร์,Surin,3212,สำโรงทาบ,Samrong Thap,321203,กระออม,Kra-Om,32170
2083,ภาคตะวันออกเฉียงเหนือ,32,สุรินทร์,Surin,3212,สำโรงทาบ,Samrong Thap,321204,หนองฮะ,Nong Ha,32170
2084,ภาคตะวันออกเฉียงเหนือ,32,สุรินทร์,Surin,3212,สำโรงทาบ,Samrong Thap,321205,ศรีสุข,Si Suk,32170
2085,ภาคตะวันออกเฉียงเหนือ,32,สุรินทร์,Surin,3212,สำโรงทาบ,Samrong Thap,321206,เกาะแก้ว,Ko Kaeo,32170
2086,ภาคตะวันออกเฉียงเหนือ,32,สุรินทร์,Surin,3212,สำโรงทาบ,Samrong Thap,321207,หมื่นศรี,Muen Si,32170
2087,ภาคตะวันออกเฉียงเหนือ,32,สุรินทร์,Surin,3212,สำโรงทาบ,Samrong Thap,321208,เสม็จ,Samet,32170
2088,ภาคตะวันออกเฉียงเหนือ,32,สุรินทร์,Surin,3212,สำโรงทาบ,Samrong Thap,321209,สะโน,Sano,32170
2089,ภาคตะวันออกเฉียงเหนือ,32,สุรินทร์,Surin,3212,สำโรงทาบ,Samrong Thap,321210,ประดู่,Pradu,32170
2090,ภาคตะวันออกเฉียงเหนือ,32,สุรินทร์,Surin,3213,บัวเชด,Buachet,321301,บัวเชด,Bua Chet,32230
2091,ภาคตะวันออกเฉียงเหนือ,32,สุรินทร์,Surin,3213,บัวเชด,Buachet,321302,สะเดา,Sadao,32230
2092,ภาคตะวันออกเฉียงเหนือ,32,สุรินทร์,Surin,3213,บัวเชด,Buachet,321303,จรัส,Charat,32230
2093,ภาคตะวันออกเฉียงเหนือ,32,สุรินทร์,Surin,3213,บัวเชด,Buachet,321304,ตาวัง,Ta Wang,32230
2094,ภาคตะวันออกเฉียงเหนือ,32,สุรินทร์,Surin,3213,บัวเชด,Buachet,321305,อาโพน,A Phon,32230
2095,ภาคตะวันออกเฉียงเหนือ,32,สุรินทร์,Surin,3213,บัวเชด,Buachet,321306,สำเภาลูน,Samphao Lun,32230
2096,ภาคตะวันออกเฉียงเหนือ,32,สุรินทร์,Surin,3214,พนมดงรัก,Phanom Dong Rak,321401,บักได,Bak Dai,32140
2097,ภาคตะวันออกเฉียงเหนือ,32,สุรินทร์,Surin,3214,พนมดงรัก,Phanom Dong Rak,321402,โคกกลาง,Khok Klang,32140
2098,ภาคตะวันออกเฉียงเหนือ,32,สุรินทร์,Surin,3214,พนมดงรัก,Phanom Dong Rak,321403,จีกแดก,Chik Daek,32140
2099,ภาคตะวันออกเฉียงเหนือ,32,สุรินทร์,Surin,3214,พนมดงรัก,Phanom Dong Rak,321404,ตาเมียง,Ta Miang,32140
2100,ภาคตะวันออกเฉียงเหนือ,32,สุรินทร์,Surin,3215,ศรีณรงค์,Si Narong,321501,ณรงค์,Narong,32150
2101,ภาคตะวันออกเฉียงเหนือ,32,สุรินทร์,Surin,3215,ศรีณรงค์,Si Narong,321502,แจนแวน,Chaen Waen,32150
2102,ภาคตะวันออกเฉียงเหนือ,32,สุรินทร์,Surin,3215,ศรีณรงค์,Si Narong,321503,ตรวจ,Truat,32150
2103,ภาคตะวันออกเฉียงเหนือ,32,สุรินทร์,Surin,3215,ศรีณรงค์,Si Narong,321504,หนองแวง,Nong Waeng,32150
2104,ภาคตะวันออกเฉียงเหนือ,32,สุรินทร์,Surin,3215,ศรีณรงค์,Si Narong,321505,ศรีสุข,Si Suk,32150
2105,ภาคตะวันออกเฉียงเหนือ,32,สุรินทร์,Surin,3216,เขวาสินรินทร์,Khwao Sinarin,321601,เขวาสินรินทร์,Khewa Sinarin,32000
2106,ภาคตะวันออกเฉียงเหนือ,32,สุรินทร์,Surin,3216,เขวาสินรินทร์,Khwao Sinarin,321602,บึง,Bueng,32000
2107,ภาคตะวันออกเฉียงเหนือ,32,สุรินทร์,Surin,3216,เขวาสินรินทร์,Khwao Sinarin,321603,ตากูก,Ta Kuk,32000
2108,ภาคตะวันออกเฉียงเหนือ,32,สุรินทร์,Surin,3216,เขวาสินรินทร์,Khwao Sinarin,321604,ปราสาททอง,Prasat Thong,32000
2109,ภาคตะวันออกเฉียงเหนือ,32,สุรินทร์,Surin,3216,เขวาสินรินทร์,Khwao Sinarin,321605,บ้านแร่,Ban Rae,32000
2110,ภาคตะวันออกเฉียงเหนือ,32,สุรินทร์,Surin,3217,โนนนารายณ์,Non Narai,321701,หนองหลวง,Nong Luang,32130
2111,ภาคตะวันออกเฉียงเหนือ,32,สุรินทร์,Surin,3217,โนนนารายณ์,Non Narai,321702,คำผง,Kham Phong,32130
2112,ภาคตะวันออกเฉียงเหนือ,32,สุรินทร์,Surin,3217,โนนนารายณ์,Non Narai,321703,โนน,Non,32130
2113,ภาคตะวันออกเฉียงเหนือ,32,สุรินทร์,Surin,3217,โนนนารายณ์,Non Narai,321704,ระเวียง,Rawiang,32130
2114,ภาคตะวันออกเฉียงเหนือ,32,สุรินทร์,Surin,3217,โนนนารายณ์,Non Narai,321705,หนองเทพ,Nong Thep,32130
2115,ภาคตะวันออกเฉียงเหนือ,33,ศรีสะเกษ,Si Sa Ket,3301,เมืองศรีสะเกษ,Mueang Si Sa Ket,330101,เมืองเหนือ,Mueang Nuea,33000
2116,ภาคตะวันออกเฉียงเหนือ,33,ศรีสะเกษ,Si Sa Ket,3301,เมืองศรีสะเกษ,Mueang Si Sa Ket,330102,เมืองใต้,Mueang Tai,33000
2117,ภาคตะวันออกเฉียงเหนือ,33,ศรีสะเกษ,Si Sa Ket,3301,เมืองศรีสะเกษ,Mueang Si Sa Ket,330103,คูซอด,Khu Sot,33000
2118,ภาคตะวันออกเฉียงเหนือ,33,ศรีสะเกษ,Si Sa Ket,3301,เมืองศรีสะเกษ,Mueang Si Sa Ket,330104,ซำ,Sam,33000
2119,ภาคตะวันออกเฉียงเหนือ,33,ศรีสะเกษ,Si Sa Ket,3301,เมืองศรีสะเกษ,Mueang Si Sa Ket,330105,จาน,Chan,33000
2120,ภาคตะวันออกเฉียงเหนือ,33,ศรีสะเกษ,Si Sa Ket,3301,เมืองศรีสะเกษ,Mueang Si Sa Ket,330106,ตะดอบ,Tadop,33000
2121,ภาคตะวันออกเฉียงเหนือ,33,ศรีสะเกษ,Si Sa Ket,3301,เมืองศรีสะเกษ,Mueang Si Sa Ket,330107,หนองครก,Nong Khrok,33000
2122,ภาคตะวันออกเฉียงเหนือ,33,ศรีสะเกษ,Si Sa Ket,3301,เมืองศรีสะเกษ,Mueang Si Sa Ket,330111,โพนข่า,Phon Kha,33000
2123,ภาคตะวันออกเฉียงเหนือ,33,ศรีสะเกษ,Si Sa Ket,3301,เมืองศรีสะเกษ,Mueang Si Sa Ket,330112,โพนค้อ,Phon Kho,33000
2124,ภาคตะวันออกเฉียงเหนือ,33,ศรีสะเกษ,Si Sa Ket,3301,เมืองศรีสะเกษ,Mueang Si Sa Ket,330115,โพนเขวา,Phon Khwao,33000
2125,ภาคตะวันออกเฉียงเหนือ,33,ศรีสะเกษ,Si Sa Ket,3301,เมืองศรีสะเกษ,Mueang Si Sa Ket,330116,หญ้าปล้อง,Ya Plong,33000
2126,ภาคตะวันออกเฉียงเหนือ,33,ศรีสะเกษ,Si Sa Ket,3301,เมืองศรีสะเกษ,Mueang Si Sa Ket,330118,ทุ่ม,Thum,33000
2127,ภาคตะวันออกเฉียงเหนือ,33,ศรีสะเกษ,Si Sa Ket,3301,เมืองศรีสะเกษ,Mueang Si Sa Ket,330119,หนองไฮ,Nong Hai,33000
2128,ภาคตะวันออกเฉียงเหนือ,33,ศรีสะเกษ,Si Sa Ket,3301,เมืองศรีสะเกษ,Mueang Si Sa Ket,330121,หนองแก้ว,Nong Kaeo,33000
2129,ภาคตะวันออกเฉียงเหนือ,33,ศรีสะเกษ,Si Sa Ket,3301,เมืองศรีสะเกษ,Mueang Si Sa Ket,330122,น้ำคำ,Nam Kham,33000
2130,ภาคตะวันออกเฉียงเหนือ,33,ศรีสะเกษ,Si Sa Ket,3301,เมืองศรีสะเกษ,Mueang Si Sa Ket,330123,โพธิ์,Pho,33000
2131,ภาคตะวันออกเฉียงเหนือ,33,ศรีสะเกษ,Si Sa Ket,3301,เมืองศรีสะเกษ,Mueang Si Sa Ket,330124,หมากเขียบ,Mak Khiap,33000
2132,ภาคตะวันออกเฉียงเหนือ,33,ศรีสะเกษ,Si Sa Ket,3301,เมืองศรีสะเกษ,Mueang Si Sa Ket,330127,หนองไผ่,Nong Phai,33000
2133,ภาคตะวันออกเฉียงเหนือ,33,ศรีสะเกษ,Si Sa Ket,3302,ยางชุมน้อย,Yang Chum Noi,330201,ยางชุมน้อย,Yang Chum Noi,33190
2134,ภาคตะวันออกเฉียงเหนือ,33,ศรีสะเกษ,Si Sa Ket,3302,ยางชุมน้อย,Yang Chum Noi,330202,ลิ้นฟ้า,Lin Fa,33190
2135,ภาคตะวันออกเฉียงเหนือ,33,ศรีสะเกษ,Si Sa Ket,3302,ยางชุมน้อย,Yang Chum Noi,330203,คอนกาม,Khon Kam,33190
2136,ภาคตะวันออกเฉียงเหนือ,33,ศรีสะเกษ,Si Sa Ket,3302,ยางชุมน้อย,Yang Chum Noi,330204,โนนคูณ,Non Khun,33190
2137,ภาคตะวันออกเฉียงเหนือ,33,ศรีสะเกษ,Si Sa Ket,3302,ยางชุมน้อย,Yang Chum Noi,330205,กุดเมืองฮาม,Kut Mueang Ham,33190
2138,ภาคตะวันออกเฉียงเหนือ,33,ศรีสะเกษ,Si Sa Ket,3302,ยางชุมน้อย,Yang Chum Noi,330206,บึงบอน,Bueng Bon,33190
2139,ภาคตะวันออกเฉียงเหนือ,33,ศรีสะเกษ,Si Sa Ket,3302,ยางชุมน้อย,Yang Chum Noi,330207,ยางชุมใหญ่,Yang Chum Yai,33190
2140,ภาคตะวันออกเฉียงเหนือ,33,ศรีสะเกษ,Si Sa Ket,3303,กันทรารมย์,Kanthararom,330301,ดูน,Dun,33130
2141,ภาคตะวันออกเฉียงเหนือ,33,ศรีสะเกษ,Si Sa Ket,3303,กันทรารมย์,Kanthararom,330302,โนนสัง,Non Sang,33130
2142,ภาคตะวันออกเฉียงเหนือ,33,ศรีสะเกษ,Si Sa Ket,3303,กันทรารมย์,Kanthararom,330303,หนองหัวช้าง,Nong Hua Chang,33130
2143,ภาคตะวันออกเฉียงเหนือ,33,ศรีสะเกษ,Si Sa Ket,3303,กันทรารมย์,Kanthararom,330304,ยาง,Yang,33130
2144,ภาคตะวันออกเฉียงเหนือ,33,ศรีสะเกษ,Si Sa Ket,3303,กันทรารมย์,Kanthararom,330305,หนองแวง,Nong Waeng,33130
2145,ภาคตะวันออกเฉียงเหนือ,33,ศรีสะเกษ,Si Sa Ket,3303,กันทรารมย์,Kanthararom,330306,หนองแก้ว,Nong Kaeo,33130
2146,ภาคตะวันออกเฉียงเหนือ,33,ศรีสะเกษ,Si Sa Ket,3303,กันทรารมย์,Kanthararom,330307,ทาม,Tham,33130
2147,ภาคตะวันออกเฉียงเหนือ,33,ศรีสะเกษ,Si Sa Ket,3303,กันทรารมย์,Kanthararom,330308,ละทาย,Lathai,33130
2148,ภาคตะวันออกเฉียงเหนือ,33,ศรีสะเกษ,Si Sa Ket,3303,กันทรารมย์,Kanthararom,330309,เมืองน้อย,Mueang Noi,33130
2149,ภาคตะวันออกเฉียงเหนือ,33,ศรีสะเกษ,Si Sa Ket,3303,กันทรารมย์,Kanthararom,330310,อีปาด,I Pat,33130
2150,ภาคตะวันออกเฉียงเหนือ,33,ศรีสะเกษ,Si Sa Ket,3303,กันทรารมย์,Kanthararom,330311,บัวน้อย,Bua Noi,33130
2151,ภาคตะวันออกเฉียงเหนือ,33,ศรีสะเกษ,Si Sa Ket,3303,กันทรารมย์,Kanthararom,330312,หนองบัว,Nong Bua,33130
2152,ภาคตะวันออกเฉียงเหนือ,33,ศรีสะเกษ,Si Sa Ket,3303,กันทรารมย์,Kanthararom,330313,ดู่,Du,33130
2153,ภาคตะวันออกเฉียงเหนือ,33,ศรีสะเกษ,Si Sa Ket,3303,กันทรารมย์,Kanthararom,330314,ผักแพว,Phak Phaeo,33130
2154,ภาคตะวันออกเฉียงเหนือ,33,ศรีสะเกษ,Si Sa Ket,3303,กันทรารมย์,Kanthararom,330315,จาน,Chan,33130
2155,ภาคตะวันออกเฉียงเหนือ,33,ศรีสะเกษ,Si Sa Ket,3303,กันทรารมย์,Kanthararom,330320,คำเนียม,Kham Niam,33130
2156,ภาคตะวันออกเฉียงเหนือ,33,ศรีสะเกษ,Si Sa Ket,3304,กันทรลักษ์,Kantharalak,330401,บึงมะลู,Bueng Malu,33110
2157,ภาคตะวันออกเฉียงเหนือ,33,ศรีสะเกษ,Si Sa Ket,3304,กันทรลักษ์,Kantharalak,330402,กุดเสลา,Kut Salao,33110
2158,ภาคตะวันออกเฉียงเหนือ,33,ศรีสะเกษ,Si Sa Ket,3304,กันทรลักษ์,Kantharalak,330403,เมือง,Mueang,33110
2159,ภาคตะวันออกเฉียงเหนือ,33,ศรีสะเกษ,Si Sa Ket,3304,กันทรลักษ์,Kantharalak,330405,สังเม็ก,Sang Mek,33110
2160,ภาคตะวันออกเฉียงเหนือ,33,ศรีสะเกษ,Si Sa Ket,3304,กันทรลักษ์,Kantharalak,330406,น้ำอ้อม,Nam Om,33110
2161,ภาคตะวันออกเฉียงเหนือ,33,ศรีสะเกษ,Si Sa Ket,3304,กันทรลักษ์,Kantharalak,330407,ละลาย,Lalai,33110
2162,ภาคตะวันออกเฉียงเหนือ,33,ศรีสะเกษ,Si Sa Ket,3304,กันทรลักษ์,Kantharalak,330408,รุง,Rung,33110
2163,ภาคตะวันออกเฉียงเหนือ,33,ศรีสะเกษ,Si Sa Ket,3304,กันทรลักษ์,Kantharalak,330409,ตระกาจ,Trakat,33110
2164,ภาคตะวันออกเฉียงเหนือ,33,ศรีสะเกษ,Si Sa Ket,3304,กันทรลักษ์,Kantharalak,330411,จานใหญ่,Chan Yai,33110
2165,ภาคตะวันออกเฉียงเหนือ,33,ศรีสะเกษ,Si Sa Ket,3304,กันทรลักษ์,Kantharalak,330412,ภูเงิน,Phu Ngoen,33110
2166,ภาคตะวันออกเฉียงเหนือ,33,ศรีสะเกษ,Si Sa Ket,3304,กันทรลักษ์,Kantharalak,330413,ชำ,Cham,33110
2167,ภาคตะวันออกเฉียงเหนือ,33,ศรีสะเกษ,Si Sa Ket,3304,กันทรลักษ์,Kantharalak,330414,กระแชง,Krachaeng,33110
2168,ภาคตะวันออกเฉียงเหนือ,33,ศรีสะเกษ,Si Sa Ket,3304,กันทรลักษ์,Kantharalak,330415,โนนสำราญ,Non Samran,33110
2169,ภาคตะวันออกเฉียงเหนือ,33,ศรีสะเกษ,Si Sa Ket,3304,กันทรลักษ์,Kantharalak,330416,หนองหญ้าลาด,Nong Ya Lat,33110
2170,ภาคตะวันออกเฉียงเหนือ,33,ศรีสะเกษ,Si Sa Ket,3304,กันทรลักษ์,Kantharalak,330419,เสาธงชัย,Sao Thong Chai,33110
2171,ภาคตะวันออกเฉียงเหนือ,33,ศรีสะเกษ,Si Sa Ket,3304,กันทรลักษ์,Kantharalak,330420,ขนุน,Khanun,33110
2172,ภาคตะวันออกเฉียงเหนือ,33,ศรีสะเกษ,Si Sa Ket,3304,กันทรลักษ์,Kantharalak,330421,สวนกล้วย,Suan Kluai,33110
2173,ภาคตะวันออกเฉียงเหนือ,33,ศรีสะเกษ,Si Sa Ket,3304,กันทรลักษ์,Kantharalak,330423,เวียงเหนือ,Wiang Nuea,33110
2174,ภาคตะวันออกเฉียงเหนือ,33,ศรีสะเกษ,Si Sa Ket,3304,กันทรลักษ์,Kantharalak,330424,ทุ่งใหญ่,Thung Yai,33110
2175,ภาคตะวันออกเฉียงเหนือ,33,ศรีสะเกษ,Si Sa Ket,3304,กันทรลักษ์,Kantharalak,330425,ภูผาหมอก,Phu Pha Mok,33110
2176,ภาคตะวันออกเฉียงเหนือ,33,ศรีสะเกษ,Si Sa Ket,3305,ขุขันธ์,Khukhan,330501,กันทรารมย์,Kanthararom,33140
2177,ภาคตะวันออกเฉียงเหนือ,33,ศรีสะเกษ,Si Sa Ket,3305,ขุขันธ์,Khukhan,330502,จะกง,Cha Kong,33140
2178,ภาคตะวันออกเฉียงเหนือ,33,ศรีสะเกษ,Si Sa Ket,3305,ขุขันธ์,Khukhan,330503,ใจดี,Chai Di,33140
2179,ภาคตะวันออกเฉียงเหนือ,33,ศรีสะเกษ,Si Sa Ket,3305,ขุขันธ์,Khukhan,330504,ดองกำเม็ด,Dong Kammet,33140
2180,ภาคตะวันออกเฉียงเหนือ,33,ศรีสะเกษ,Si Sa Ket,3305,ขุขันธ์,Khukhan,330505,โสน,Sano,33140
2181,ภาคตะวันออกเฉียงเหนือ,33,ศรีสะเกษ,Si Sa Ket,3305,ขุขันธ์,Khukhan,330506,ปรือใหญ่,Prue Yai,33140
2182,ภาคตะวันออกเฉียงเหนือ,33,ศรีสะเกษ,Si Sa Ket,3305,ขุขันธ์,Khukhan,330507,สะเดาใหญ่,Sadao Yai,33140
2183,ภาคตะวันออกเฉียงเหนือ,33,ศรีสะเกษ,Si Sa Ket,3305,ขุขันธ์,Khukhan,330508,ตาอุด,Ta Ut,33140
2184,ภาคตะวันออกเฉียงเหนือ,33,ศรีสะเกษ,Si Sa Ket,3305,ขุขันธ์,Khukhan,330509,ห้วยเหนือ,Huai Nuea,33140
2185,ภาคตะวันออกเฉียงเหนือ,33,ศรีสะเกษ,Si Sa Ket,3305,ขุขันธ์,Khukhan,330510,ห้วยใต้,Huai Tai,33140
2186,ภาคตะวันออกเฉียงเหนือ,33,ศรีสะเกษ,Si Sa Ket,3305,ขุขันธ์,Khukhan,330511,หัวเสือ,Hua Suea,33140
2187,ภาคตะวันออกเฉียงเหนือ,33,ศรีสะเกษ,Si Sa Ket,3305,ขุขันธ์,Khukhan,330513,ตะเคียน,Takhian,33140
2188,ภาคตะวันออกเฉียงเหนือ,33,ศรีสะเกษ,Si Sa Ket,3305,ขุขันธ์,Khukhan,330515,นิคมพัฒนา,Nikhom Phatthana,33140
2189,ภาคตะวันออกเฉียงเหนือ,33,ศรีสะเกษ,Si Sa Ket,3305,ขุขันธ์,Khukhan,330517,โคกเพชร,Khok Phet,33140
2190,ภาคตะวันออกเฉียงเหนือ,33,ศรีสะเกษ,Si Sa Ket,3305,ขุขันธ์,Khukhan,330518,ปราสาท,Prasat,33140
2191,ภาคตะวันออกเฉียงเหนือ,33,ศรีสะเกษ,Si Sa Ket,3305,ขุขันธ์,Khukhan,330521,สำโรงตาเจ็น,Samrong Ta Chen,33140
2192,ภาคตะวันออกเฉียงเหนือ,33,ศรีสะเกษ,Si Sa Ket,3305,ขุขันธ์,Khukhan,330522,ห้วยสำราญ,Huai Samran,33140
2193,ภาคตะวันออกเฉียงเหนือ,33,ศรีสะเกษ,Si Sa Ket,3305,ขุขันธ์,Khukhan,330524,กฤษณา,Kritsana,33140
2194,ภาคตะวันออกเฉียงเหนือ,33,ศรีสะเกษ,Si Sa Ket,3305,ขุขันธ์,Khukhan,330525,ลมศักดิ์,Lom Sak,33140
2195,ภาคตะวันออกเฉียงเหนือ,33,ศรีสะเกษ,Si Sa Ket,3305,ขุขันธ์,Khukhan,330526,หนองฉลอง,Nong Chalong,33140
2196,ภาคตะวันออกเฉียงเหนือ,33,ศรีสะเกษ,Si Sa Ket,3305,ขุขันธ์,Khukhan,330527,ศรีตระกูล,Si Trakun,33140
2197,ภาคตะวันออกเฉียงเหนือ,33,ศรีสะเกษ,Si Sa Ket,3305,ขุขันธ์,Khukhan,330528,ศรีสะอาด,Si Sa-At,33140
2198,ภาคตะวันออกเฉียงเหนือ,33,ศรีสะเกษ,Si Sa Ket,3306,ไพรบึง,Phrai Bueng,330601,ไพรบึง,Phrai Bueng,33180
2199,ภาคตะวันออกเฉียงเหนือ,33,ศรีสะเกษ,Si Sa Ket,3306,ไพรบึง,Phrai Bueng,330602,ดินแดง,Din Daeng,33180
2200,ภาคตะวันออกเฉียงเหนือ,33,ศรีสะเกษ,Si Sa Ket,3306,ไพรบึง,Phrai Bueng,330603,ปราสาทเยอ,Prasat Yoe,33180
2201,ภาคตะวันออกเฉียงเหนือ,33,ศรีสะเกษ,Si Sa Ket,3306,ไพรบึง,Phrai Bueng,330604,สำโรงพลัน,Samrong Phlan,33180
2202,ภาคตะวันออกเฉียงเหนือ,33,ศรีสะเกษ,Si Sa Ket,3306,ไพรบึง,Phrai Bueng,330605,สุขสวัสดิ์,Suk Sawat,33180
2203,ภาคตะวันออกเฉียงเหนือ,33,ศรีสะเกษ,Si Sa Ket,3306,ไพรบึง,Phrai Bueng,330606,โนนปูน,Non Pun,33180
2204,ภาคตะวันออกเฉียงเหนือ,33,ศรีสะเกษ,Si Sa Ket,3307,ปรางค์กู่,Prang Ku,330701,พิมาย,Phimai,33170
2205,ภาคตะวันออกเฉียงเหนือ,33,ศรีสะเกษ,Si Sa Ket,3307,ปรางค์กู่,Prang Ku,330702,กู่,Ku,33170
2206,ภาคตะวันออกเฉียงเหนือ,33,ศรีสะเกษ,Si Sa Ket,3307,ปรางค์กู่,Prang Ku,330703,หนองเชียงทูน,Nong Chiang Thun,33170
2207,ภาคตะวันออกเฉียงเหนือ,33,ศรีสะเกษ,Si Sa Ket,3307,ปรางค์กู่,Prang Ku,330704,ตูม,Tum,33170
2208,ภาคตะวันออกเฉียงเหนือ,33,ศรีสะเกษ,Si Sa Ket,3307,ปรางค์กู่,Prang Ku,330705,สมอ,Samo,33170
2209,ภาคตะวันออกเฉียงเหนือ,33,ศรีสะเกษ,Si Sa Ket,3307,ปรางค์กู่,Prang Ku,330706,โพธิ์ศรี,Pho Si,33170
2210,ภาคตะวันออกเฉียงเหนือ,33,ศรีสะเกษ,Si Sa Ket,3307,ปรางค์กู่,Prang Ku,330707,สำโรงปราสาท,Samrong Prasat,33170
2211,ภาคตะวันออกเฉียงเหนือ,33,ศรีสะเกษ,Si Sa Ket,3307,ปรางค์กู่,Prang Ku,330708,ดู่,Du,33170
2212,ภาคตะวันออกเฉียงเหนือ,33,ศรีสะเกษ,Si Sa Ket,3307,ปรางค์กู่,Prang Ku,330709,สวาย,Sawat,33170
2213,ภาคตะวันออกเฉียงเหนือ,33,ศรีสะเกษ,Si Sa Ket,3307,ปรางค์กู่,Prang Ku,330710,พิมายเหนือ,Phimai Nuea,33170
2214,ภาคตะวันออกเฉียงเหนือ,33,ศรีสะเกษ,Si Sa Ket,3308,ขุนหาญ,Khun Han,330801,สิ,Si,33150
2215,ภาคตะวันออกเฉียงเหนือ,33,ศรีสะเกษ,Si Sa Ket,3308,ขุนหาญ,Khun Han,330802,บักดอง,Bak Dong,33150
2216,ภาคตะวันออกเฉียงเหนือ,33,ศรีสะเกษ,Si Sa Ket,3308,ขุนหาญ,Khun Han,330803,พราน,Phran,33150
2217,ภาคตะวันออกเฉียงเหนือ,33,ศรีสะเกษ,Si Sa Ket,3308,ขุนหาญ,Khun Han,330804,โพธิ์วงศ์,Pho Wong,33150
2218,ภาคตะวันออกเฉียงเหนือ,33,ศรีสะเกษ,Si Sa Ket,3308,ขุนหาญ,Khun Han,330805,ไพร,Phrai,33150
2219,ภาคตะวันออกเฉียงเหนือ,33,ศรีสะเกษ,Si Sa Ket,3308,ขุนหาญ,Khun Han,330806,กระหวัน,Krawan,33150
2220,ภาคตะวันออกเฉียงเหนือ,33,ศรีสะเกษ,Si Sa Ket,3308,ขุนหาญ,Khun Han,330807,ขุนหาญ,Khun Han,33150
2221,ภาคตะวันออกเฉียงเหนือ,33,ศรีสะเกษ,Si Sa Ket,3308,ขุนหาญ,Khun Han,330808,โนนสูง,Non Sung,33150
2222,ภาคตะวันออกเฉียงเหนือ,33,ศรีสะเกษ,Si Sa Ket,3308,ขุนหาญ,Khun Han,330809,กันทรอม,Kan Throm,33150
2223,ภาคตะวันออกเฉียงเหนือ,33,ศรีสะเกษ,Si Sa Ket,3308,ขุนหาญ,Khun Han,330810,ภูฝ้าย,Phu Fai,33150
2224,ภาคตะวันออกเฉียงเหนือ,33,ศรีสะเกษ,Si Sa Ket,3308,ขุนหาญ,Khun Han,330811,โพธิ์กระสังข์,Pho Krasang,33150
2225,ภาคตะวันออกเฉียงเหนือ,33,ศรีสะเกษ,Si Sa Ket,3308,ขุนหาญ,Khun Han,330812,ห้วยจันทร์,Huai Chan,33150
2226,ภาคตะวันออกเฉียงเหนือ,33,ศรีสะเกษ,Si Sa Ket,3309,ราษีไศล,Rasi Salai,330901,เมืองคง,Mueang Khong,33160
2227,ภาคตะวันออกเฉียงเหนือ,33,ศรีสะเกษ,Si Sa Ket,3309,ราษีไศล,Rasi Salai,330902,เมืองแคน,Mueang Khaen,33160
2228,ภาคตะวันออกเฉียงเหนือ,33,ศรีสะเกษ,Si Sa Ket,3309,ราษีไศล,Rasi Salai,330903,หนองแค,Nong Khae,33160
2229,ภาคตะวันออกเฉียงเหนือ,33,ศรีสะเกษ,Si Sa Ket,3309,ราษีไศล,Rasi Salai,330906,จิกสังข์ทอง,Chik Sang Thong,33160
2230,ภาคตะวันออกเฉียงเหนือ,33,ศรีสะเกษ,Si Sa Ket,3309,ราษีไศล,Rasi Salai,330907,ด่าน,Dan,33160
2231,ภาคตะวันออกเฉียงเหนือ,33,ศรีสะเกษ,Si Sa Ket,3309,ราษีไศล,Rasi Salai,330908,ดู่,Du,33160
2232,ภาคตะวันออกเฉียงเหนือ,33,ศรีสะเกษ,Si Sa Ket,3309,ราษีไศล,Rasi Salai,330909,หนองอึ่ง,Nong Ueng,33160
2233,ภาคตะวันออกเฉียงเหนือ,33,ศรีสะเกษ,Si Sa Ket,3309,ราษีไศล,Rasi Salai,330910,บัวหุ่ง,Bua Hung,33160
2234,ภาคตะวันออกเฉียงเหนือ,33,ศรีสะเกษ,Si Sa Ket,3309,ราษีไศล,Rasi Salai,330911,ไผ่,Phai,33160
2235,ภาคตะวันออกเฉียงเหนือ,33,ศรีสะเกษ,Si Sa Ket,3309,ราษีไศล,Rasi Salai,330912,ส้มป่อย,Som Poi,33160
2236,ภาคตะวันออกเฉียงเหนือ,33,ศรีสะเกษ,Si Sa Ket,3309,ราษีไศล,Rasi Salai,330913,หนองหมี,Nong Mi,33160
2237,ภาคตะวันออกเฉียงเหนือ,33,ศรีสะเกษ,Si Sa Ket,3309,ราษีไศล,Rasi Salai,330914,หว้านคำ,Wan Kham,33160
2238,ภาคตะวันออกเฉียงเหนือ,33,ศรีสะเกษ,Si Sa Ket,3309,ราษีไศล,Rasi Salai,330915,สร้างปี่,Sang Pi,33160
2239,ภาคตะวันออกเฉียงเหนือ,33,ศรีสะเกษ,Si Sa Ket,3310,อุทุมพรพิสัย,Uthumphon Phisai,331001,กำแพง,Kamphaeng,33120
2240,ภาคตะวันออกเฉียงเหนือ,33,ศรีสะเกษ,Si Sa Ket,3310,อุทุมพรพิสัย,Uthumphon Phisai,331002,อี่หล่ำ,I Lam,33120
2241,ภาคตะวันออกเฉียงเหนือ,33,ศรีสะเกษ,Si Sa Ket,3310,อุทุมพรพิสัย,Uthumphon Phisai,331003,ก้านเหลือง,Kan Lueang,33120
2242,ภาคตะวันออกเฉียงเหนือ,33,ศรีสะเกษ,Si Sa Ket,3310,อุทุมพรพิสัย,Uthumphon Phisai,331004,ทุ่งไชย,Thung Chai,33120
2243,ภาคตะวันออกเฉียงเหนือ,33,ศรีสะเกษ,Si Sa Ket,3310,อุทุมพรพิสัย,Uthumphon Phisai,331005,สำโรง,Samrong,33120
2244,ภาคตะวันออกเฉียงเหนือ,33,ศรีสะเกษ,Si Sa Ket,3310,อุทุมพรพิสัย,Uthumphon Phisai,331006,แขม,Khaem,33120
2245,ภาคตะวันออกเฉียงเหนือ,33,ศรีสะเกษ,Si Sa Ket,3310,อุทุมพรพิสัย,Uthumphon Phisai,331007,หนองไฮ,Nong Hai,33120
2246,ภาคตะวันออกเฉียงเหนือ,33,ศรีสะเกษ,Si Sa Ket,3310,อุทุมพรพิสัย,Uthumphon Phisai,331008,ขะยูง,Khayung,33120
2247,ภาคตะวันออกเฉียงเหนือ,33,ศรีสะเกษ,Si Sa Ket,3310,อุทุมพรพิสัย,Uthumphon Phisai,331010,ตาเกษ,Ta Kat,33120
2248,ภาคตะวันออกเฉียงเหนือ,33,ศรีสะเกษ,Si Sa Ket,3310,อุทุมพรพิสัย,Uthumphon Phisai,331011,หัวช้าง,Hua Chang,33120
2249,ภาคตะวันออกเฉียงเหนือ,33,ศรีสะเกษ,Si Sa Ket,3310,อุทุมพรพิสัย,Uthumphon Phisai,331012,รังแร้ง,Rang Raeng,33120
2250,ภาคตะวันออกเฉียงเหนือ,33,ศรีสะเกษ,Si Sa Ket,3310,อุทุมพรพิสัย,Uthumphon Phisai,331014,แต้,Tae,33120
2251,ภาคตะวันออกเฉียงเหนือ,33,ศรีสะเกษ,Si Sa Ket,3310,อุทุมพรพิสัย,Uthumphon Phisai,331015,แข้,Khae,33120
2252,ภาคตะวันออกเฉียงเหนือ,33,ศรีสะเกษ,Si Sa Ket,3310,อุทุมพรพิสัย,Uthumphon Phisai,331016,โพธิ์ชัย,Pho Chai,33120
2253,ภาคตะวันออกเฉียงเหนือ,33,ศรีสะเกษ,Si Sa Ket,3310,อุทุมพรพิสัย,Uthumphon Phisai,331017,ปะอาว,Pa-Ao,33120
2254,ภาคตะวันออกเฉียงเหนือ,33,ศรีสะเกษ,Si Sa Ket,3310,อุทุมพรพิสัย,Uthumphon Phisai,331018,หนองห้าง,Nong Hang,33120
2255,ภาคตะวันออกเฉียงเหนือ,33,ศรีสะเกษ,Si Sa Ket,3310,อุทุมพรพิสัย,Uthumphon Phisai,331022,สระกำแพงใหญ่,Sa Kamphaeng Yai,33120
2256,ภาคตะวันออกเฉียงเหนือ,33,ศรีสะเกษ,Si Sa Ket,3310,อุทุมพรพิสัย,Uthumphon Phisai,331024,โคกหล่าม,Khok Lam,33120
2257,ภาคตะวันออกเฉียงเหนือ,33,ศรีสะเกษ,Si Sa Ket,3310,อุทุมพรพิสัย,Uthumphon Phisai,331025,โคกจาน,Khok Chan,33120
2258,ภาคตะวันออกเฉียงเหนือ,33,ศรีสะเกษ,Si Sa Ket,3311,บึงบูรพ์,Bueng Bun,331101,เป๊าะ,Po,33220
2259,ภาคตะวันออกเฉียงเหนือ,33,ศรีสะเกษ,Si Sa Ket,3311,บึงบูรพ์,Bueng Bun,331102,บึงบูรพ์,Bueng Bun,33220
2260,ภาคตะวันออกเฉียงเหนือ,33,ศรีสะเกษ,Si Sa Ket,3312,ห้วยทับทัน,Huai Thap Than,331201,ห้วยทับทัน,Huai Thapthan,33210
2261,ภาคตะวันออกเฉียงเหนือ,33,ศรีสะเกษ,Si Sa Ket,3312,ห้วยทับทัน,Huai Thap Than,331202,เมืองหลวง,Mueang Luang,33210
2262,ภาคตะวันออกเฉียงเหนือ,33,ศรีสะเกษ,Si Sa Ket,3312,ห้วยทับทัน,Huai Thap Than,331203,กล้วยกว้าง,Kluai Kwang,33210
2263,ภาคตะวันออกเฉียงเหนือ,33,ศรีสะเกษ,Si Sa Ket,3312,ห้วยทับทัน,Huai Thap Than,331204,ผักไหม,Phak Mai,33210
2264,ภาคตะวันออกเฉียงเหนือ,33,ศรีสะเกษ,Si Sa Ket,3312,ห้วยทับทัน,Huai Thap Than,331205,จานแสนไชย,Chan Saen Chai,33210
2265,ภาคตะวันออกเฉียงเหนือ,33,ศรีสะเกษ,Si Sa Ket,3312,ห้วยทับทัน,Huai Thap Than,331206,ปราสาท,Prasat,33210
2266,ภาคตะวันออกเฉียงเหนือ,33,ศรีสะเกษ,Si Sa Ket,3313,โนนคูณ,Non Khun,331301,โนนค้อ,Non Kho,33250
2267,ภาคตะวันออกเฉียงเหนือ,33,ศรีสะเกษ,Si Sa Ket,3313,โนนคูณ,Non Khun,331302,บก,Bok,33250
2268,ภาคตะวันออกเฉียงเหนือ,33,ศรีสะเกษ,Si Sa Ket,3313,โนนคูณ,Non Khun,331303,โพธิ์,Pho,33250
2269,ภาคตะวันออกเฉียงเหนือ,33,ศรีสะเกษ,Si Sa Ket,3313,โนนคูณ,Non Khun,331304,หนองกุง,Nong Kung,33250
2270,ภาคตะวันออกเฉียงเหนือ,33,ศรีสะเกษ,Si Sa Ket,3313,โนนคูณ,Non Khun,331305,เหล่ากวาง,Lao Kwang,33250
2271,ภาคตะวันออกเฉียงเหนือ,33,ศรีสะเกษ,Si Sa Ket,3314,ศรีรัตนะ,Si Rattana,331401,ศรีแก้ว,Si Kaeo,33240
2272,ภาคตะวันออกเฉียงเหนือ,33,ศรีสะเกษ,Si Sa Ket,3314,ศรีรัตนะ,Si Rattana,331402,พิงพวย,Phing Phuai,33240
2273,ภาคตะวันออกเฉียงเหนือ,33,ศรีสะเกษ,Si Sa Ket,3314,ศรีรัตนะ,Si Rattana,331403,สระเยาว์,Sa Yao,33240
2274,ภาคตะวันออกเฉียงเหนือ,33,ศรีสะเกษ,Si Sa Ket,3314,ศรีรัตนะ,Si Rattana,331404,ตูม,Tum,33240
2275,ภาคตะวันออกเฉียงเหนือ,33,ศรีสะเกษ,Si Sa Ket,3314,ศรีรัตนะ,Si Rattana,331405,เสื่องข้าว,Sueang Khao,33240
2276,ภาคตะวันออกเฉียงเหนือ,33,ศรีสะเกษ,Si Sa Ket,3314,ศรีรัตนะ,Si Rattana,331406,ศรีโนนงาม,Si Non Ngam,33240
2277,ภาคตะวันออกเฉียงเหนือ,33,ศรีสะเกษ,Si Sa Ket,3314,ศรีรัตนะ,Si Rattana,331407,สะพุง,Saphung,33240
2278,ภาคตะวันออกเฉียงเหนือ,33,ศรีสะเกษ,Si Sa Ket,3315,น้ำเกลี้ยง,Nam Kliang,331501,น้ำเกลี้ยง,Nam Kliang,33130
2279,ภาคตะวันออกเฉียงเหนือ,33,ศรีสะเกษ,Si Sa Ket,3315,น้ำเกลี้ยง,Nam Kliang,331502,ละเอาะ,La-O,33130
2280,ภาคตะวันออกเฉียงเหนือ,33,ศรีสะเกษ,Si Sa Ket,3315,น้ำเกลี้ยง,Nam Kliang,331503,ตองปิด,Tong Pit,33130
2281,ภาคตะวันออกเฉียงเหนือ,33,ศรีสะเกษ,Si Sa Ket,3315,น้ำเกลี้ยง,Nam Kliang,331504,เขิน,Khoen,33130
2282,ภาคตะวันออกเฉียงเหนือ,33,ศรีสะเกษ,Si Sa Ket,3315,น้ำเกลี้ยง,Nam Kliang,331505,รุ่งระวี,Rung Rawi,33130
2283,ภาคตะวันออกเฉียงเหนือ,33,ศรีสะเกษ,Si Sa Ket,3315,น้ำเกลี้ยง,Nam Kliang,331506,คูบ,Khup,33130
2284,ภาคตะวันออกเฉียงเหนือ,33,ศรีสะเกษ,Si Sa Ket,3316,วังหิน,Wang Hin,331601,บุสูง,Bu Sung,33270
2285,ภาคตะวันออกเฉียงเหนือ,33,ศรีสะเกษ,Si Sa Ket,3316,วังหิน,Wang Hin,331602,ธาตุ,That,33270
2286,ภาคตะวันออกเฉียงเหนือ,33,ศรีสะเกษ,Si Sa Ket,3316,วังหิน,Wang Hin,331603,ดวนใหญ่,Duan Yai,33270
2287,ภาคตะวันออกเฉียงเหนือ,33,ศรีสะเกษ,Si Sa Ket,3316,วังหิน,Wang Hin,331604,บ่อแก้ว,Bo Kaeo,33270
2288,ภาคตะวันออกเฉียงเหนือ,33,ศรีสะเกษ,Si Sa Ket,3316,วังหิน,Wang Hin,331605,ศรีสำราญ,Si Samran,33270
2289,ภาคตะวันออกเฉียงเหนือ,33,ศรีสะเกษ,Si Sa Ket,3316,วังหิน,Wang Hin,331606,ทุ่งสว่าง,Thung Sawang,33270
2290,ภาคตะวันออกเฉียงเหนือ,33,ศรีสะเกษ,Si Sa Ket,3316,วังหิน,Wang Hin,331607,วังหิน,Wang Hin,33270
2291,ภาคตะวันออกเฉียงเหนือ,33,ศรีสะเกษ,Si Sa Ket,3316,วังหิน,Wang Hin,331608,โพนยาง,Phon Yang,33270
2292,ภาคตะวันออกเฉียงเหนือ,33,ศรีสะเกษ,Si Sa Ket,3317,ภูสิงห์,Phu Sing,331701,โคกตาล,Khok Tan,33140
2293,ภาคตะวันออกเฉียงเหนือ,33,ศรีสะเกษ,Si Sa Ket,3317,ภูสิงห์,Phu Sing,331702,ห้วยตามอญ,Huai Ta Mon,33140
2294,ภาคตะวันออกเฉียงเหนือ,33,ศรีสะเกษ,Si Sa Ket,3317,ภูสิงห์,Phu Sing,331703,ห้วยตึ๊กชู,Huai Tuek Chu,33140
2295,ภาคตะวันออกเฉียงเหนือ,33,ศรีสะเกษ,Si Sa Ket,3317,ภูสิงห์,Phu Sing,331704,ละลม,Lalom,33140
2296,ภาคตะวันออกเฉียงเหนือ,33,ศรีสะเกษ,Si Sa Ket,3317,ภูสิงห์,Phu Sing,331705,ตะเคียนราม,Takhian Ram,33140
2297,ภาคตะวันออกเฉียงเหนือ,33,ศรีสะเกษ,Si Sa Ket,3317,ภูสิงห์,Phu Sing,331706,ดงรัก,Dong Rak,33140
2298,ภาคตะวันออกเฉียงเหนือ,33,ศรีสะเกษ,Si Sa Ket,3317,ภูสิงห์,Phu Sing,331707,ไพรพัฒนา,Phrai Phatthana,33140
2299,ภาคตะวันออกเฉียงเหนือ,33,ศรีสะเกษ,Si Sa Ket,3318,เมืองจันทร์,Mueang Chan,331801,เมืองจันทร์,Mueang Chan,33120
2300,ภาคตะวันออกเฉียงเหนือ,33,ศรีสะเกษ,Si Sa Ket,3318,เมืองจันทร์,Mueang Chan,331802,ตาโกน,Ta Kon,33120
2301,ภาคตะวันออกเฉียงเหนือ,33,ศรีสะเกษ,Si Sa Ket,3318,เมืองจันทร์,Mueang Chan,331803,หนองใหญ่,Nong Yai,33120
2302,ภาคตะวันออกเฉียงเหนือ,33,ศรีสะเกษ,Si Sa Ket,3319,เบญจลักษ์,Benchalak,331901,เสียว,Siao,33110
2303,ภาคตะวันออกเฉียงเหนือ,33,ศรีสะเกษ,Si Sa Ket,3319,เบญจลักษ์,Benchalak,331902,หนองหว้า,Nong Wa,33110
2304,ภาคตะวันออกเฉียงเหนือ,33,ศรีสะเกษ,Si Sa Ket,3319,เบญจลักษ์,Benchalak,331903,หนองงูเหลือม,Nong Ngu Lueam,33110
2305,ภาคตะวันออกเฉียงเหนือ,33,ศรีสะเกษ,Si Sa Ket,3319,เบญจลักษ์,Benchalak,331904,หนองฮาง,Nong Hang,33110
2306,ภาคตะวันออกเฉียงเหนือ,33,ศรีสะเกษ,Si Sa Ket,3319,เบญจลักษ์,Benchalak,331905,ท่าคล้อ,Tha Khlo,33110
2307,ภาคตะวันออกเฉียงเหนือ,33,ศรีสะเกษ,Si Sa Ket,3320,พยุห์,Phayu,332001,พยุห์,Phayu,33230
2308,ภาคตะวันออกเฉียงเหนือ,33,ศรีสะเกษ,Si Sa Ket,3320,พยุห์,Phayu,332002,พรหมสวัสดิ์,Phrom Sawat,33230
2309,ภาคตะวันออกเฉียงเหนือ,33,ศรีสะเกษ,Si Sa Ket,3320,พยุห์,Phayu,332003,ตำแย,Tamyae,33230
2310,ภาคตะวันออกเฉียงเหนือ,33,ศรีสะเกษ,Si Sa Ket,3320,พยุห์,Phayu,332004,โนนเพ็ก,Non Phek,33230
2311,ภาคตะวันออกเฉียงเหนือ,33,ศรีสะเกษ,Si Sa Ket,3320,พยุห์,Phayu,332005,หนองค้า,Nong Kha,33230
2312,ภาคตะวันออกเฉียงเหนือ,33,ศรีสะเกษ,Si Sa Ket,3321,โพธิ์ศรีสุวรรณ,Pho Si Suwan,332101,โดด,Dot,33120
2313,ภาคตะวันออกเฉียงเหนือ,33,ศรีสะเกษ,Si Sa Ket,3321,โพธิ์ศรีสุวรรณ,Pho Si Suwan,332102,เสียว,Siao,33120
2314,ภาคตะวันออกเฉียงเหนือ,33,ศรีสะเกษ,Si Sa Ket,3321,โพธิ์ศรีสุวรรณ,Pho Si Suwan,332103,หนองม้า,Nong Ma,33120
2315,ภาคตะวันออกเฉียงเหนือ,33,ศรีสะเกษ,Si Sa Ket,3321,โพธิ์ศรีสุวรรณ,Pho Si Suwan,332104,ผือใหญ่,Phue Yai,33120
2316,ภาคตะวันออกเฉียงเหนือ,33,ศรีสะเกษ,Si Sa Ket,3321,โพธิ์ศรีสุวรรณ,Pho Si Suwan,332105,อีเซ,I Se,33120
2317,ภาคตะวันออกเฉียงเหนือ,33,ศรีสะเกษ,Si Sa Ket,3322,ศิลาลาด,Sila Lat,332201,กุง,Kung,33160
2318,ภาคตะวันออกเฉียงเหนือ,33,ศรีสะเกษ,Si Sa Ket,3322,ศิลาลาด,Sila Lat,332202,คลีกลิ้ง,Khli Kling,33160
2319,ภาคตะวันออกเฉียงเหนือ,33,ศรีสะเกษ,Si Sa Ket,3322,ศิลาลาด,Sila Lat,332203,หนองบัวดง,Nong Bua Dong,33160
2320,ภาคตะวันออกเฉียงเหนือ,33,ศรีสะเกษ,Si Sa Ket,3322,ศิลาลาด,Sila Lat,332204,โจดม่วง,Chot Muang,33160
2321,ภาคตะวันออกเฉียงเหนือ,34,อุบลราชธานี,Ubon Ratchathani,3401,เมืองอุบลราชธานี,Mueang Ubon Ratchathani,340101,ในเมือง,Nai Mueang,34000
2322,ภาคตะวันออกเฉียงเหนือ,34,อุบลราชธานี,Ubon Ratchathani,3401,เมืองอุบลราชธานี,Mueang Ubon Ratchathani,340104,หัวเรือ,Hua Ruea,34000
2323,ภาคตะวันออกเฉียงเหนือ,34,อุบลราชธานี,Ubon Ratchathani,3401,เมืองอุบลราชธานี,Mueang Ubon Ratchathani,340105,หนองขอน,Nong Khon,34000
2324,ภาคตะวันออกเฉียงเหนือ,34,อุบลราชธานี,Ubon Ratchathani,3401,เมืองอุบลราชธานี,Mueang Ubon Ratchathani,340107,ปทุม,Pathum,34000
2325,ภาคตะวันออกเฉียงเหนือ,34,อุบลราชธานี,Ubon Ratchathani,3401,เมืองอุบลราชธานี,Mueang Ubon Ratchathani,340108,ขามใหญ่,Kham Yai,34000
2326,ภาคตะวันออกเฉียงเหนือ,34,อุบลราชธานี,Ubon Ratchathani,3401,เมืองอุบลราชธานี,Mueang Ubon Ratchathani,340109,แจระแม,Chaeramae,34000
2327,ภาคตะวันออกเฉียงเหนือ,34,อุบลราชธานี,Ubon Ratchathani,3401,เมืองอุบลราชธานี,Mueang Ubon Ratchathani,340111,หนองบ่อ,Nong Bo,34000
2328,ภาคตะวันออกเฉียงเหนือ,34,อุบลราชธานี,Ubon Ratchathani,3401,เมืองอุบลราชธานี,Mueang Ubon Ratchathani,340112,ไร่น้อย,Rai Noi,34000
2329,ภาคตะวันออกเฉียงเหนือ,34,อุบลราชธานี,Ubon Ratchathani,3401,เมืองอุบลราชธานี,Mueang Ubon Ratchathani,340113,กระโสบ,Krasop,34000
2330,ภาคตะวันออกเฉียงเหนือ,34,อุบลราชธานี,Ubon Ratchathani,3401,เมืองอุบลราชธานี,Mueang Ubon Ratchathani,340116,กุดลาด,Kut Lat,34000
2331,ภาคตะวันออกเฉียงเหนือ,34,อุบลราชธานี,Ubon Ratchathani,3401,เมืองอุบลราชธานี,Mueang Ubon Ratchathani,340119,ขี้เหล็ก,Khi Lek,34000
2332,ภาคตะวันออกเฉียงเหนือ,34,อุบลราชธานี,Ubon Ratchathani,3401,เมืองอุบลราชธานี,Mueang Ubon Ratchathani,340120,ปะอาว,Pa-Ao,34000
2333,ภาคตะวันออกเฉียงเหนือ,34,อุบลราชธานี,Ubon Ratchathani,3402,ศรีเมืองใหม่,Si Mueang Mai,340201,นาคำ,Na Kham,34250
2334,ภาคตะวันออกเฉียงเหนือ,34,อุบลราชธานี,Ubon Ratchathani,3402,ศรีเมืองใหม่,Si Mueang Mai,340202,แก้งกอก,Kaeng Kok,34250
2335,ภาคตะวันออกเฉียงเหนือ,34,อุบลราชธานี,Ubon Ratchathani,3402,ศรีเมืองใหม่,Si Mueang Mai,340203,เอือดใหญ่,Ueat Yai,34250
2336,ภาคตะวันออกเฉียงเหนือ,34,อุบลราชธานี,Ubon Ratchathani,3402,ศรีเมืองใหม่,Si Mueang Mai,340204,วาริน,Warin,34250
2337,ภาคตะวันออกเฉียงเหนือ,34,อุบลราชธานี,Ubon Ratchathani,3402,ศรีเมืองใหม่,Si Mueang Mai,340205,ลาดควาย,Lat Khwai,34250
2338,ภาคตะวันออกเฉียงเหนือ,34,อุบลราชธานี,Ubon Ratchathani,3402,ศรีเมืองใหม่,Si Mueang Mai,340206,สงยาง,Song Yang,34250
2339,ภาคตะวันออกเฉียงเหนือ,34,อุบลราชธานี,Ubon Ratchathani,3402,ศรีเมืองใหม่,Si Mueang Mai,340207,ตะบ่าย,Tabai,34250
2340,ภาคตะวันออกเฉียงเหนือ,34,อุบลราชธานี,Ubon Ratchathani,3402,ศรีเมืองใหม่,Si Mueang Mai,340208,คำไหล,Kham Lai,34250
2341,ภาคตะวันออกเฉียงเหนือ,34,อุบลราชธานี,Ubon Ratchathani,3402,ศรีเมืองใหม่,Si Mueang Mai,340209,หนามแท่ง,Nam Thaeng,34250
2342,ภาคตะวันออกเฉียงเหนือ,34,อุบลราชธานี,Ubon Ratchathani,3402,ศรีเมืองใหม่,Si Mueang Mai,340210,นาเลิน,Na Loen,34250
2343,ภาคตะวันออกเฉียงเหนือ,34,อุบลราชธานี,Ubon Ratchathani,3402,ศรีเมืองใหม่,Si Mueang Mai,340211,ดอนใหญ่,Don Yai,34250
2344,ภาคตะวันออกเฉียงเหนือ,34,อุบลราชธานี,Ubon Ratchathani,3403,โขงเจียม,Khong Chiam,340301,โขงเจียม,Khong Chiam,34220
2345,ภาคตะวันออกเฉียงเหนือ,34,อุบลราชธานี,Ubon Ratchathani,3403,โขงเจียม,Khong Chiam,340302,ห้วยยาง,Huai Yang,34220
2346,ภาคตะวันออกเฉียงเหนือ,34,อุบลราชธานี,Ubon Ratchathani,3403,โขงเจียม,Khong Chiam,340303,นาโพธิ์กลาง,Na Pho Klang,34220
2347,ภาคตะวันออกเฉียงเหนือ,34,อุบลราชธานี,Ubon Ratchathani,3403,โขงเจียม,Khong Chiam,340304,หนองแสงใหญ่,Nong Saeng Yai,34220
2348,ภาคตะวันออกเฉียงเหนือ,34,อุบลราชธานี,Ubon Ratchathani,3403,โขงเจียม,Khong Chiam,340305,ห้วยไผ่,Huai Phai,34220
2349,ภาคตะวันออกเฉียงเหนือ,34,อุบลราชธานี,Ubon Ratchathani,3404,เขื่องใน,Khueang Nai,340401,เขื่องใน,Khueang Nai,34150
2350,ภาคตะวันออกเฉียงเหนือ,34,อุบลราชธานี,Ubon Ratchathani,3404,เขื่องใน,Khueang Nai,340402,สร้างถ่อ,Sang Tho,34150
2351,ภาคตะวันออกเฉียงเหนือ,34,อุบลราชธานี,Ubon Ratchathani,3404,เขื่องใน,Khueang Nai,340403,ค้อทอง,Kho Thong,34150
2352,ภาคตะวันออกเฉียงเหนือ,34,อุบลราชธานี,Ubon Ratchathani,3404,เขื่องใน,Khueang Nai,340404,ก่อเอ้,Ko-E,34150
2353,ภาคตะวันออกเฉียงเหนือ,34,อุบลราชธานี,Ubon Ratchathani,3404,เขื่องใน,Khueang Nai,340405,หัวดอน,Hua Don,34150
2354,ภาคตะวันออกเฉียงเหนือ,34,อุบลราชธานี,Ubon Ratchathani,3404,เขื่องใน,Khueang Nai,340406,ชีทวน,Chi Tuan,34150
2355,ภาคตะวันออกเฉียงเหนือ,34,อุบลราชธานี,Ubon Ratchathani,3404,เขื่องใน,Khueang Nai,340407,ท่าไห,Tha Hai,34150
2356,ภาคตะวันออกเฉียงเหนือ,34,อุบลราชธานี,Ubon Ratchathani,3404,เขื่องใน,Khueang Nai,340408,นาคำใหญ่,Na Kham Yai,34150
2357,ภาคตะวันออกเฉียงเหนือ,34,อุบลราชธานี,Ubon Ratchathani,3404,เขื่องใน,Khueang Nai,340409,แดงหม้อ,Daeng Mo,34150
2358,ภาคตะวันออกเฉียงเหนือ,34,อุบลราชธานี,Ubon Ratchathani,3404,เขื่องใน,Khueang Nai,340410,ธาตุน้อย,That Noi,34150
2359,ภาคตะวันออกเฉียงเหนือ,34,อุบลราชธานี,Ubon Ratchathani,3404,เขื่องใน,Khueang Nai,340411,บ้านไทย,Ban Thai,34320
2360,ภาคตะวันออกเฉียงเหนือ,34,อุบลราชธานี,Ubon Ratchathani,3404,เขื่องใน,Khueang Nai,340412,บ้านกอก,Ban Kok,34320
2361,ภาคตะวันออกเฉียงเหนือ,34,อุบลราชธานี,Ubon Ratchathani,3404,เขื่องใน,Khueang Nai,340413,กลางใหญ่,Klang Yai,34320
2362,ภาคตะวันออกเฉียงเหนือ,34,อุบลราชธานี,Ubon Ratchathani,3404,เขื่องใน,Khueang Nai,340414,โนนรัง,Non Rang,34320
2363,ภาคตะวันออกเฉียงเหนือ,34,อุบลราชธานี,Ubon Ratchathani,3404,เขื่องใน,Khueang Nai,340415,ยางขี้นก,Yang Khi Nok,34150
2364,ภาคตะวันออกเฉียงเหนือ,34,อุบลราชธานี,Ubon Ratchathani,3404,เขื่องใน,Khueang Nai,340416,ศรีสุข,Si Suk,34150
2365,ภาคตะวันออกเฉียงเหนือ,34,อุบลราชธานี,Ubon Ratchathani,3404,เขื่องใน,Khueang Nai,340417,สหธาตุ,Sahathat,34150
2366,ภาคตะวันออกเฉียงเหนือ,34,อุบลราชธานี,Ubon Ratchathani,3404,เขื่องใน,Khueang Nai,340418,หนองเหล่า,Nong Lao,34150
2367,ภาคตะวันออกเฉียงเหนือ,34,อุบลราชธานี,Ubon Ratchathani,3405,เขมราฐ,Khemarat,340501,เขมราฐ,Khemarat,34170
2368,ภาคตะวันออกเฉียงเหนือ,34,อุบลราชธานี,Ubon Ratchathani,3405,เขมราฐ,Khemarat,340503,ขามป้อม,Kham Pom,34170
2369,ภาคตะวันออกเฉียงเหนือ,34,อุบลราชธานี,Ubon Ratchathani,3405,เขมราฐ,Khemarat,340504,เจียด,Chiat,34170
2370,ภาคตะวันออกเฉียงเหนือ,34,อุบลราชธานี,Ubon Ratchathani,3405,เขมราฐ,Khemarat,340507,หนองผือ,Nong Phue,34170
2371,ภาคตะวันออกเฉียงเหนือ,34,อุบลราชธานี,Ubon Ratchathani,3405,เขมราฐ,Khemarat,340508,นาแวง,Na Waeng,34170
2372,ภาคตะวันออกเฉียงเหนือ,34,อุบลราชธานี,Ubon Ratchathani,3405,เขมราฐ,Khemarat,340510,แก้งเหนือ,Kaeng Nuea,34170
2373,ภาคตะวันออกเฉียงเหนือ,34,อุบลราชธานี,Ubon Ratchathani,3405,เขมราฐ,Khemarat,340511,หนองนกทา,Nong Nok Tha,34170
2374,ภาคตะวันออกเฉียงเหนือ,34,อุบลราชธานี,Ubon Ratchathani,3405,เขมราฐ,Khemarat,340512,หนองสิม,Nong Sim,34170
2375,ภาคตะวันออกเฉียงเหนือ,34,อุบลราชธานี,Ubon Ratchathani,3405,เขมราฐ,Khemarat,340513,หัวนา,Hua Na,34170
2376,ภาคตะวันออกเฉียงเหนือ,34,อุบลราชธานี,Ubon Ratchathani,3407,เดชอุดม,Det Udom,340701,เมืองเดช,Mueang Det,34160
2377,ภาคตะวันออกเฉียงเหนือ,34,อุบลราชธานี,Ubon Ratchathani,3407,เดชอุดม,Det Udom,340702,นาส่วง,Na Suang,34160
2378,ภาคตะวันออกเฉียงเหนือ,34,อุบลราชธานี,Ubon Ratchathani,3407,เดชอุดม,Det Udom,340704,นาเจริญ,Na Charoen,34160
2379,ภาคตะวันออกเฉียงเหนือ,34,อุบลราชธานี,Ubon Ratchathani,3407,เดชอุดม,Det Udom,340706,ทุ่งเทิง,Thung Thoeng,34160
2380,ภาคตะวันออกเฉียงเหนือ,34,อุบลราชธานี,Ubon Ratchathani,3407,เดชอุดม,Det Udom,340708,สมสะอาด,Som Sa-At,34160
2381,ภาคตะวันออกเฉียงเหนือ,34,อุบลราชธานี,Ubon Ratchathani,3407,เดชอุดม,Det Udom,340709,กุดประทาย,Kut Prathai,34160
2382,ภาคตะวันออกเฉียงเหนือ,34,อุบลราชธานี,Ubon Ratchathani,3407,เดชอุดม,Det Udom,340710,ตบหู,Top Hu,34160
2383,ภาคตะวันออกเฉียงเหนือ,34,อุบลราชธานี,Ubon Ratchathani,3407,เดชอุดม,Det Udom,340711,กลาง,Klang,34160
2384,ภาคตะวันออกเฉียงเหนือ,34,อุบลราชธานี,Ubon Ratchathani,3407,เดชอุดม,Det Udom,340712,แก้ง,Kaeng,34160
2385,ภาคตะวันออกเฉียงเหนือ,34,อุบลราชธานี,Ubon Ratchathani,3407,เดชอุดม,Det Udom,340713,ท่าโพธิ์ศรี,Tha Pho Si,34160
2386,ภาคตะวันออกเฉียงเหนือ,34,อุบลราชธานี,Ubon Ratchathani,3407,เดชอุดม,Det Udom,340715,บัวงาม,Bua Ngam,34160
2387,ภาคตะวันออกเฉียงเหนือ,34,อุบลราชธานี,Ubon Ratchathani,3407,เดชอุดม,Det Udom,340716,คำครั่ง,Kham Khrang,34160
2388,ภาคตะวันออกเฉียงเหนือ,34,อุบลราชธานี,Ubon Ratchathani,3407,เดชอุดม,Det Udom,340717,นากระแซง,Na Krasaeng,34160
2389,ภาคตะวันออกเฉียงเหนือ,34,อุบลราชธานี,Ubon Ratchathani,3407,เดชอุดม,Det Udom,340720,โพนงาม,Phon Ngam,34160
2390,ภาคตะวันออกเฉียงเหนือ,34,อุบลราชธานี,Ubon Ratchathani,3407,เดชอุดม,Det Udom,340721,ป่าโมง,Pa Mong,34160
2391,ภาคตะวันออกเฉียงเหนือ,34,อุบลราชธานี,Ubon Ratchathani,3407,เดชอุดม,Det Udom,340723,โนนสมบูรณ์,Non Sombun,34160
2392,ภาคตะวันออกเฉียงเหนือ,34,อุบลราชธานี,Ubon Ratchathani,3408,นาจะหลวย,Na Chaluai,340801,นาจะหลวย,Na Chaluai,34280
2393,ภาคตะวันออกเฉียงเหนือ,34,อุบลราชธานี,Ubon Ratchathani,3408,นาจะหลวย,Na Chaluai,340802,โนนสมบูรณ์,Non Sombun,34280
2394,ภาคตะวันออกเฉียงเหนือ,34,อุบลราชธานี,Ubon Ratchathani,3408,นาจะหลวย,Na Chaluai,340803,พรสวรรค์,Phon Sawan,34280
2395,ภาคตะวันออกเฉียงเหนือ,34,อุบลราชธานี,Ubon Ratchathani,3408,นาจะหลวย,Na Chaluai,340804,บ้านตูม,Ban Tum,34280
2396,ภาคตะวันออกเฉียงเหนือ,34,อุบลราชธานี,Ubon Ratchathani,3408,นาจะหลวย,Na Chaluai,340805,โสกแสง,Sok Saeng,34280
2397,ภาคตะวันออกเฉียงเหนือ,34,อุบลราชธานี,Ubon Ratchathani,3408,นาจะหลวย,Na Chaluai,340806,โนนสวรรค์,Non Sawan,34280
2398,ภาคตะวันออกเฉียงเหนือ,34,อุบลราชธานี,Ubon Ratchathani,3409,น้ำยืน,Nam Yuen,340901,โซง,Song,34260
2399,ภาคตะวันออกเฉียงเหนือ,34,อุบลราชธานี,Ubon Ratchathani,3409,น้ำยืน,Nam Yuen,340903,ยาง,Yang,34260
2400,ภาคตะวันออกเฉียงเหนือ,34,อุบลราชธานี,Ubon Ratchathani,3409,น้ำยืน,Nam Yuen,340904,โดมประดิษฐ์,Dom Pradit,34260
2401,ภาคตะวันออกเฉียงเหนือ,34,อุบลราชธานี,Ubon Ratchathani,3409,น้ำยืน,Nam Yuen,340906,บุเปือย,Bu Pueai,34260
2402,ภาคตะวันออกเฉียงเหนือ,34,อุบลราชธานี,Ubon Ratchathani,3409,น้ำยืน,Nam Yuen,340907,สีวิเชียร,Si Wichian,34260
2403,ภาคตะวันออกเฉียงเหนือ,34,อุบลราชธานี,Ubon Ratchathani,3409,น้ำยืน,Nam Yuen,340909,ยางใหญ่,Yang Yai,34260
2404,ภาคตะวันออกเฉียงเหนือ,34,อุบลราชธานี,Ubon Ratchathani,3409,น้ำยืน,Nam Yuen,340911,เก่าขาม,Kao Kham,34260
2405,ภาคตะวันออกเฉียงเหนือ,34,อุบลราชธานี,Ubon Ratchathani,3410,บุณฑริก,Boontharik,341001,โพนงาม,Phon Ngam,34230
2406,ภาคตะวันออกเฉียงเหนือ,34,อุบลราชธานี,Ubon Ratchathani,3410,บุณฑริก,Boontharik,341002,ห้วยข่า,Huai Kha,34230
2407,ภาคตะวันออกเฉียงเหนือ,34,อุบลราชธานี,Ubon Ratchathani,3410,บุณฑริก,Boontharik,341003,คอแลน,Kho Laen,34230
2408,ภาคตะวันออกเฉียงเหนือ,34,อุบลราชธานี,Ubon Ratchathani,3410,บุณฑริก,Boontharik,341004,นาโพธิ์,Na Pho,34230
2409,ภาคตะวันออกเฉียงเหนือ,34,อุบลราชธานี,Ubon Ratchathani,3410,บุณฑริก,Boontharik,341005,หนองสะโน,Nong Sano,34230
2410,ภาคตะวันออกเฉียงเหนือ,34,อุบลราชธานี,Ubon Ratchathani,3410,บุณฑริก,Boontharik,341006,โนนค้อ,Non Kho,34230
2411,ภาคตะวันออกเฉียงเหนือ,34,อุบลราชธานี,Ubon Ratchathani,3410,บุณฑริก,Boontharik,341007,บัวงาม,Bua Ngam,34230
2412,ภาคตะวันออกเฉียงเหนือ,34,อุบลราชธานี,Ubon Ratchathani,3410,บุณฑริก,Boontharik,341008,บ้านแมด,Ban Maet,34230
2413,ภาคตะวันออกเฉียงเหนือ,34,อุบลราชธานี,Ubon Ratchathani,3411,ตระการพืชผล,Trakan Phuet Phon,341101,ขุหลุ,Khulu,34130
2414,ภาคตะวันออกเฉียงเหนือ,34,อุบลราชธานี,Ubon Ratchathani,3411,ตระการพืชผล,Trakan Phuet Phon,341102,กระเดียน,Kradian,34130
2415,ภาคตะวันออกเฉียงเหนือ,34,อุบลราชธานี,Ubon Ratchathani,3411,ตระการพืชผล,Trakan Phuet Phon,341103,เกษม,Kasem,34130
2416,ภาคตะวันออกเฉียงเหนือ,34,อุบลราชธานี,Ubon Ratchathani,3411,ตระการพืชผล,Trakan Phuet Phon,341104,กุศกร,Kusakon,34130
2417,ภาคตะวันออกเฉียงเหนือ,34,อุบลราชธานี,Ubon Ratchathani,3411,ตระการพืชผล,Trakan Phuet Phon,341105,ขามเปี้ย,Kham Pia,34130
2418,ภาคตะวันออกเฉียงเหนือ,34,อุบลราชธานี,Ubon Ratchathani,3411,ตระการพืชผล,Trakan Phuet Phon,341106,คอนสาย,Khon Sai,34130
2419,ภาคตะวันออกเฉียงเหนือ,34,อุบลราชธานี,Ubon Ratchathani,3411,ตระการพืชผล,Trakan Phuet Phon,341107,โคกจาน,Khok Chan,34130
2420,ภาคตะวันออกเฉียงเหนือ,34,อุบลราชธานี,Ubon Ratchathani,3411,ตระการพืชผล,Trakan Phuet Phon,341108,นาพิน,Na Phin,34130
2421,ภาคตะวันออกเฉียงเหนือ,34,อุบลราชธานี,Ubon Ratchathani,3411,ตระการพืชผล,Trakan Phuet Phon,341109,นาสะไม,Na Samai,34130
2422,ภาคตะวันออกเฉียงเหนือ,34,อุบลราชธานี,Ubon Ratchathani,3411,ตระการพืชผล,Trakan Phuet Phon,341110,โนนกุง,Non Kung,34130
2423,ภาคตะวันออกเฉียงเหนือ,34,อุบลราชธานี,Ubon Ratchathani,3411,ตระการพืชผล,Trakan Phuet Phon,341111,ตระการ,Trakan,34130
2424,ภาคตะวันออกเฉียงเหนือ,34,อุบลราชธานี,Ubon Ratchathani,3411,ตระการพืชผล,Trakan Phuet Phon,341112,ตากแดด,Tak Daet,34130
2425,ภาคตะวันออกเฉียงเหนือ,34,อุบลราชธานี,Ubon Ratchathani,3411,ตระการพืชผล,Trakan Phuet Phon,341113,ไหล่ทุ่ง,Lai Thung,34130
2426,ภาคตะวันออกเฉียงเหนือ,34,อุบลราชธานี,Ubon Ratchathani,3411,ตระการพืชผล,Trakan Phuet Phon,341114,เป้า,Pao,34130
2427,ภาคตะวันออกเฉียงเหนือ,34,อุบลราชธานี,Ubon Ratchathani,3411,ตระการพืชผล,Trakan Phuet Phon,341115,เซเป็ด,Se Pet,34130
2428,ภาคตะวันออกเฉียงเหนือ,34,อุบลราชธานี,Ubon Ratchathani,3411,ตระการพืชผล,Trakan Phuet Phon,341116,สะพือ,Saphue,34130
2429,ภาคตะวันออกเฉียงเหนือ,34,อุบลราชธานี,Ubon Ratchathani,3411,ตระการพืชผล,Trakan Phuet Phon,341117,หนองเต่า,Nong Tao,34130
2430,ภาคตะวันออกเฉียงเหนือ,34,อุบลราชธานี,Ubon Ratchathani,3411,ตระการพืชผล,Trakan Phuet Phon,341118,ถ้ำแข้,Tham Khae,34130
2431,ภาคตะวันออกเฉียงเหนือ,34,อุบลราชธานี,Ubon Ratchathani,3411,ตระการพืชผล,Trakan Phuet Phon,341119,ท่าหลวง,Tha Luang,34130
2432,ภาคตะวันออกเฉียงเหนือ,34,อุบลราชธานี,Ubon Ratchathani,3411,ตระการพืชผล,Trakan Phuet Phon,341120,ห้วยฝ้ายพัฒนา,Huai Fai Phatthana,34130
2433,ภาคตะวันออกเฉียงเหนือ,34,อุบลราชธานี,Ubon Ratchathani,3411,ตระการพืชผล,Trakan Phuet Phon,341121,กุดยาลวน,Kut Ya Luan,34130
2434,ภาคตะวันออกเฉียงเหนือ,34,อุบลราชธานี,Ubon Ratchathani,3411,ตระการพืชผล,Trakan Phuet Phon,341122,บ้านแดง,Ban Daeng,34130
2435,ภาคตะวันออกเฉียงเหนือ,34,อุบลราชธานี,Ubon Ratchathani,3411,ตระการพืชผล,Trakan Phuet Phon,341123,คำเจริญ,Kham Charoen,34130
2436,ภาคตะวันออกเฉียงเหนือ,34,อุบลราชธานี,Ubon Ratchathani,3412,กุดข้าวปุ้น,Kut Khaopun,341201,ข้าวปุ้น,Khao Pun,34270
2437,ภาคตะวันออกเฉียงเหนือ,34,อุบลราชธานี,Ubon Ratchathani,3412,กุดข้าวปุ้น,Kut Khaopun,341202,โนนสวาง,Non Sawang,34270
2438,ภาคตะวันออกเฉียงเหนือ,34,อุบลราชธานี,Ubon Ratchathani,3412,กุดข้าวปุ้น,Kut Khaopun,341203,แก่งเค็ง,Kaeng Kheng,34270
2439,ภาคตะวันออกเฉียงเหนือ,34,อุบลราชธานี,Ubon Ratchathani,3412,กุดข้าวปุ้น,Kut Khaopun,341204,กาบิน,Kabin,34270
2440,ภาคตะวันออกเฉียงเหนือ,34,อุบลราชธานี,Ubon Ratchathani,3412,กุดข้าวปุ้น,Kut Khaopun,341205,หนองทันน้ำ,Nong Than Nam,34270
2441,ภาคตะวันออกเฉียงเหนือ,34,อุบลราชธานี,Ubon Ratchathani,3414,ม่วงสามสิบ,Muang Sam Sip,341401,ม่วงสามสิบ,Muang Sam Sip,34140
2442,ภาคตะวันออกเฉียงเหนือ,34,อุบลราชธานี,Ubon Ratchathani,3414,ม่วงสามสิบ,Muang Sam Sip,341402,เหล่าบก,Lao Bok,34140
2443,ภาคตะวันออกเฉียงเหนือ,34,อุบลราชธานี,Ubon Ratchathani,3414,ม่วงสามสิบ,Muang Sam Sip,341403,ดุมใหญ่,Dum Yai,34140
2444,ภาคตะวันออกเฉียงเหนือ,34,อุบลราชธานี,Ubon Ratchathani,3414,ม่วงสามสิบ,Muang Sam Sip,341404,หนองช้างใหญ่,Nong Chang Yai,34140
2445,ภาคตะวันออกเฉียงเหนือ,34,อุบลราชธานี,Ubon Ratchathani,3414,ม่วงสามสิบ,Muang Sam Sip,341405,หนองเมือง,Nong Mueang,34140
2446,ภาคตะวันออกเฉียงเหนือ,34,อุบลราชธานี,Ubon Ratchathani,3414,ม่วงสามสิบ,Muang Sam Sip,341406,เตย,Toei,34140
2447,ภาคตะวันออกเฉียงเหนือ,34,อุบลราชธานี,Ubon Ratchathani,3414,ม่วงสามสิบ,Muang Sam Sip,341407,ยางสักกระโพหลุ่ม,Yang Sak Krapho Lum,34140
2448,ภาคตะวันออกเฉียงเหนือ,34,อุบลราชธานี,Ubon Ratchathani,3414,ม่วงสามสิบ,Muang Sam Sip,341408,หนองไข่นก,Nong Khai Nok,34140
2449,ภาคตะวันออกเฉียงเหนือ,34,อุบลราชธานี,Ubon Ratchathani,3414,ม่วงสามสิบ,Muang Sam Sip,341409,หนองเหล่า,Nong Lao,34140
2450,ภาคตะวันออกเฉียงเหนือ,34,อุบลราชธานี,Ubon Ratchathani,3414,ม่วงสามสิบ,Muang Sam Sip,341410,หนองฮาง,Nong Hang,34140
2451,ภาคตะวันออกเฉียงเหนือ,34,อุบลราชธานี,Ubon Ratchathani,3414,ม่วงสามสิบ,Muang Sam Sip,341411,ยางโยภาพ,Yang Yo Phap,34140
2452,ภาคตะวันออกเฉียงเหนือ,34,อุบลราชธานี,Ubon Ratchathani,3414,ม่วงสามสิบ,Muang Sam Sip,341412,ไผ่ใหญ่,Phai Yai,34140
2453,ภาคตะวันออกเฉียงเหนือ,34,อุบลราชธานี,Ubon Ratchathani,3414,ม่วงสามสิบ,Muang Sam Sip,341413,นาเลิง,Na Loeng,34140
2454,ภาคตะวันออกเฉียงเหนือ,34,อุบลราชธานี,Ubon Ratchathani,3414,ม่วงสามสิบ,Muang Sam Sip,341414,โพนแพง,Phon Phaeng,34140
2455,ภาคตะวันออกเฉียงเหนือ,34,อุบลราชธานี,Ubon Ratchathani,3415,วารินชำราบ,Warin Chamrap,341501,วารินชำราบ,Warin Chamrap,34190
2456,ภาคตะวันออกเฉียงเหนือ,34,อุบลราชธานี,Ubon Ratchathani,3415,วารินชำราบ,Warin Chamrap,341502,ธาตุ,That,34190
2457,ภาคตะวันออกเฉียงเหนือ,34,อุบลราชธานี,Ubon Ratchathani,3415,วารินชำราบ,Warin Chamrap,341504,ท่าลาด,Tha Lat,34310
2458,ภาคตะวันออกเฉียงเหนือ,34,อุบลราชธานี,Ubon Ratchathani,3415,วารินชำราบ,Warin Chamrap,341505,โนนโหนน,Non Non,34190
2459,ภาคตะวันออกเฉียงเหนือ,34,อุบลราชธานี,Ubon Ratchathani,3415,วารินชำราบ,Warin Chamrap,341507,คูเมือง,Khu Mueang,34190
2460,ภาคตะวันออกเฉียงเหนือ,34,อุบลราชธานี,Ubon Ratchathani,3415,วารินชำราบ,Warin Chamrap,341508,สระสมิง,Sa Saming,34190
2461,ภาคตะวันออกเฉียงเหนือ,34,อุบลราชธานี,Ubon Ratchathani,3415,วารินชำราบ,Warin Chamrap,341510,คำน้ำแซบ,Kham Nam Sap,34190
2462,ภาคตะวันออกเฉียงเหนือ,34,อุบลราชธานี,Ubon Ratchathani,3415,วารินชำราบ,Warin Chamrap,341511,บุ่งหวาย,Bung Wai,34310
2463,ภาคตะวันออกเฉียงเหนือ,34,อุบลราชธานี,Ubon Ratchathani,3415,วารินชำราบ,Warin Chamrap,341515,คำขวาง,Kham Khwang,34190
2464,ภาคตะวันออกเฉียงเหนือ,34,อุบลราชธานี,Ubon Ratchathani,3415,วารินชำราบ,Warin Chamrap,341516,โพธิ์ใหญ่,Pho Yai,34190
2465,ภาคตะวันออกเฉียงเหนือ,34,อุบลราชธานี,Ubon Ratchathani,3415,วารินชำราบ,Warin Chamrap,341518,แสนสุข,Saen Suk,34190
2466,ภาคตะวันออกเฉียงเหนือ,34,อุบลราชธานี,Ubon Ratchathani,3415,วารินชำราบ,Warin Chamrap,341520,หนองกินเพล,Nong Kin Phlen,34190
2467,ภาคตะวันออกเฉียงเหนือ,34,อุบลราชธานี,Ubon Ratchathani,3415,วารินชำราบ,Warin Chamrap,341521,โนนผึ้ง,Non Phueng,34190
2468,ภาคตะวันออกเฉียงเหนือ,34,อุบลราชธานี,Ubon Ratchathani,3415,วารินชำราบ,Warin Chamrap,341522,เมืองศรีไค,Mueang Si Khai,34190
2469,ภาคตะวันออกเฉียงเหนือ,34,อุบลราชธานี,Ubon Ratchathani,3415,วารินชำราบ,Warin Chamrap,341524,ห้วยขะยุง,Huai Khayung,34310
2470,ภาคตะวันออกเฉียงเหนือ,34,อุบลราชธานี,Ubon Ratchathani,3415,วารินชำราบ,Warin Chamrap,341526,บุ่งไหม,Bung Mai,34190
2471,ภาคตะวันออกเฉียงเหนือ,34,อุบลราชธานี,Ubon Ratchathani,3419,พิบูลมังสาหาร,Phibun Mangsahan,341901,พิบูล,Phibun,34110
2472,ภาคตะวันออกเฉียงเหนือ,34,อุบลราชธานี,Ubon Ratchathani,3419,พิบูลมังสาหาร,Phibun Mangsahan,341902,กุดชมภู,Kut Chomphu,34110
2473,ภาคตะวันออกเฉียงเหนือ,34,อุบลราชธานี,Ubon Ratchathani,3419,พิบูลมังสาหาร,Phibun Mangsahan,341904,ดอนจิก,Don Chik,34110
2474,ภาคตะวันออกเฉียงเหนือ,34,อุบลราชธานี,Ubon Ratchathani,3419,พิบูลมังสาหาร,Phibun Mangsahan,341905,ทรายมูล,Sai Mun,34110
2475,ภาคตะวันออกเฉียงเหนือ,34,อุบลราชธานี,Ubon Ratchathani,3419,พิบูลมังสาหาร,Phibun Mangsahan,341906,นาโพธิ์,Na Pho,34110
2476,ภาคตะวันออกเฉียงเหนือ,34,อุบลราชธานี,Ubon Ratchathani,3419,พิบูลมังสาหาร,Phibun Mangsahan,341907,โนนกลาง,Non Klang,34110
2477,ภาคตะวันออกเฉียงเหนือ,34,อุบลราชธานี,Ubon Ratchathani,3419,พิบูลมังสาหาร,Phibun Mangsahan,341909,โพธิ์ไทร,Pho Sai,34110
2478,ภาคตะวันออกเฉียงเหนือ,34,อุบลราชธานี,Ubon Ratchathani,3419,พิบูลมังสาหาร,Phibun Mangsahan,341910,โพธิ์ศรี,Pho Si,34110
2479,ภาคตะวันออกเฉียงเหนือ,34,อุบลราชธานี,Ubon Ratchathani,3419,พิบูลมังสาหาร,Phibun Mangsahan,341911,ระเว,Rawe,34110
2480,ภาคตะวันออกเฉียงเหนือ,34,อุบลราชธานี,Ubon Ratchathani,3419,พิบูลมังสาหาร,Phibun Mangsahan,341912,ไร่ใต้,Rai Tai,34110
2481,ภาคตะวันออกเฉียงเหนือ,34,อุบลราชธานี,Ubon Ratchathani,3419,พิบูลมังสาหาร,Phibun Mangsahan,341913,หนองบัวฮี,Nong Bua Hi,34110
2482,ภาคตะวันออกเฉียงเหนือ,34,อุบลราชธานี,Ubon Ratchathani,3419,พิบูลมังสาหาร,Phibun Mangsahan,341914,อ่างศิลา,Ang Sila,34110
2483,ภาคตะวันออกเฉียงเหนือ,34,อุบลราชธานี,Ubon Ratchathani,3419,พิบูลมังสาหาร,Phibun Mangsahan,341918,โนนกาหลง,Non Kalong,34110
2484,ภาคตะวันออกเฉียงเหนือ,34,อุบลราชธานี,Ubon Ratchathani,3419,พิบูลมังสาหาร,Phibun Mangsahan,341919,บ้านแขม,Ban Khaem,34110
2485,ภาคตะวันออกเฉียงเหนือ,34,อุบลราชธานี,Ubon Ratchathani,3420,ตาลสุม,Tan Sum,342001,ตาลสุม,Tan Sum,34330
2486,ภาคตะวันออกเฉียงเหนือ,34,อุบลราชธานี,Ubon Ratchathani,3420,ตาลสุม,Tan Sum,342002,สำโรง,Samrong,34330
2487,ภาคตะวันออกเฉียงเหนือ,34,อุบลราชธานี,Ubon Ratchathani,3420,ตาลสุม,Tan Sum,342003,จิกเทิง,Chik Thoeng,34330
2488,ภาคตะวันออกเฉียงเหนือ,34,อุบลราชธานี,Ubon Ratchathani,3420,ตาลสุม,Tan Sum,342004,หนองกุง,Nong Kung,34330
2489,ภาคตะวันออกเฉียงเหนือ,34,อุบลราชธานี,Ubon Ratchathani,3420,ตาลสุม,Tan Sum,342005,นาคาย,Na Khai,34330
2490,ภาคตะวันออกเฉียงเหนือ,34,อุบลราชธานี,Ubon Ratchathani,3420,ตาลสุม,Tan Sum,342006,คำหว้า,Kham Wa,34330
2491,ภาคตะวันออกเฉียงเหนือ,34,อุบลราชธานี,Ubon Ratchathani,3421,โพธิ์ไทร,Pho Sai,342101,โพธิ์ไทร,Pho Sai,34340
2492,ภาคตะวันออกเฉียงเหนือ,34,อุบลราชธานี,Ubon Ratchathani,3421,โพธิ์ไทร,Pho Sai,342102,ม่วงใหญ่,Muang Yai,34340
2493,ภาคตะวันออกเฉียงเหนือ,34,อุบลราชธานี,Ubon Ratchathani,3421,โพธิ์ไทร,Pho Sai,342103,สำโรง,Samrong,34340
2494,ภาคตะวันออกเฉียงเหนือ,34,อุบลราชธานี,Ubon Ratchathani,3421,โพธิ์ไทร,Pho Sai,342104,สองคอน,Song Khon,34340
2495,ภาคตะวันออกเฉียงเหนือ,34,อุบลราชธานี,Ubon Ratchathani,3421,โพธิ์ไทร,Pho Sai,342105,สารภี,Saraphi,34340
2496,ภาคตะวันออกเฉียงเหนือ,34,อุบลราชธานี,Ubon Ratchathani,3421,โพธิ์ไทร,Pho Sai,342106,เหล่างาม,Lao Ngam,34340
2497,ภาคตะวันออกเฉียงเหนือ,34,อุบลราชธานี,Ubon Ratchathani,3422,สำโรง,Samrong,342201,สำโรง,Samrong,34360
2498,ภาคตะวันออกเฉียงเหนือ,34,อุบลราชธานี,Ubon Ratchathani,3422,สำโรง,Samrong,342202,โคกก่อง,Khok Kong,34360
2499,ภาคตะวันออกเฉียงเหนือ,34,อุบลราชธานี,Ubon Ratchathani,3422,สำโรง,Samrong,342203,หนองไฮ,Nong Hai,34360
2500,ภาคตะวันออกเฉียงเหนือ,34,อุบลราชธานี,Ubon Ratchathani,3422,สำโรง,Samrong,342204,ค้อน้อย,Kho Noi,34360
2501,ภาคตะวันออกเฉียงเหนือ,34,อุบลราชธานี,Ubon Ratchathani,3422,สำโรง,Samrong,342205,โนนกาเล็น,Non Kalen,34360
2502,ภาคตะวันออกเฉียงเหนือ,34,อุบลราชธานี,Ubon Ratchathani,3422,สำโรง,Samrong,342206,โคกสว่าง,Khok Sawang,34360
2503,ภาคตะวันออกเฉียงเหนือ,34,อุบลราชธานี,Ubon Ratchathani,3422,สำโรง,Samrong,342207,โนนกลาง,Non Klang,34360
2504,ภาคตะวันออกเฉียงเหนือ,34,อุบลราชธานี,Ubon Ratchathani,3422,สำโรง,Samrong,342208,บอน,Bon,34360
2505,ภาคตะวันออกเฉียงเหนือ,34,อุบลราชธานี,Ubon Ratchathani,3422,สำโรง,Samrong,342209,ขามป้อม,Kham Pom,34360
2506,ภาคตะวันออกเฉียงเหนือ,34,อุบลราชธานี,Ubon Ratchathani,3424,ดอนมดแดง,Don Mot Daeng,342401,ดอนมดแดง,Don Mot Daeng,34000
2507,ภาคตะวันออกเฉียงเหนือ,34,อุบลราชธานี,Ubon Ratchathani,3424,ดอนมดแดง,Don Mot Daeng,342402,เหล่าแดง,Lao Daeng,34000
2508,ภาคตะวันออกเฉียงเหนือ,34,อุบลราชธานี,Ubon Ratchathani,3424,ดอนมดแดง,Don Mot Daeng,342403,ท่าเมือง,Tha Mueang,34000
2509,ภาคตะวันออกเฉียงเหนือ,34,อุบลราชธานี,Ubon Ratchathani,3424,ดอนมดแดง,Don Mot Daeng,342404,คำไฮใหญ่,Kham Hai Yai,34000
2510,ภาคตะวันออกเฉียงเหนือ,34,อุบลราชธานี,Ubon Ratchathani,3425,สิรินธร,Sirindhorn,342501,คันไร่,Khan Rai,34350
2511,ภาคตะวันออกเฉียงเหนือ,34,อุบลราชธานี,Ubon Ratchathani,3425,สิรินธร,Sirindhorn,342502,ช่องเม็ก,Chong Mek,34350
2512,ภาคตะวันออกเฉียงเหนือ,34,อุบลราชธานี,Ubon Ratchathani,3425,สิรินธร,Sirindhorn,342503,โนนก่อ,Non Ko,34350
2513,ภาคตะวันออกเฉียงเหนือ,34,อุบลราชธานี,Ubon Ratchathani,3425,สิรินธร,Sirindhorn,342504,นิคมสร้างตนเองลำโดมน้อย,Nikhom Lam Dom Noi,34350
2514,ภาคตะวันออกเฉียงเหนือ,34,อุบลราชธานี,Ubon Ratchathani,3425,สิรินธร,Sirindhorn,342505,ฝางคำ,Fang Kham,34350
2515,ภาคตะวันออกเฉียงเหนือ,34,อุบลราชธานี,Ubon Ratchathani,3425,สิรินธร,Sirindhorn,342506,คำเขื่อนแก้ว,Kham Khuean Kaeo,34350
2516,ภาคตะวันออกเฉียงเหนือ,34,อุบลราชธานี,Ubon Ratchathani,3426,ทุ่งศรีอุดม,Thung Si Udom,342602,หนองอ้ม,Nong Om,34160
2517,ภาคตะวันออกเฉียงเหนือ,34,อุบลราชธานี,Ubon Ratchathani,3426,ทุ่งศรีอุดม,Thung Si Udom,342603,นาเกษม,Na Kasem,34160
2518,ภาคตะวันออกเฉียงเหนือ,34,อุบลราชธานี,Ubon Ratchathani,3426,ทุ่งศรีอุดม,Thung Si Udom,342604,กุดเรือ,Kut Ruea,34160
2519,ภาคตะวันออกเฉียงเหนือ,34,อุบลราชธานี,Ubon Ratchathani,3426,ทุ่งศรีอุดม,Thung Si Udom,342605,โคกชำแระ,Khok Chamrae,34160
2520,ภาคตะวันออกเฉียงเหนือ,34,อุบลราชธานี,Ubon Ratchathani,3426,ทุ่งศรีอุดม,Thung Si Udom,342606,นาห่อม,Na Hom,34160
2521,ภาคตะวันออกเฉียงเหนือ,34,อุบลราชธานี,Ubon Ratchathani,3429,นาเยีย,Na Yia,342901,นาเยีย,Na Yia,34160
2522,ภาคตะวันออกเฉียงเหนือ,34,อุบลราชธานี,Ubon Ratchathani,3429,นาเยีย,Na Yia,342902,นาดี,Na Di,34160
2523,ภาคตะวันออกเฉียงเหนือ,34,อุบลราชธานี,Ubon Ratchathani,3429,นาเยีย,Na Yia,342903,นาเรือง,Na Rueang,34160
2524,ภาคตะวันออกเฉียงเหนือ,34,อุบลราชธานี,Ubon Ratchathani,3430,นาตาล,Na Tan,343001,นาตาล,Na Tan,34170
2525,ภาคตะวันออกเฉียงเหนือ,34,อุบลราชธานี,Ubon Ratchathani,3430,นาตาล,Na Tan,343002,พะลาน,Phalan,34170
2526,ภาคตะวันออกเฉียงเหนือ,34,อุบลราชธานี,Ubon Ratchathani,3430,นาตาล,Na Tan,343003,กองโพน,Kong Phon,34170
2527,ภาคตะวันออกเฉียงเหนือ,34,อุบลราชธานี,Ubon Ratchathani,3430,นาตาล,Na Tan,343004,พังเคน,Phang Khen,34170
2528,ภาคตะวันออกเฉียงเหนือ,34,อุบลราชธานี,Ubon Ratchathani,3431,เหล่าเสือโก้ก,Lao Suea Kok,343101,เหล่าเสือโก้ก,Lao Suea Kok,34000
2529,ภาคตะวันออกเฉียงเหนือ,34,อุบลราชธานี,Ubon Ratchathani,3431,เหล่าเสือโก้ก,Lao Suea Kok,343102,โพนเมือง,Phon Mueang,34000
2530,ภาคตะวันออกเฉียงเหนือ,34,อุบลราชธานี,Ubon Ratchathani,3431,เหล่าเสือโก้ก,Lao Suea Kok,343103,แพงใหญ่,Phaeng Yai,34000
2531,ภาคตะวันออกเฉียงเหนือ,34,อุบลราชธานี,Ubon Ratchathani,3431,เหล่าเสือโก้ก,Lao Suea Kok,343104,หนองบก,Nong Bok,34000
2532,ภาคตะวันออกเฉียงเหนือ,34,อุบลราชธานี,Ubon Ratchathani,3432,สว่างวีระวงศ์,Sawang Wirawong,343201,แก่งโดม,Kaeng Dom,34190
2533,ภาคตะวันออกเฉียงเหนือ,34,อุบลราชธานี,Ubon Ratchathani,3432,สว่างวีระวงศ์,Sawang Wirawong,343202,ท่าช้าง,Tha Chang,34190
2534,ภาคตะวันออกเฉียงเหนือ,34,อุบลราชธานี,Ubon Ratchathani,3432,สว่างวีระวงศ์,Sawang Wirawong,343203,บุ่งมะแลง,Bung Malaeng,34190
2535,ภาคตะวันออกเฉียงเหนือ,34,อุบลราชธานี,Ubon Ratchathani,3432,สว่างวีระวงศ์,Sawang Wirawong,343204,สว่าง,Sawang,34190
2536,ภาคตะวันออกเฉียงเหนือ,34,อุบลราชธานี,Ubon Ratchathani,3433,น้ำขุ่น,Nam Khun,343301,ตาเกา,Ta Kao,34260
2537,ภาคตะวันออกเฉียงเหนือ,34,อุบลราชธานี,Ubon Ratchathani,3433,น้ำขุ่น,Nam Khun,343302,ไพบูลย์,Phaibun,34260
2538,ภาคตะวันออกเฉียงเหนือ,34,อุบลราชธานี,Ubon Ratchathani,3433,น้ำขุ่น,Nam Khun,343303,ขี้เหล็ก,Khi Lek,34260
2539,ภาคตะวันออกเฉียงเหนือ,34,อุบลราชธานี,Ubon Ratchathani,3433,น้ำขุ่น,Nam Khun,343304,โคกสะอาด,Khok Sa-At,34260
2540,ภาคตะวันออกเฉียงเหนือ,35,ยโสธร,Yasothon,3501,เมืองยโสธร,Mueang Yasothon,350101,ในเมือง,Nai Mueang,35000
2541,ภาคตะวันออกเฉียงเหนือ,35,ยโสธร,Yasothon,3501,เมืองยโสธร,Mueang Yasothon,350102,น้ำคำใหญ่,Nam Kham Yai,35000
2542,ภาคตะวันออกเฉียงเหนือ,35,ยโสธร,Yasothon,3501,เมืองยโสธร,Mueang Yasothon,350103,ตาดทอง,Tat Thong,35000
2543,ภาคตะวันออกเฉียงเหนือ,35,ยโสธร,Yasothon,3501,เมืองยโสธร,Mueang Yasothon,350104,สำราญ,Samran,35000
2544,ภาคตะวันออกเฉียงเหนือ,35,ยโสธร,Yasothon,3501,เมืองยโสธร,Mueang Yasothon,350105,ค้อเหนือ,Kho Nuea,35000
2545,ภาคตะวันออกเฉียงเหนือ,35,ยโสธร,Yasothon,3501,เมืองยโสธร,Mueang Yasothon,350106,ดู่ทุ่ง,Du Thung,35000
2546,ภาคตะวันออกเฉียงเหนือ,35,ยโสธร,Yasothon,3501,เมืองยโสธร,Mueang Yasothon,350107,เดิด,Doet,35000
2547,ภาคตะวันออกเฉียงเหนือ,35,ยโสธร,Yasothon,3501,เมืองยโสธร,Mueang Yasothon,350108,ขั้นไดใหญ่,Khan Dai Yai,35000
2548,ภาคตะวันออกเฉียงเหนือ,35,ยโสธร,Yasothon,3501,เมืองยโสธร,Mueang Yasothon,350109,ทุ่งแต้,Thung Tae,35000
2549,ภาคตะวันออกเฉียงเหนือ,35,ยโสธร,Yasothon,3501,เมืองยโสธร,Mueang Yasothon,350110,สิงห์,Sing,35000
2550,ภาคตะวันออกเฉียงเหนือ,35,ยโสธร,Yasothon,3501,เมืองยโสธร,Mueang Yasothon,350111,นาสะไมย์,Na Samai,35000
2551,ภาคตะวันออกเฉียงเหนือ,35,ยโสธร,Yasothon,3501,เมืองยโสธร,Mueang Yasothon,350112,เขื่องคำ,Khueang Kham,35000
2552,ภาคตะวันออกเฉียงเหนือ,35,ยโสธร,Yasothon,3501,เมืองยโสธร,Mueang Yasothon,350113,หนองหิน,Nong Hin,35000
2553,ภาคตะวันออกเฉียงเหนือ,35,ยโสธร,Yasothon,3501,เมืองยโสธร,Mueang Yasothon,350114,หนองคู,Nong Khu,35000
2554,ภาคตะวันออกเฉียงเหนือ,35,ยโสธร,Yasothon,3501,เมืองยโสธร,Mueang Yasothon,350115,ขุมเงิน,Khum Ngoen,35000
2555,ภาคตะวันออกเฉียงเหนือ,35,ยโสธร,Yasothon,3501,เมืองยโสธร,Mueang Yasothon,350116,ทุ่งนางโอก,Thung Nang Ok,35000
2556,ภาคตะวันออกเฉียงเหนือ,35,ยโสธร,Yasothon,3501,เมืองยโสธร,Mueang Yasothon,350117,หนองเรือ,Nong Ruea,35000
2557,ภาคตะวันออกเฉียงเหนือ,35,ยโสธร,Yasothon,3501,เมืองยโสธร,Mueang Yasothon,350118,หนองเป็ด,Nong Pet,35000
2558,ภาคตะวันออกเฉียงเหนือ,35,ยโสธร,Yasothon,3502,ทรายมูล,Sai Mun,350201,ทรายมูล,Sai Mun,35170
2559,ภาคตะวันออกเฉียงเหนือ,35,ยโสธร,Yasothon,3502,ทรายมูล,Sai Mun,350202,ดู่ลาด,Du Lat,35170
2560,ภาคตะวันออกเฉียงเหนือ,35,ยโสธร,Yasothon,3502,ทรายมูล,Sai Mun,350203,ดงมะไฟ,Dong Mafai,35170
2561,ภาคตะวันออกเฉียงเหนือ,35,ยโสธร,Yasothon,3502,ทรายมูล,Sai Mun,350204,นาเวียง,Na Wiang,35170
2562,ภาคตะวันออกเฉียงเหนือ,35,ยโสธร,Yasothon,3502,ทรายมูล,Sai Mun,350205,ไผ่,Phai,35170
2563,ภาคตะวันออกเฉียงเหนือ,35,ยโสธร,Yasothon,3503,กุดชุม,Kut Chum,350301,กุดชุม,Kut Chum,35140
2564,ภาคตะวันออกเฉียงเหนือ,35,ยโสธร,Yasothon,3503,กุดชุม,Kut Chum,350302,โนนเปือย,Non Pueai,35140
2565,ภาคตะวันออกเฉียงเหนือ,35,ยโสธร,Yasothon,3503,กุดชุม,Kut Chum,350303,กำแมด,Kammaet,35140
2566,ภาคตะวันออกเฉียงเหนือ,35,ยโสธร,Yasothon,3503,กุดชุม,Kut Chum,350304,นาโส่,Na So,35140
2567,ภาคตะวันออกเฉียงเหนือ,35,ยโสธร,Yasothon,3503,กุดชุม,Kut Chum,350305,ห้วยแก้ง,Huai Kaeng,35140
2568,ภาคตะวันออกเฉียงเหนือ,35,ยโสธร,Yasothon,3503,กุดชุม,Kut Chum,350306,หนองหมี,Nong Mi,35140
2569,ภาคตะวันออกเฉียงเหนือ,35,ยโสธร,Yasothon,3503,กุดชุม,Kut Chum,350307,โพนงาม,Phon Ngam,35140
2570,ภาคตะวันออกเฉียงเหนือ,35,ยโสธร,Yasothon,3503,กุดชุม,Kut Chum,350308,คำน้ำสร้าง,Kham Nam Sang,35140
2571,ภาคตะวันออกเฉียงเหนือ,35,ยโสธร,Yasothon,3503,กุดชุม,Kut Chum,350309,หนองแหน,Nong Nae,35140
2572,ภาคตะวันออกเฉียงเหนือ,35,ยโสธร,Yasothon,3504,คำเขื่อนแก้ว,Kham Khuean Kaeo,350401,ลุมพุก,Lumphuk,35110
2573,ภาคตะวันออกเฉียงเหนือ,35,ยโสธร,Yasothon,3504,คำเขื่อนแก้ว,Kham Khuean Kaeo,350402,ย่อ,Yo,35110
2574,ภาคตะวันออกเฉียงเหนือ,35,ยโสธร,Yasothon,3504,คำเขื่อนแก้ว,Kham Khuean Kaeo,350403,สงเปือย,Song Pueai,35110
2575,ภาคตะวันออกเฉียงเหนือ,35,ยโสธร,Yasothon,3504,คำเขื่อนแก้ว,Kham Khuean Kaeo,350404,โพนทัน,Phon Than,35110
2576,ภาคตะวันออกเฉียงเหนือ,35,ยโสธร,Yasothon,3504,คำเขื่อนแก้ว,Kham Khuean Kaeo,350405,ทุ่งมน,Thung Mon,35110
2577,ภาคตะวันออกเฉียงเหนือ,35,ยโสธร,Yasothon,3504,คำเขื่อนแก้ว,Kham Khuean Kaeo,350406,นาคำ,Na Kham,35180
2578,ภาคตะวันออกเฉียงเหนือ,35,ยโสธร,Yasothon,3504,คำเขื่อนแก้ว,Kham Khuean Kaeo,350407,ดงแคนใหญ่,Dong Khaen Yai,35180
2579,ภาคตะวันออกเฉียงเหนือ,35,ยโสธร,Yasothon,3504,คำเขื่อนแก้ว,Kham Khuean Kaeo,350408,กู่จาน,Ku Chan,35110
2580,ภาคตะวันออกเฉียงเหนือ,35,ยโสธร,Yasothon,3504,คำเขื่อนแก้ว,Kham Khuean Kaeo,350409,นาแก,Na Kae,35180
2581,ภาคตะวันออกเฉียงเหนือ,35,ยโสธร,Yasothon,3504,คำเขื่อนแก้ว,Kham Khuean Kaeo,350410,กุดกุง,Kut Kung,35110
2582,ภาคตะวันออกเฉียงเหนือ,35,ยโสธร,Yasothon,3504,คำเขื่อนแก้ว,Kham Khuean Kaeo,350411,เหล่าไฮ,Lao Hai,35110
2583,ภาคตะวันออกเฉียงเหนือ,35,ยโสธร,Yasothon,3504,คำเขื่อนแก้ว,Kham Khuean Kaeo,350412,แคนน้อย,Khaen Noi,35180
2584,ภาคตะวันออกเฉียงเหนือ,35,ยโสธร,Yasothon,3504,คำเขื่อนแก้ว,Kham Khuean Kaeo,350413,ดงเจริญ,Dong Charoen,35110
2585,ภาคตะวันออกเฉียงเหนือ,35,ยโสธร,Yasothon,3505,ป่าติ้ว,Pa Tio,350501,โพธิ์ไทร,Pho Sai,35150
2586,ภาคตะวันออกเฉียงเหนือ,35,ยโสธร,Yasothon,3505,ป่าติ้ว,Pa Tio,350502,กระจาย,Krachai,35150
2587,ภาคตะวันออกเฉียงเหนือ,35,ยโสธร,Yasothon,3505,ป่าติ้ว,Pa Tio,350503,โคกนาโก,Khok Na Ko,35150
2588,ภาคตะวันออกเฉียงเหนือ,35,ยโสธร,Yasothon,3505,ป่าติ้ว,Pa Tio,350504,เชียงเพ็ง,Chiang Pheng,35150
2589,ภาคตะวันออกเฉียงเหนือ,35,ยโสธร,Yasothon,3505,ป่าติ้ว,Pa Tio,350505,ศรีฐาน,Si Than,35150
2590,ภาคตะวันออกเฉียงเหนือ,35,ยโสธร,Yasothon,3506,มหาชนะชัย,Maha Chana Chai,350601,ฟ้าหยาด,Fa Yat,35130
2591,ภาคตะวันออกเฉียงเหนือ,35,ยโสธร,Yasothon,3506,มหาชนะชัย,Maha Chana Chai,350602,หัวเมือง,Hua Mueang,35130
2592,ภาคตะวันออกเฉียงเหนือ,35,ยโสธร,Yasothon,3506,มหาชนะชัย,Maha Chana Chai,350603,คูเมือง,Khu Mueang,35130
2593,ภาคตะวันออกเฉียงเหนือ,35,ยโสธร,Yasothon,3506,มหาชนะชัย,Maha Chana Chai,350604,ผือฮี,Phue Hi,35130
2594,ภาคตะวันออกเฉียงเหนือ,35,ยโสธร,Yasothon,3506,มหาชนะชัย,Maha Chana Chai,350605,บากเรือ,Bak Ruea,35130
2595,ภาคตะวันออกเฉียงเหนือ,35,ยโสธร,Yasothon,3506,มหาชนะชัย,Maha Chana Chai,350606,ม่วง,Muang,35130
2596,ภาคตะวันออกเฉียงเหนือ,35,ยโสธร,Yasothon,3506,มหาชนะชัย,Maha Chana Chai,350607,โนนทราย,Non Sai,35130
2597,ภาคตะวันออกเฉียงเหนือ,35,ยโสธร,Yasothon,3506,มหาชนะชัย,Maha Chana Chai,350608,บึงแก,Bueng Kae,35130
2598,ภาคตะวันออกเฉียงเหนือ,35,ยโสธร,Yasothon,3506,มหาชนะชัย,Maha Chana Chai,350609,พระเสาร์,Phra Sao,35130
2599,ภาคตะวันออกเฉียงเหนือ,35,ยโสธร,Yasothon,3506,มหาชนะชัย,Maha Chana Chai,350610,สงยาง,Song Yang,35130
2600,ภาคตะวันออกเฉียงเหนือ,35,ยโสธร,Yasothon,3507,ค้อวัง,Kho Wang,350701,ฟ้าห่วน,Fa Huan,35160
2601,ภาคตะวันออกเฉียงเหนือ,35,ยโสธร,Yasothon,3507,ค้อวัง,Kho Wang,350702,กุดน้ำใส,Kut Nam Sai,35160
2602,ภาคตะวันออกเฉียงเหนือ,35,ยโสธร,Yasothon,3507,ค้อวัง,Kho Wang,350703,น้ำอ้อม,Nam Om,35160
2603,ภาคตะวันออกเฉียงเหนือ,35,ยโสธร,Yasothon,3507,ค้อวัง,Kho Wang,350704,ค้อวัง,Kho Wang,35160
2604,ภาคตะวันออกเฉียงเหนือ,35,ยโสธร,Yasothon,3508,เลิงนกทา,Loeng Nok Tha,350802,บุ่งค้า,Bung Kha,35120
2605,ภาคตะวันออกเฉียงเหนือ,35,ยโสธร,Yasothon,3508,เลิงนกทา,Loeng Nok Tha,350803,สวาท,Sawat,35120
2606,ภาคตะวันออกเฉียงเหนือ,35,ยโสธร,Yasothon,3508,เลิงนกทา,Loeng Nok Tha,350805,ห้องแซง,Hong Saeng,35120
2607,ภาคตะวันออกเฉียงเหนือ,35,ยโสธร,Yasothon,3508,เลิงนกทา,Loeng Nok Tha,350806,สามัคคี,Samakkhi,35120
2608,ภาคตะวันออกเฉียงเหนือ,35,ยโสธร,Yasothon,3508,เลิงนกทา,Loeng Nok Tha,350807,กุดเชียงหมี,Kut Chiang Mi,35120
2609,ภาคตะวันออกเฉียงเหนือ,35,ยโสธร,Yasothon,3508,เลิงนกทา,Loeng Nok Tha,350810,สามแยก,Sam Yaek,35120
2610,ภาคตะวันออกเฉียงเหนือ,35,ยโสธร,Yasothon,3508,เลิงนกทา,Loeng Nok Tha,350811,กุดแห่,Kut Hae,35120
2611,ภาคตะวันออกเฉียงเหนือ,35,ยโสธร,Yasothon,3508,เลิงนกทา,Loeng Nok Tha,350812,โคกสำราญ,Khok Samran,35120
2612,ภาคตะวันออกเฉียงเหนือ,35,ยโสธร,Yasothon,3508,เลิงนกทา,Loeng Nok Tha,350813,สร้างมิ่ง,Sang Ming,35120
2613,ภาคตะวันออกเฉียงเหนือ,35,ยโสธร,Yasothon,3508,เลิงนกทา,Loeng Nok Tha,350814,ศรีแก้ว,Si Kaeo,35120
2614,ภาคตะวันออกเฉียงเหนือ,35,ยโสธร,Yasothon,3509,ไทยเจริญ,Thai Charoen,350901,ไทยเจริญ,Thai Charoen,35120
2615,ภาคตะวันออกเฉียงเหนือ,35,ยโสธร,Yasothon,3509,ไทยเจริญ,Thai Charoen,350902,น้ำคำ,Nam Kham,35120
2616,ภาคตะวันออกเฉียงเหนือ,35,ยโสธร,Yasothon,3509,ไทยเจริญ,Thai Charoen,350903,ส้มผ่อ,Som Pho,35120
2617,ภาคตะวันออกเฉียงเหนือ,35,ยโสธร,Yasothon,3509,ไทยเจริญ,Thai Charoen,350904,คำเตย,Kham Toei,35120
2618,ภาคตะวันออกเฉียงเหนือ,35,ยโสธร,Yasothon,3509,ไทยเจริญ,Thai Charoen,350905,คำไผ่,Kham Phai,35120
2619,ภาคตะวันออกเฉียงเหนือ,36,ชัยภูมิ,Chaiyaphum,3601,เมืองชัยภูมิ,Mueang Chaiyaphum,360101,ในเมือง,Nai Mueang,36000
2620,ภาคตะวันออกเฉียงเหนือ,36,ชัยภูมิ,Chaiyaphum,3601,เมืองชัยภูมิ,Mueang Chaiyaphum,360102,รอบเมือง,Rop Mueang,36000
2621,ภาคตะวันออกเฉียงเหนือ,36,ชัยภูมิ,Chaiyaphum,3601,เมืองชัยภูมิ,Mueang Chaiyaphum,360103,โพนทอง,Phon Thong,36000
2622,ภาคตะวันออกเฉียงเหนือ,36,ชัยภูมิ,Chaiyaphum,3601,เมืองชัยภูมิ,Mueang Chaiyaphum,360104,นาฝาย,Na Fai,36000
2623,ภาคตะวันออกเฉียงเหนือ,36,ชัยภูมิ,Chaiyaphum,3601,เมืองชัยภูมิ,Mueang Chaiyaphum,360105,บ้านค่าย,Ban Khai,36240
2624,ภาคตะวันออกเฉียงเหนือ,36,ชัยภูมิ,Chaiyaphum,3601,เมืองชัยภูมิ,Mueang Chaiyaphum,360106,กุดตุ้ม,Kut Tum,36000
2625,ภาคตะวันออกเฉียงเหนือ,36,ชัยภูมิ,Chaiyaphum,3601,เมืองชัยภูมิ,Mueang Chaiyaphum,360107,ชีลอง,Chilong,36000
2626,ภาคตะวันออกเฉียงเหนือ,36,ชัยภูมิ,Chaiyaphum,3601,เมืองชัยภูมิ,Mueang Chaiyaphum,360108,บ้านเล่า,Ban Lao,36000
2627,ภาคตะวันออกเฉียงเหนือ,36,ชัยภูมิ,Chaiyaphum,3601,เมืองชัยภูมิ,Mueang Chaiyaphum,360109,นาเสียว,Na Siao,36000
2628,ภาคตะวันออกเฉียงเหนือ,36,ชัยภูมิ,Chaiyaphum,3601,เมืองชัยภูมิ,Mueang Chaiyaphum,360110,หนองนาแซง,Nong Na Saeng,36000
2629,ภาคตะวันออกเฉียงเหนือ,36,ชัยภูมิ,Chaiyaphum,3601,เมืองชัยภูมิ,Mueang Chaiyaphum,360111,ลาดใหญ่,Lat Yai,36000
2630,ภาคตะวันออกเฉียงเหนือ,36,ชัยภูมิ,Chaiyaphum,3601,เมืองชัยภูมิ,Mueang Chaiyaphum,360112,หนองไผ่,Nong Phai,36240
2631,ภาคตะวันออกเฉียงเหนือ,36,ชัยภูมิ,Chaiyaphum,3601,เมืองชัยภูมิ,Mueang Chaiyaphum,360113,ท่าหินโงม,Tha Hin Ngom,36000
2632,ภาคตะวันออกเฉียงเหนือ,36,ชัยภูมิ,Chaiyaphum,3601,เมืองชัยภูมิ,Mueang Chaiyaphum,360114,ห้วยต้อน,Huai Ton,36000
2633,ภาคตะวันออกเฉียงเหนือ,36,ชัยภูมิ,Chaiyaphum,3601,เมืองชัยภูมิ,Mueang Chaiyaphum,360115,ห้วยบง,Huai Bong,36000
2634,ภาคตะวันออกเฉียงเหนือ,36,ชัยภูมิ,Chaiyaphum,3601,เมืองชัยภูมิ,Mueang Chaiyaphum,360116,โนนสำราญ,Non Samran,36240
2635,ภาคตะวันออกเฉียงเหนือ,36,ชัยภูมิ,Chaiyaphum,3601,เมืองชัยภูมิ,Mueang Chaiyaphum,360117,โคกสูง,Khok Sung,36000
2636,ภาคตะวันออกเฉียงเหนือ,36,ชัยภูมิ,Chaiyaphum,3601,เมืองชัยภูมิ,Mueang Chaiyaphum,360118,บุ่งคล้า,Bung Khla,36000
2637,ภาคตะวันออกเฉียงเหนือ,36,ชัยภูมิ,Chaiyaphum,3601,เมืองชัยภูมิ,Mueang Chaiyaphum,360119,ซับสีทอง,Sap Si Thong,36000
2638,ภาคตะวันออกเฉียงเหนือ,36,ชัยภูมิ,Chaiyaphum,3602,บ้านเขว้า,Ban Khwao,360201,บ้านเขว้า,Ban Khwao,36170
2639,ภาคตะวันออกเฉียงเหนือ,36,ชัยภูมิ,Chaiyaphum,3602,บ้านเขว้า,Ban Khwao,360202,ตลาดแร้ง,Talat Raeng,36170
2640,ภาคตะวันออกเฉียงเหนือ,36,ชัยภูมิ,Chaiyaphum,3602,บ้านเขว้า,Ban Khwao,360203,ลุ่มลำชี,Lum Lam Chi,36170
2641,ภาคตะวันออกเฉียงเหนือ,36,ชัยภูมิ,Chaiyaphum,3602,บ้านเขว้า,Ban Khwao,360204,ชีบน,Chi Bon,36170
2642,ภาคตะวันออกเฉียงเหนือ,36,ชัยภูมิ,Chaiyaphum,3602,บ้านเขว้า,Ban Khwao,360205,ภูแลนคา,Phu Laen Kha,36170
2643,ภาคตะวันออกเฉียงเหนือ,36,ชัยภูมิ,Chaiyaphum,3602,บ้านเขว้า,Ban Khwao,360206,โนนแดง,Non Daeng,36170
2644,ภาคตะวันออกเฉียงเหนือ,36,ชัยภูมิ,Chaiyaphum,3603,คอนสวรรค์,Khon Sawan,360301,คอนสวรรค์,Khon Sawan,36140
2645,ภาคตะวันออกเฉียงเหนือ,36,ชัยภูมิ,Chaiyaphum,3603,คอนสวรรค์,Khon Sawan,360302,ยางหวาย,Yang Wai,36140
2646,ภาคตะวันออกเฉียงเหนือ,36,ชัยภูมิ,Chaiyaphum,3603,คอนสวรรค์,Khon Sawan,360303,ช่องสามหมอ,Chong Sam Mo,36140
2647,ภาคตะวันออกเฉียงเหนือ,36,ชัยภูมิ,Chaiyaphum,3603,คอนสวรรค์,Khon Sawan,360304,โนนสะอาด,Non Sa-At,36140
2648,ภาคตะวันออกเฉียงเหนือ,36,ชัยภูมิ,Chaiyaphum,3603,คอนสวรรค์,Khon Sawan,360305,ห้วยไร่,Huai Rai,36140
2649,ภาคตะวันออกเฉียงเหนือ,36,ชัยภูมิ,Chaiyaphum,3603,คอนสวรรค์,Khon Sawan,360306,บ้านโสก,Ban Sok,36140
2650,ภาคตะวันออกเฉียงเหนือ,36,ชัยภูมิ,Chaiyaphum,3603,คอนสวรรค์,Khon Sawan,360307,โคกมั่งงอย,Khok Mang Ngoi,36140
2651,ภาคตะวันออกเฉียงเหนือ,36,ชัยภูมิ,Chaiyaphum,3603,คอนสวรรค์,Khon Sawan,360308,หนองขาม,Nong Kham,36140
2652,ภาคตะวันออกเฉียงเหนือ,36,ชัยภูมิ,Chaiyaphum,3603,คอนสวรรค์,Khon Sawan,360309,ศรีสำราญ,Si Samran,36140
2653,ภาคตะวันออกเฉียงเหนือ,36,ชัยภูมิ,Chaiyaphum,3604,เกษตรสมบูรณ์,Kaset Sombun,360401,บ้านยาง,Ban Yang,36120
2654,ภาคตะวันออกเฉียงเหนือ,36,ชัยภูมิ,Chaiyaphum,3604,เกษตรสมบูรณ์,Kaset Sombun,360402,บ้านหัน,Ban Han,36120
2655,ภาคตะวันออกเฉียงเหนือ,36,ชัยภูมิ,Chaiyaphum,3604,เกษตรสมบูรณ์,Kaset Sombun,360403,บ้านเดื่อ,Ban Duea,36120
2656,ภาคตะวันออกเฉียงเหนือ,36,ชัยภูมิ,Chaiyaphum,3604,เกษตรสมบูรณ์,Kaset Sombun,360404,บ้านเป้า,Ban Pao,36120
2657,ภาคตะวันออกเฉียงเหนือ,36,ชัยภูมิ,Chaiyaphum,3604,เกษตรสมบูรณ์,Kaset Sombun,360405,กุดเลาะ,Kut Lo,36120
2658,ภาคตะวันออกเฉียงเหนือ,36,ชัยภูมิ,Chaiyaphum,3604,เกษตรสมบูรณ์,Kaset Sombun,360406,โนนกอก,Non Kok,36120
2659,ภาคตะวันออกเฉียงเหนือ,36,ชัยภูมิ,Chaiyaphum,3604,เกษตรสมบูรณ์,Kaset Sombun,360407,สระโพนทอง,Sa Phon Thong,36120
2660,ภาคตะวันออกเฉียงเหนือ,36,ชัยภูมิ,Chaiyaphum,3604,เกษตรสมบูรณ์,Kaset Sombun,360408,หนองข่า,Nong Kha,36120
2661,ภาคตะวันออกเฉียงเหนือ,36,ชัยภูมิ,Chaiyaphum,3604,เกษตรสมบูรณ์,Kaset Sombun,360409,หนองโพนงาม,Nong Phon Ngam,36120
2662,ภาคตะวันออกเฉียงเหนือ,36,ชัยภูมิ,Chaiyaphum,3604,เกษตรสมบูรณ์,Kaset Sombun,360410,บ้านบัว,Ban Bua,36120
2663,ภาคตะวันออกเฉียงเหนือ,36,ชัยภูมิ,Chaiyaphum,3604,เกษตรสมบูรณ์,Kaset Sombun,360412,โนนทอง,Non Thong,36120
2664,ภาคตะวันออกเฉียงเหนือ,36,ชัยภูมิ,Chaiyaphum,3605,หนองบัวแดง,Nong Bua Daeng,360501,หนองบัวแดง,Nong Bua Daeng,36210
2665,ภาคตะวันออกเฉียงเหนือ,36,ชัยภูมิ,Chaiyaphum,3605,หนองบัวแดง,Nong Bua Daeng,360502,กุดชุมแสง,Kut Chum Saeng,36210
2666,ภาคตะวันออกเฉียงเหนือ,36,ชัยภูมิ,Chaiyaphum,3605,หนองบัวแดง,Nong Bua Daeng,360503,ถ้ำวัวแดง,Tham Wua Daeng,36210
2667,ภาคตะวันออกเฉียงเหนือ,36,ชัยภูมิ,Chaiyaphum,3605,หนองบัวแดง,Nong Bua Daeng,360504,นางแดด,Nang Daet,36210
2668,ภาคตะวันออกเฉียงเหนือ,36,ชัยภูมิ,Chaiyaphum,3605,หนองบัวแดง,Nong Bua Daeng,360507,หนองแวง,Nong Waeng,36210
2669,ภาคตะวันออกเฉียงเหนือ,36,ชัยภูมิ,Chaiyaphum,3605,หนองบัวแดง,Nong Bua Daeng,360508,คูเมือง,Khu Mueang,36210
2670,ภาคตะวันออกเฉียงเหนือ,36,ชัยภูมิ,Chaiyaphum,3605,หนองบัวแดง,Nong Bua Daeng,360509,ท่าใหญ่,Tha Yai,36210
2671,ภาคตะวันออกเฉียงเหนือ,36,ชัยภูมิ,Chaiyaphum,3605,หนองบัวแดง,Nong Bua Daeng,360511,วังชมภู,Wang Chomphu,36210
2672,ภาคตะวันออกเฉียงเหนือ,36,ชัยภูมิ,Chaiyaphum,3606,จัตุรัส,Chatturat,360601,บ้านกอก,Ban Kok,36130
2673,ภาคตะวันออกเฉียงเหนือ,36,ชัยภูมิ,Chaiyaphum,3606,จัตุรัส,Chatturat,360602,หนองบัวบาน,Nong Bua Ban,36130
2674,ภาคตะวันออกเฉียงเหนือ,36,ชัยภูมิ,Chaiyaphum,3606,จัตุรัส,Chatturat,360603,บ้านขาม,Ban Kham,36130
2675,ภาคตะวันออกเฉียงเหนือ,36,ชัยภูมิ,Chaiyaphum,3606,จัตุรัส,Chatturat,360605,กุดน้ำใส,Kut Nam Sai,36130
2676,ภาคตะวันออกเฉียงเหนือ,36,ชัยภูมิ,Chaiyaphum,3606,จัตุรัส,Chatturat,360606,หนองโดน,Nong Don,36130
2677,ภาคตะวันออกเฉียงเหนือ,36,ชัยภูมิ,Chaiyaphum,3606,จัตุรัส,Chatturat,360607,ละหาน,Lahan,36130
2678,ภาคตะวันออกเฉียงเหนือ,36,ชัยภูมิ,Chaiyaphum,3606,จัตุรัส,Chatturat,360610,หนองบัวใหญ่,Nong Bua Yai,36130
2679,ภาคตะวันออกเฉียงเหนือ,36,ชัยภูมิ,Chaiyaphum,3606,จัตุรัส,Chatturat,360611,หนองบัวโคก,Nong Bua Khok,36220
2680,ภาคตะวันออกเฉียงเหนือ,36,ชัยภูมิ,Chaiyaphum,3606,จัตุรัส,Chatturat,360613,ส้มป่อย,Som Poi,36130
2681,ภาคตะวันออกเฉียงเหนือ,36,ชัยภูมิ,Chaiyaphum,3607,บำเหน็จณรงค์,Bamnet Narong,360701,บ้านชวน,Ban Chuan,36160
2682,ภาคตะวันออกเฉียงเหนือ,36,ชัยภูมิ,Chaiyaphum,3607,บำเหน็จณรงค์,Bamnet Narong,360702,บ้านเพชร,Ban Phet,36160
2683,ภาคตะวันออกเฉียงเหนือ,36,ชัยภูมิ,Chaiyaphum,3607,บำเหน็จณรงค์,Bamnet Narong,360703,บ้านตาล,Ban Tan,36220
2684,ภาคตะวันออกเฉียงเหนือ,36,ชัยภูมิ,Chaiyaphum,3607,บำเหน็จณรงค์,Bamnet Narong,360704,หัวทะเล,Hua Thale,36220
2685,ภาคตะวันออกเฉียงเหนือ,36,ชัยภูมิ,Chaiyaphum,3607,บำเหน็จณรงค์,Bamnet Narong,360705,โคกเริงรมย์,Khok Roeng Rom,36160
2686,ภาคตะวันออกเฉียงเหนือ,36,ชัยภูมิ,Chaiyaphum,3607,บำเหน็จณรงค์,Bamnet Narong,360706,เกาะมะนาว,Ko Manao,36160
2687,ภาคตะวันออกเฉียงเหนือ,36,ชัยภูมิ,Chaiyaphum,3607,บำเหน็จณรงค์,Bamnet Narong,360707,โคกเพชรพัฒนา,Khok Phet Phatthana,36160
2688,ภาคตะวันออกเฉียงเหนือ,36,ชัยภูมิ,Chaiyaphum,3608,หนองบัวระเหว,Nong Bua Rawe,360801,หนองบัวระเหว,Nong Bua Rawe,36250
2689,ภาคตะวันออกเฉียงเหนือ,36,ชัยภูมิ,Chaiyaphum,3608,หนองบัวระเหว,Nong Bua Rawe,360802,วังตะเฆ่,Wang Takhe,36250
2690,ภาคตะวันออกเฉียงเหนือ,36,ชัยภูมิ,Chaiyaphum,3608,หนองบัวระเหว,Nong Bua Rawe,360803,ห้วยแย้,Huai Yae,36250
2691,ภาคตะวันออกเฉียงเหนือ,36,ชัยภูมิ,Chaiyaphum,3608,หนองบัวระเหว,Nong Bua Rawe,360804,โคกสะอาด,Khok Sa-At,36250
2692,ภาคตะวันออกเฉียงเหนือ,36,ชัยภูมิ,Chaiyaphum,3608,หนองบัวระเหว,Nong Bua Rawe,360805,โสกปลาดุก,Sok Pla Duk,36250
2693,ภาคตะวันออกเฉียงเหนือ,36,ชัยภูมิ,Chaiyaphum,3609,เทพสถิต,Thep Sathit,360901,วะตะแบก,Wa Tabaek,36230
2694,ภาคตะวันออกเฉียงเหนือ,36,ชัยภูมิ,Chaiyaphum,3609,เทพสถิต,Thep Sathit,360902,ห้วยยายจิ๋ว,Huai Yai Chio,36230
2695,ภาคตะวันออกเฉียงเหนือ,36,ชัยภูมิ,Chaiyaphum,3609,เทพสถิต,Thep Sathit,360903,นายางกลัก,Na Yang Klak,36230
2696,ภาคตะวันออกเฉียงเหนือ,36,ชัยภูมิ,Chaiyaphum,3609,เทพสถิต,Thep Sathit,360904,บ้านไร่,Ban Rai,36230
2697,ภาคตะวันออกเฉียงเหนือ,36,ชัยภูมิ,Chaiyaphum,3609,เทพสถิต,Thep Sathit,360905,โป่งนก,Pong Nok,36230
2698,ภาคตะวันออกเฉียงเหนือ,36,ชัยภูมิ,Chaiyaphum,3610,ภูเขียว,Phu Khiao,361001,ผักปัง,Phak Pang,36110
2699,ภาคตะวันออกเฉียงเหนือ,36,ชัยภูมิ,Chaiyaphum,3610,ภูเขียว,Phu Khiao,361002,กวางโจน,Kwang Chon,36110
2700,ภาคตะวันออกเฉียงเหนือ,36,ชัยภูมิ,Chaiyaphum,3610,ภูเขียว,Phu Khiao,361003,หนองคอนไทย,Nong Khon Thai,36110
2701,ภาคตะวันออกเฉียงเหนือ,36,ชัยภูมิ,Chaiyaphum,3610,ภูเขียว,Phu Khiao,361004,บ้านแก้ง,Ban Kaeng,36110
2702,ภาคตะวันออกเฉียงเหนือ,36,ชัยภูมิ,Chaiyaphum,3610,ภูเขียว,Phu Khiao,361005,กุดยม,Kut Yom,36110
2703,ภาคตะวันออกเฉียงเหนือ,36,ชัยภูมิ,Chaiyaphum,3610,ภูเขียว,Phu Khiao,361006,บ้านเพชร,Ban Phet,36110
2704,ภาคตะวันออกเฉียงเหนือ,36,ชัยภูมิ,Chaiyaphum,3610,ภูเขียว,Phu Khiao,361007,โคกสะอาด,Khok Sa-At,36110
2705,ภาคตะวันออกเฉียงเหนือ,36,ชัยภูมิ,Chaiyaphum,3610,ภูเขียว,Phu Khiao,361008,หนองตูม,Nong Tum,36110
2706,ภาคตะวันออกเฉียงเหนือ,36,ชัยภูมิ,Chaiyaphum,3610,ภูเขียว,Phu Khiao,361009,โอโล,O Lo,36110
2707,ภาคตะวันออกเฉียงเหนือ,36,ชัยภูมิ,Chaiyaphum,3610,ภูเขียว,Phu Khiao,361010,ธาตุทอง,That Thong,36110
2708,ภาคตะวันออกเฉียงเหนือ,36,ชัยภูมิ,Chaiyaphum,3610,ภูเขียว,Phu Khiao,361011,บ้านดอน,Ban Don,36110
2709,ภาคตะวันออกเฉียงเหนือ,36,ชัยภูมิ,Chaiyaphum,3611,บ้านแท่น,Ban Thaen,361101,บ้านแท่น,Ban Thaen,36190
2710,ภาคตะวันออกเฉียงเหนือ,36,ชัยภูมิ,Chaiyaphum,3611,บ้านแท่น,Ban Thaen,361102,สามสวน,Sam Suan,36190
2711,ภาคตะวันออกเฉียงเหนือ,36,ชัยภูมิ,Chaiyaphum,3611,บ้านแท่น,Ban Thaen,361103,สระพัง,Sa Phang,36190
2712,ภาคตะวันออกเฉียงเหนือ,36,ชัยภูมิ,Chaiyaphum,3611,บ้านแท่น,Ban Thaen,361104,บ้านเต่า,Ban Tao,36190
2713,ภาคตะวันออกเฉียงเหนือ,36,ชัยภูมิ,Chaiyaphum,3611,บ้านแท่น,Ban Thaen,361105,หนองคู,Nong Khu,36190
2714,ภาคตะวันออกเฉียงเหนือ,36,ชัยภูมิ,Chaiyaphum,3612,แก้งคร้อ,Kaeng Khro,361201,ช่องสามหมอ,Chong Sam Mo,36150
2715,ภาคตะวันออกเฉียงเหนือ,36,ชัยภูมิ,Chaiyaphum,3612,แก้งคร้อ,Kaeng Khro,361202,หนองขาม,Nong Kham,36150
2716,ภาคตะวันออกเฉียงเหนือ,36,ชัยภูมิ,Chaiyaphum,3612,แก้งคร้อ,Kaeng Khro,361203,นาหนองทุ่ม,Na Nong Thum,36150
2717,ภาคตะวันออกเฉียงเหนือ,36,ชัยภูมิ,Chaiyaphum,3612,แก้งคร้อ,Kaeng Khro,361204,บ้านแก้ง,Ban Kaeng,36150
2718,ภาคตะวันออกเฉียงเหนือ,36,ชัยภูมิ,Chaiyaphum,3612,แก้งคร้อ,Kaeng Khro,361205,หนองสังข์,Nong Sang,36150
2719,ภาคตะวันออกเฉียงเหนือ,36,ชัยภูมิ,Chaiyaphum,3612,แก้งคร้อ,Kaeng Khro,361206,หลุบคา,Lup Kha,36150
2720,ภาคตะวันออกเฉียงเหนือ,36,ชัยภูมิ,Chaiyaphum,3612,แก้งคร้อ,Kaeng Khro,361207,โคกกุง,Khok Kung,36150
2721,ภาคตะวันออกเฉียงเหนือ,36,ชัยภูมิ,Chaiyaphum,3612,แก้งคร้อ,Kaeng Khro,361208,เก่าย่าดี,Kao Ya Di,36150
2722,ภาคตะวันออกเฉียงเหนือ,36,ชัยภูมิ,Chaiyaphum,3612,แก้งคร้อ,Kaeng Khro,361209,ท่ามะไฟหวาน,Tha Mafai Wan,36150
2723,ภาคตะวันออกเฉียงเหนือ,36,ชัยภูมิ,Chaiyaphum,3612,แก้งคร้อ,Kaeng Khro,361210,หนองไผ่,Nong Phai,36150
2724,ภาคตะวันออกเฉียงเหนือ,36,ชัยภูมิ,Chaiyaphum,3613,คอนสาร,Khon San,361301,คอนสาร,Khon San,36180
2725,ภาคตะวันออกเฉียงเหนือ,36,ชัยภูมิ,Chaiyaphum,3613,คอนสาร,Khon San,361302,ทุ่งพระ,Thung Phra,36180
2726,ภาคตะวันออกเฉียงเหนือ,36,ชัยภูมิ,Chaiyaphum,3613,คอนสาร,Khon San,361303,โนนคูณ,Non Khun,36180
2727,ภาคตะวันออกเฉียงเหนือ,36,ชัยภูมิ,Chaiyaphum,3613,คอนสาร,Khon San,361304,ห้วยยาง,Huai Yang,36180
2728,ภาคตะวันออกเฉียงเหนือ,36,ชัยภูมิ,Chaiyaphum,3613,คอนสาร,Khon San,361305,ทุ่งลุยลาย,Thung Lui Lai,36180
2729,ภาคตะวันออกเฉียงเหนือ,36,ชัยภูมิ,Chaiyaphum,3613,คอนสาร,Khon San,361306,ดงบัง,Dong Bang,36180
2730,ภาคตะวันออกเฉียงเหนือ,36,ชัยภูมิ,Chaiyaphum,3613,คอนสาร,Khon San,361307,ทุ่งนาเลา,Thung Na Lao,36180
2731,ภาคตะวันออกเฉียงเหนือ,36,ชัยภูมิ,Chaiyaphum,3613,คอนสาร,Khon San,361308,ดงกลาง,Dong Klang,36180
2732,ภาคตะวันออกเฉียงเหนือ,36,ชัยภูมิ,Chaiyaphum,3614,ภักดีชุมพล,Phakdi Chumphon,361401,บ้านเจียง,Ban Chiang,36260
2733,ภาคตะวันออกเฉียงเหนือ,36,ชัยภูมิ,Chaiyaphum,3614,ภักดีชุมพล,Phakdi Chumphon,361402,เจาทอง,Chao Thong,36260
2734,ภาคตะวันออกเฉียงเหนือ,36,ชัยภูมิ,Chaiyaphum,3614,ภักดีชุมพล,Phakdi Chumphon,361403,วังทอง,Wang Thong,36260
2735,ภาคตะวันออกเฉียงเหนือ,36,ชัยภูมิ,Chaiyaphum,3614,ภักดีชุมพล,Phakdi Chumphon,361404,แหลมทอง,Laem Thong,36260
2736,ภาคตะวันออกเฉียงเหนือ,36,ชัยภูมิ,Chaiyaphum,3615,เนินสง่า,Noen Sa-Nga,361501,หนองฉิม,Nong Chim,36130
2737,ภาคตะวันออกเฉียงเหนือ,36,ชัยภูมิ,Chaiyaphum,3615,เนินสง่า,Noen Sa-Nga,361502,ตาเนิน,Ta Noen,36130
2738,ภาคตะวันออกเฉียงเหนือ,36,ชัยภูมิ,Chaiyaphum,3615,เนินสง่า,Noen Sa-Nga,361503,กะฮาด,Kahat,36130
2739,ภาคตะวันออกเฉียงเหนือ,36,ชัยภูมิ,Chaiyaphum,3615,เนินสง่า,Noen Sa-Nga,361504,รังงาม,Rang Ngam,36130
2740,ภาคตะวันออกเฉียงเหนือ,36,ชัยภูมิ,Chaiyaphum,3616,ซับใหญ่,Sap Yai,361601,ซับใหญ่,Sap Yai,36130
2741,ภาคตะวันออกเฉียงเหนือ,36,ชัยภูมิ,Chaiyaphum,3616,ซับใหญ่,Sap Yai,361602,ท่ากูบ,Tha Kup,36130
2742,ภาคตะวันออกเฉียงเหนือ,36,ชัยภูมิ,Chaiyaphum,3616,ซับใหญ่,Sap Yai,361603,ตะโกทอง,Tako Thong,36130
2743,ภาคตะวันออกเฉียงเหนือ,37,อำนาจเจริญ,Amnat Charoen,3701,เมืองอำนาจเจริญ,Mueang Amnat Charoen,370101,บุ่ง,Bung,37000
2744,ภาคตะวันออกเฉียงเหนือ,37,อำนาจเจริญ,Amnat Charoen,3701,เมืองอำนาจเจริญ,Mueang Amnat Charoen,370102,ไก่คำ,Kai Kham,37000
2745,ภาคตะวันออกเฉียงเหนือ,37,อำนาจเจริญ,Amnat Charoen,3701,เมืองอำนาจเจริญ,Mueang Amnat Charoen,370103,นาจิก,Na Chik,37000
2746,ภาคตะวันออกเฉียงเหนือ,37,อำนาจเจริญ,Amnat Charoen,3701,เมืองอำนาจเจริญ,Mueang Amnat Charoen,370104,ปลาค้าว,Pla Khao,37000
2747,ภาคตะวันออกเฉียงเหนือ,37,อำนาจเจริญ,Amnat Charoen,3701,เมืองอำนาจเจริญ,Mueang Amnat Charoen,370105,เหล่าพรวน,Lao Phruan,37000
2748,ภาคตะวันออกเฉียงเหนือ,37,อำนาจเจริญ,Amnat Charoen,3701,เมืองอำนาจเจริญ,Mueang Amnat Charoen,370106,สร้างนกทา,Sang Nok Tha,37000
2749,ภาคตะวันออกเฉียงเหนือ,37,อำนาจเจริญ,Amnat Charoen,3701,เมืองอำนาจเจริญ,Mueang Amnat Charoen,370107,คึมใหญ่,Khuem Yai,37000
2750,ภาคตะวันออกเฉียงเหนือ,37,อำนาจเจริญ,Amnat Charoen,3701,เมืองอำนาจเจริญ,Mueang Amnat Charoen,370108,นาผือ,Na Phue,37000
2751,ภาคตะวันออกเฉียงเหนือ,37,อำนาจเจริญ,Amnat Charoen,3701,เมืองอำนาจเจริญ,Mueang Amnat Charoen,370109,น้ำปลีก,Nam Plik,37000
2752,ภาคตะวันออกเฉียงเหนือ,37,อำนาจเจริญ,Amnat Charoen,3701,เมืองอำนาจเจริญ,Mueang Amnat Charoen,370110,นาวัง,Na Wang,37000
2753,ภาคตะวันออกเฉียงเหนือ,37,อำนาจเจริญ,Amnat Charoen,3701,เมืองอำนาจเจริญ,Mueang Amnat Charoen,370111,นาหมอม้า,Na Mo Ma,37000
2754,ภาคตะวันออกเฉียงเหนือ,37,อำนาจเจริญ,Amnat Charoen,3701,เมืองอำนาจเจริญ,Mueang Amnat Charoen,370112,โนนโพธิ์,Non Pho,37000
2755,ภาคตะวันออกเฉียงเหนือ,37,อำนาจเจริญ,Amnat Charoen,3701,เมืองอำนาจเจริญ,Mueang Amnat Charoen,370113,โนนหนามแท่ง,Non Nam Thaeng,37000
2756,ภาคตะวันออกเฉียงเหนือ,37,อำนาจเจริญ,Amnat Charoen,3701,เมืองอำนาจเจริญ,Mueang Amnat Charoen,370114,ห้วยไร่,Huai Rai,37000
2757,ภาคตะวันออกเฉียงเหนือ,37,อำนาจเจริญ,Amnat Charoen,3701,เมืองอำนาจเจริญ,Mueang Amnat Charoen,370115,หนองมะแซว,Nong Masaeo,37000
2758,ภาคตะวันออกเฉียงเหนือ,37,อำนาจเจริญ,Amnat Charoen,3701,เมืองอำนาจเจริญ,Mueang Amnat Charoen,370116,กุดปลาดุก,Kut Pla Duk,37000
2759,ภาคตะวันออกเฉียงเหนือ,37,อำนาจเจริญ,Amnat Charoen,3701,เมืองอำนาจเจริญ,Mueang Amnat Charoen,370117,ดอนเมย,Don Moei,37000
2760,ภาคตะวันออกเฉียงเหนือ,37,อำนาจเจริญ,Amnat Charoen,3701,เมืองอำนาจเจริญ,Mueang Amnat Charoen,370118,นายม,Na Yom,37000
2761,ภาคตะวันออกเฉียงเหนือ,37,อำนาจเจริญ,Amnat Charoen,3701,เมืองอำนาจเจริญ,Mueang Amnat Charoen,370119,นาแต้,Na Tae,37000
2762,ภาคตะวันออกเฉียงเหนือ,37,อำนาจเจริญ,Amnat Charoen,3702,ชานุมาน,Chanuman,370201,ชานุมาน,Chanuman,37210
2763,ภาคตะวันออกเฉียงเหนือ,37,อำนาจเจริญ,Amnat Charoen,3702,ชานุมาน,Chanuman,370202,โคกสาร,Khok San,37210
2764,ภาคตะวันออกเฉียงเหนือ,37,อำนาจเจริญ,Amnat Charoen,3702,ชานุมาน,Chanuman,370203,คำเขื่อนแก้ว,Kham Khuean Kaeo,37210
2765,ภาคตะวันออกเฉียงเหนือ,37,อำนาจเจริญ,Amnat Charoen,3702,ชานุมาน,Chanuman,370204,โคกก่ง,Khok Kong,37210
2766,ภาคตะวันออกเฉียงเหนือ,37,อำนาจเจริญ,Amnat Charoen,3702,ชานุมาน,Chanuman,370205,ป่าก่อ,Pa Ko,37210
2767,ภาคตะวันออกเฉียงเหนือ,37,อำนาจเจริญ,Amnat Charoen,3703,ปทุมราชวงศา,Pathum Ratchawongsa,370301,หนองข่า,Nong Kha,37110
2768,ภาคตะวันออกเฉียงเหนือ,37,อำนาจเจริญ,Amnat Charoen,3703,ปทุมราชวงศา,Pathum Ratchawongsa,370302,คำโพน,Kham Phon,37110
2769,ภาคตะวันออกเฉียงเหนือ,37,อำนาจเจริญ,Amnat Charoen,3703,ปทุมราชวงศา,Pathum Ratchawongsa,370303,นาหว้า,Na Wa,37110
2770,ภาคตะวันออกเฉียงเหนือ,37,อำนาจเจริญ,Amnat Charoen,3703,ปทุมราชวงศา,Pathum Ratchawongsa,370304,ลือ,Lue,37110
2771,ภาคตะวันออกเฉียงเหนือ,37,อำนาจเจริญ,Amnat Charoen,3703,ปทุมราชวงศา,Pathum Ratchawongsa,370305,ห้วย,Huai,37110
2772,ภาคตะวันออกเฉียงเหนือ,37,อำนาจเจริญ,Amnat Charoen,3703,ปทุมราชวงศา,Pathum Ratchawongsa,370306,โนนงาม,Non Ngam,37110
2773,ภาคตะวันออกเฉียงเหนือ,37,อำนาจเจริญ,Amnat Charoen,3703,ปทุมราชวงศา,Pathum Ratchawongsa,370307,นาป่าแซง,Na Pa Saeng,37110
2774,ภาคตะวันออกเฉียงเหนือ,37,อำนาจเจริญ,Amnat Charoen,3704,พนา,Phana,370401,พนา,Phana,37180
2775,ภาคตะวันออกเฉียงเหนือ,37,อำนาจเจริญ,Amnat Charoen,3704,พนา,Phana,370402,จานลาน,Chan Lan,37180
2776,ภาคตะวันออกเฉียงเหนือ,37,อำนาจเจริญ,Amnat Charoen,3704,พนา,Phana,370403,ไม้กลอน,Mai Klon,37180
2777,ภาคตะวันออกเฉียงเหนือ,37,อำนาจเจริญ,Amnat Charoen,3704,พนา,Phana,370404,พระเหลา,Phra Lao,37180
2778,ภาคตะวันออกเฉียงเหนือ,37,อำนาจเจริญ,Amnat Charoen,3705,เสนางคนิคม,Senangkhanikhom,370501,เสนางคนิคม,Senangkha Nikhom,37290
2779,ภาคตะวันออกเฉียงเหนือ,37,อำนาจเจริญ,Amnat Charoen,3705,เสนางคนิคม,Senangkhanikhom,370502,โพนทอง,Phon Thong,37290
2780,ภาคตะวันออกเฉียงเหนือ,37,อำนาจเจริญ,Amnat Charoen,3705,เสนางคนิคม,Senangkhanikhom,370503,ไร่สีสุก,Rai Si Suk,37290
2781,ภาคตะวันออกเฉียงเหนือ,37,อำนาจเจริญ,Amnat Charoen,3705,เสนางคนิคม,Senangkhanikhom,370504,นาเวียง,Na Wiang,37290
2782,ภาคตะวันออกเฉียงเหนือ,37,อำนาจเจริญ,Amnat Charoen,3705,เสนางคนิคม,Senangkhanikhom,370505,หนองไฮ,Nong Hai,37290
2783,ภาคตะวันออกเฉียงเหนือ,37,อำนาจเจริญ,Amnat Charoen,3705,เสนางคนิคม,Senangkhanikhom,370506,หนองสามสี,Nong Sam Si,37290
2784,ภาคตะวันออกเฉียงเหนือ,37,อำนาจเจริญ,Amnat Charoen,3706,หัวตะพาน,Hua Taphan,370601,หัวตะพาน,Hua Taphan,37240
2785,ภาคตะวันออกเฉียงเหนือ,37,อำนาจเจริญ,Amnat Charoen,3706,หัวตะพาน,Hua Taphan,370602,คำพระ,Kham Phra,37240
2786,ภาคตะวันออกเฉียงเหนือ,37,อำนาจเจริญ,Amnat Charoen,3706,หัวตะพาน,Hua Taphan,370603,เค็งใหญ่,Kheng Yai,37240
2787,ภาคตะวันออกเฉียงเหนือ,37,อำนาจเจริญ,Amnat Charoen,3706,หัวตะพาน,Hua Taphan,370604,หนองแก้ว,Nong Kaeo,37240
2788,ภาคตะวันออกเฉียงเหนือ,37,อำนาจเจริญ,Amnat Charoen,3706,หัวตะพาน,Hua Taphan,370605,โพนเมืองน้อย,Phon Mueang Noi,37240
2789,ภาคตะวันออกเฉียงเหนือ,37,อำนาจเจริญ,Amnat Charoen,3706,หัวตะพาน,Hua Taphan,370606,สร้างถ่อน้อย,Sang Tho Noi,37240
2790,ภาคตะวันออกเฉียงเหนือ,37,อำนาจเจริญ,Amnat Charoen,3706,หัวตะพาน,Hua Taphan,370607,จิกดู่,Chik Du,37240
2791,ภาคตะวันออกเฉียงเหนือ,37,อำนาจเจริญ,Amnat Charoen,3706,หัวตะพาน,Hua Taphan,370608,รัตนวารี,Rattana Wari,37240
2792,ภาคตะวันออกเฉียงเหนือ,37,อำนาจเจริญ,Amnat Charoen,3707,ลืออำนาจ,Lue Amnat,370701,อำนาจ,Amnat,37000
2793,ภาคตะวันออกเฉียงเหนือ,37,อำนาจเจริญ,Amnat Charoen,3707,ลืออำนาจ,Lue Amnat,370702,ดงมะยาง,Dong Mayang,37000
2794,ภาคตะวันออกเฉียงเหนือ,37,อำนาจเจริญ,Amnat Charoen,3707,ลืออำนาจ,Lue Amnat,370703,เปือย,Pueai,37000
2795,ภาคตะวันออกเฉียงเหนือ,37,อำนาจเจริญ,Amnat Charoen,3707,ลืออำนาจ,Lue Amnat,370704,ดงบัง,Dong Bang,37000
2796,ภาคตะวันออกเฉียงเหนือ,37,อำนาจเจริญ,Amnat Charoen,3707,ลืออำนาจ,Lue Amnat,370705,ไร่ขี,Rai Khi,37000
2797,ภาคตะวันออกเฉียงเหนือ,37,อำนาจเจริญ,Amnat Charoen,3707,ลืออำนาจ,Lue Amnat,370706,แมด,Maet,37000
2798,ภาคตะวันออกเฉียงเหนือ,37,อำนาจเจริญ,Amnat Charoen,3707,ลืออำนาจ,Lue Amnat,370707,โคกกลาง,Khok Klang,37000
2799,ภาคตะวันออกเฉียงเหนือ,38,บึงกาฬ,Bueng Kan,3801,เมืองบึงกาฬ,Bueng Kan,380101,บึงกาฬ,Seka,38000
2800,ภาคตะวันออกเฉียงเหนือ,38,บึงกาฬ,Bueng Kan,3801,เมืองบึงกาฬ,Bueng Kan,380102,โนนสมบูรณ์,Sang,38000
2801,ภาคตะวันออกเฉียงเหนือ,38,บึงกาฬ,Bueng Kan,3801,เมืองบึงกาฬ,Bueng Kan,380103,โนนสว่าง,Tha Kok Daeng,38000
2802,ภาคตะวันออกเฉียงเหนือ,38,บึงกาฬ,Bueng Kan,3801,เมืองบึงกาฬ,Bueng Kan,380104,หอคำ,Ban Tong,38000
2803,ภาคตะวันออกเฉียงเหนือ,38,บึงกาฬ,Bueng Kan,3801,เมืองบึงกาฬ,Bueng Kan,380105,หนองเลิง,Pong Hai,38000
2804,ภาคตะวันออกเฉียงเหนือ,38,บึงกาฬ,Bueng Kan,3801,เมืองบึงกาฬ,Bueng Kan,380106,โคกก่อง,Nam Chan,38000
2805,ภาคตะวันออกเฉียงเหนือ,38,บึงกาฬ,Bueng Kan,3801,เมืองบึงกาฬ,Bueng Kan,380107,นาสวรรค์,Tha Sa-At,38000
2806,ภาคตะวันออกเฉียงเหนือ,38,บึงกาฬ,Bueng Kan,3801,เมืองบึงกาฬ,Bueng Kan,380108,ไคสี,Nong Thum,38000
2807,ภาคตะวันออกเฉียงเหนือ,38,บึงกาฬ,Bueng Kan,3801,เมืองบึงกาฬ,Bueng Kan,380109,ชัยพร,Sok Kam,38000
2808,ภาคตะวันออกเฉียงเหนือ,38,บึงกาฬ,Bueng Kan,3801,เมืองบึงกาฬ,Bueng Kan,380110,วิศิษฐ์,Wisit,38000
2809,ภาคตะวันออกเฉียงเหนือ,38,บึงกาฬ,Bueng Kan,3801,เมืองบึงกาฬ,Bueng Kan,380111,คำนาดี,Kham Na Di,38000
2810,ภาคตะวันออกเฉียงเหนือ,38,บึงกาฬ,Bueng Kan,3801,เมืองบึงกาฬ,Bueng Kan,380112,โป่งเปือย,Pong Pueai,38000
2811,ภาคตะวันออกเฉียงเหนือ,38,บึงกาฬ,Bueng Kan,3802,พรเจริญ,Phon Charoen,380201,ศรีชมภู,Si Chomphu,38180
2812,ภาคตะวันออกเฉียงเหนือ,38,บึงกาฬ,Bueng Kan,3802,พรเจริญ,Phon Charoen,380202,ดอนหญ้านาง,Don Ya Nang,38180
2813,ภาคตะวันออกเฉียงเหนือ,38,บึงกาฬ,Bueng Kan,3802,พรเจริญ,Phon Charoen,380203,พรเจริญ,Phon Charoen,38180
2814,ภาคตะวันออกเฉียงเหนือ,38,บึงกาฬ,Bueng Kan,3802,พรเจริญ,Phon Charoen,380204,หนองหัวช้าง,Nong Hua Chang,38180
2815,ภาคตะวันออกเฉียงเหนือ,38,บึงกาฬ,Bueng Kan,3802,พรเจริญ,Phon Charoen,380205,วังชมภู,Wang Chomphu,38180
2816,ภาคตะวันออกเฉียงเหนือ,38,บึงกาฬ,Bueng Kan,3802,พรเจริญ,Phon Charoen,380206,ป่าแฝก,Pa Faek,38180
2817,ภาคตะวันออกเฉียงเหนือ,38,บึงกาฬ,Bueng Kan,3802,พรเจริญ,Phon Charoen,380207,ศรีสำราญ,Si Samran,38180
2818,ภาคตะวันออกเฉียงเหนือ,38,บึงกาฬ,Bueng Kan,3803,โซ่พิสัย,So Phisai,380301,โซ่,So,38170
2819,ภาคตะวันออกเฉียงเหนือ,38,บึงกาฬ,Bueng Kan,3803,โซ่พิสัย,So Phisai,380302,หนองพันทา,Nong Phan Tha,38170
2820,ภาคตะวันออกเฉียงเหนือ,38,บึงกาฬ,Bueng Kan,3803,โซ่พิสัย,So Phisai,380303,ศรีชมภู,Si Chomphu,38170
2821,ภาคตะวันออกเฉียงเหนือ,38,บึงกาฬ,Bueng Kan,3803,โซ่พิสัย,So Phisai,380304,คำแก้ว,Kham Kaeo,38170
2822,ภาคตะวันออกเฉียงเหนือ,38,บึงกาฬ,Bueng Kan,3803,โซ่พิสัย,So Phisai,380305,บัวตูม,Bua Tum,38170
2823,ภาคตะวันออกเฉียงเหนือ,38,บึงกาฬ,Bueng Kan,3803,โซ่พิสัย,So Phisai,380306,ถ้ำเจริญ,Tham Charoen,38170
2824,ภาคตะวันออกเฉียงเหนือ,38,บึงกาฬ,Bueng Kan,3803,โซ่พิสัย,So Phisai,380307,เหล่าทอง,Lao Thong,38170
2825,ภาคตะวันออกเฉียงเหนือ,38,บึงกาฬ,Bueng Kan,3804,เซกา,Seka,380401,เซกา,Pak Khat,38150
2826,ภาคตะวันออกเฉียงเหนือ,38,บึงกาฬ,Bueng Kan,3804,เซกา,Seka,380402,ซาง,Nong Yong,38150
2827,ภาคตะวันออกเฉียงเหนือ,38,บึงกาฬ,Bueng Kan,3804,เซกา,Seka,380403,ท่ากกแดง,Na Kang,38150
2828,ภาคตะวันออกเฉียงเหนือ,38,บึงกาฬ,Bueng Kan,3804,เซกา,Seka,380404,บ้านต้อง,Non Sila,38150
2829,ภาคตะวันออกเฉียงเหนือ,38,บึงกาฬ,Bueng Kan,3804,เซกา,Seka,380405,ป่งไฮ,Som Sanuk,38150
2830,ภาคตะวันออกเฉียงเหนือ,38,บึงกาฬ,Bueng Kan,3804,เซกา,Seka,380406,น้ำจั้น,Na Dong,38150
2831,ภาคตะวันออกเฉียงเหนือ,38,บึงกาฬ,Bueng Kan,3804,เซกา,Seka,380407,ท่าสะอาด,Tha Sa-At,38150
2832,ภาคตะวันออกเฉียงเหนือ,38,บึงกาฬ,Bueng Kan,3804,เซกา,Seka,380408,หนองทุ่ม,Nong Thum,38150
2833,ภาคตะวันออกเฉียงเหนือ,38,บึงกาฬ,Bueng Kan,3804,เซกา,Seka,380409,โสกก่าม,Sok Kam,38150
2834,ภาคตะวันออกเฉียงเหนือ,38,บึงกาฬ,Bueng Kan,3805,ปากคาด,Pak Khat,380501,ปากคาด,Bueng Khong Long,38190
2835,ภาคตะวันออกเฉียงเหนือ,38,บึงกาฬ,Bueng Kan,3805,ปากคาด,Pak Khat,380502,หนองยอง,Pho Mak Khaeng,38190
2836,ภาคตะวันออกเฉียงเหนือ,38,บึงกาฬ,Bueng Kan,3805,ปากคาด,Pak Khat,380503,นากั้ง,Dong Bang,38190
2837,ภาคตะวันออกเฉียงเหนือ,38,บึงกาฬ,Bueng Kan,3805,ปากคาด,Pak Khat,380504,โนนศิลา,Tha Dok Kham,38190
2838,ภาคตะวันออกเฉียงเหนือ,38,บึงกาฬ,Bueng Kan,3805,ปากคาด,Pak Khat,380505,สมสนุก,Som Sanook,38190
2839,ภาคตะวันออกเฉียงเหนือ,38,บึงกาฬ,Bueng Kan,3805,ปากคาด,Pak Khat,380506,นาดง,Na Dong,38190
2840,ภาคตะวันออกเฉียงเหนือ,38,บึงกาฬ,Bueng Kan,3806,บึงโขงหลง,Bueng Khong Long,380601,บึงโขงหลง,Bueng Khong Long,38220
2841,ภาคตะวันออกเฉียงเหนือ,38,บึงกาฬ,Bueng Kan,3806,บึงโขงหลง,Bueng Khong Long,380602,โพธิ์หมากแข้ง,Pho Mak Khaeng,38220
2842,ภาคตะวันออกเฉียงเหนือ,38,บึงกาฬ,Bueng Kan,3806,บึงโขงหลง,Bueng Khong Long,380603,ดงบัง,Dong Bang,38220
2843,ภาคตะวันออกเฉียงเหนือ,38,บึงกาฬ,Bueng Kan,3806,บึงโขงหลง,Bueng Khong Long,380604,ท่าดอกคำ,Tha Dok Kham,38220
2844,ภาคตะวันออกเฉียงเหนือ,38,บึงกาฬ,Bueng Kan,3807,ศรีวิไล,Si Wilai,380701,ศรีวิไล,Si Wilai,38210
2845,ภาคตะวันออกเฉียงเหนือ,38,บึงกาฬ,Bueng Kan,3807,ศรีวิไล,Si Wilai,380702,ชุมภูพร,Chumphu Phon,38210
2846,ภาคตะวันออกเฉียงเหนือ,38,บึงกาฬ,Bueng Kan,3807,ศรีวิไล,Si Wilai,380703,นาแสง,Na Saeng,38210
2847,ภาคตะวันออกเฉียงเหนือ,38,บึงกาฬ,Bueng Kan,3807,ศรีวิไล,Si Wilai,380704,นาสะแบง,Na Sabaeng,38210
2848,ภาคตะวันออกเฉียงเหนือ,38,บึงกาฬ,Bueng Kan,3807,ศรีวิไล,Si Wilai,380705,นาสิงห์,Na Sing,38210
2849,ภาคตะวันออกเฉียงเหนือ,38,บึงกาฬ,Bueng Kan,3808,บุ่งคล้า,Bung Khla,380801,บุ่งคล้า,Bung Khla,38000
2850,ภาคตะวันออกเฉียงเหนือ,38,บึงกาฬ,Bueng Kan,3808,บุ่งคล้า,Bung Khla,380802,หนองเดิ่น,Nong Doen,38000
2851,ภาคตะวันออกเฉียงเหนือ,38,บึงกาฬ,Bueng Kan,3808,บุ่งคล้า,Bung Khla,380803,โคกกว้าง,Khok Kwang,38000
2852,ภาคตะวันออกเฉียงเหนือ,39,หนองบัวลำภู,Nong Bua Lam Phu,3901,เมืองหนองบัวลำภู,Mueang Nong Bua Lam Phu,390101,หนองบัว,Nong Bua,39000
2853,ภาคตะวันออกเฉียงเหนือ,39,หนองบัวลำภู,Nong Bua Lam Phu,3901,เมืองหนองบัวลำภู,Mueang Nong Bua Lam Phu,390102,หนองภัยศูนย์,Nong Phai Sun,39000
2854,ภาคตะวันออกเฉียงเหนือ,39,หนองบัวลำภู,Nong Bua Lam Phu,3901,เมืองหนองบัวลำภู,Mueang Nong Bua Lam Phu,390103,โพธิ์ชัย,Pho Chai,39000
2855,ภาคตะวันออกเฉียงเหนือ,39,หนองบัวลำภู,Nong Bua Lam Phu,3901,เมืองหนองบัวลำภู,Mueang Nong Bua Lam Phu,390104,หนองสวรรค์,Nong Sawan,39000
2856,ภาคตะวันออกเฉียงเหนือ,39,หนองบัวลำภู,Nong Bua Lam Phu,3901,เมืองหนองบัวลำภู,Mueang Nong Bua Lam Phu,390105,หัวนา,Hua Na,39000
2857,ภาคตะวันออกเฉียงเหนือ,39,หนองบัวลำภู,Nong Bua Lam Phu,3901,เมืองหนองบัวลำภู,Mueang Nong Bua Lam Phu,390106,บ้านขาม,Ban Kham,39000
2858,ภาคตะวันออกเฉียงเหนือ,39,หนองบัวลำภู,Nong Bua Lam Phu,3901,เมืองหนองบัวลำภู,Mueang Nong Bua Lam Phu,390107,นามะเฟือง,Na Mafueang,39000
2859,ภาคตะวันออกเฉียงเหนือ,39,หนองบัวลำภู,Nong Bua Lam Phu,3901,เมืองหนองบัวลำภู,Mueang Nong Bua Lam Phu,390108,บ้านพร้าว,Ban Phrao,39000
2860,ภาคตะวันออกเฉียงเหนือ,39,หนองบัวลำภู,Nong Bua Lam Phu,3901,เมืองหนองบัวลำภู,Mueang Nong Bua Lam Phu,390109,โนนขมิ้น,Non Khamin,39000
2861,ภาคตะวันออกเฉียงเหนือ,39,หนองบัวลำภู,Nong Bua Lam Phu,3901,เมืองหนองบัวลำภู,Mueang Nong Bua Lam Phu,390110,ลำภู,Lamphu,39000
2862,ภาคตะวันออกเฉียงเหนือ,39,หนองบัวลำภู,Nong Bua Lam Phu,3901,เมืองหนองบัวลำภู,Mueang Nong Bua Lam Phu,390111,กุดจิก,Kut Chik,39000
2863,ภาคตะวันออกเฉียงเหนือ,39,หนองบัวลำภู,Nong Bua Lam Phu,3901,เมืองหนองบัวลำภู,Mueang Nong Bua Lam Phu,390112,โนนทัน,Non Than,39000
2864,ภาคตะวันออกเฉียงเหนือ,39,หนองบัวลำภู,Nong Bua Lam Phu,3901,เมืองหนองบัวลำภู,Mueang Nong Bua Lam Phu,390113,นาคำไฮ,Na Kham Hai,39000
2865,ภาคตะวันออกเฉียงเหนือ,39,หนองบัวลำภู,Nong Bua Lam Phu,3901,เมืองหนองบัวลำภู,Mueang Nong Bua Lam Phu,390114,ป่าไม้งาม,Pa Mai Ngam,39000
2866,ภาคตะวันออกเฉียงเหนือ,39,หนองบัวลำภู,Nong Bua Lam Phu,3901,เมืองหนองบัวลำภู,Mueang Nong Bua Lam Phu,390115,หนองหว้า,Nong Wa,39000
2867,ภาคตะวันออกเฉียงเหนือ,39,หนองบัวลำภู,Nong Bua Lam Phu,3902,นากลาง,Na Klang,390201,นากลาง,Na Klang,39170
2868,ภาคตะวันออกเฉียงเหนือ,39,หนองบัวลำภู,Nong Bua Lam Phu,3902,นากลาง,Na Klang,390202,ด่านช้าง,Dan Chang,39170
2869,ภาคตะวันออกเฉียงเหนือ,39,หนองบัวลำภู,Nong Bua Lam Phu,3902,นากลาง,Na Klang,390205,กุดดินจี่,Kut Din Chi,39350
2870,ภาคตะวันออกเฉียงเหนือ,39,หนองบัวลำภู,Nong Bua Lam Phu,3902,นากลาง,Na Klang,390206,ฝั่งแดง,Fang Daeng,39170
2871,ภาคตะวันออกเฉียงเหนือ,39,หนองบัวลำภู,Nong Bua Lam Phu,3902,นากลาง,Na Klang,390207,เก่ากลอย,Kao Kloi,39350
2872,ภาคตะวันออกเฉียงเหนือ,39,หนองบัวลำภู,Nong Bua Lam Phu,3902,นากลาง,Na Klang,390209,โนนเมือง,Non Mueang,39170
2873,ภาคตะวันออกเฉียงเหนือ,39,หนองบัวลำภู,Nong Bua Lam Phu,3902,นากลาง,Na Klang,390210,อุทัยสวรรค์,Uthai Sawan,39170
2874,ภาคตะวันออกเฉียงเหนือ,39,หนองบัวลำภู,Nong Bua Lam Phu,3902,นากลาง,Na Klang,390211,ดงสวรรค์,Dong Sawan,39350
2875,ภาคตะวันออกเฉียงเหนือ,39,หนองบัวลำภู,Nong Bua Lam Phu,3902,นากลาง,Na Klang,390213,กุดแห่,Kut Hae,39170
2876,ภาคตะวันออกเฉียงเหนือ,39,หนองบัวลำภู,Nong Bua Lam Phu,3903,โนนสัง,Non Sang,390301,โนนสัง,Non Sang,39140
2877,ภาคตะวันออกเฉียงเหนือ,39,หนองบัวลำภู,Nong Bua Lam Phu,3903,โนนสัง,Non Sang,390302,บ้านถิ่น,Ban Thin,39140
2878,ภาคตะวันออกเฉียงเหนือ,39,หนองบัวลำภู,Nong Bua Lam Phu,3903,โนนสัง,Non Sang,390303,หนองเรือ,Nong Ruea,39140
2879,ภาคตะวันออกเฉียงเหนือ,39,หนองบัวลำภู,Nong Bua Lam Phu,3903,โนนสัง,Non Sang,390304,กุดดู่,Kut Du,39140
2880,ภาคตะวันออกเฉียงเหนือ,39,หนองบัวลำภู,Nong Bua Lam Phu,3903,โนนสัง,Non Sang,390305,บ้านค้อ,Ban Kho,39140
2881,ภาคตะวันออกเฉียงเหนือ,39,หนองบัวลำภู,Nong Bua Lam Phu,3903,โนนสัง,Non Sang,390306,โนนเมือง,Non Mueang,39140
2882,ภาคตะวันออกเฉียงเหนือ,39,หนองบัวลำภู,Nong Bua Lam Phu,3903,โนนสัง,Non Sang,390307,โคกใหญ่,Khok Yai,39140
2883,ภาคตะวันออกเฉียงเหนือ,39,หนองบัวลำภู,Nong Bua Lam Phu,3903,โนนสัง,Non Sang,390308,โคกม่วง,Khok Muang,39140
2884,ภาคตะวันออกเฉียงเหนือ,39,หนองบัวลำภู,Nong Bua Lam Phu,3903,โนนสัง,Non Sang,390309,นิคมพัฒนา,Nikhom Phatthana,39140
2885,ภาคตะวันออกเฉียงเหนือ,39,หนองบัวลำภู,Nong Bua Lam Phu,3903,โนนสัง,Non Sang,390310,ปางกู่,Pang Ku,39140
2886,ภาคตะวันออกเฉียงเหนือ,39,หนองบัวลำภู,Nong Bua Lam Phu,3904,ศรีบุญเรือง,Si Bun Rueang,390401,เมืองใหม่,Mueang Mai,39180
2887,ภาคตะวันออกเฉียงเหนือ,39,หนองบัวลำภู,Nong Bua Lam Phu,3904,ศรีบุญเรือง,Si Bun Rueang,390402,ศรีบุญเรือง,Si Bunrueang,39180
2888,ภาคตะวันออกเฉียงเหนือ,39,หนองบัวลำภู,Nong Bua Lam Phu,3904,ศรีบุญเรือง,Si Bun Rueang,390403,หนองบัวใต้,Nong Bua Tai,39180
2889,ภาคตะวันออกเฉียงเหนือ,39,หนองบัวลำภู,Nong Bua Lam Phu,3904,ศรีบุญเรือง,Si Bun Rueang,390404,กุดสะเทียน,Kut Sathian,39180
2890,ภาคตะวันออกเฉียงเหนือ,39,หนองบัวลำภู,Nong Bua Lam Phu,3904,ศรีบุญเรือง,Si Bun Rueang,390405,นากอก,Na Kok,39180
2891,ภาคตะวันออกเฉียงเหนือ,39,หนองบัวลำภู,Nong Bua Lam Phu,3904,ศรีบุญเรือง,Si Bun Rueang,390406,โนนสะอาด,Non Sa-At,39180
2892,ภาคตะวันออกเฉียงเหนือ,39,หนองบัวลำภู,Nong Bua Lam Phu,3904,ศรีบุญเรือง,Si Bun Rueang,390407,ยางหล่อ,Yang Lo,39180
2893,ภาคตะวันออกเฉียงเหนือ,39,หนองบัวลำภู,Nong Bua Lam Phu,3904,ศรีบุญเรือง,Si Bun Rueang,390408,โนนม่วง,Non Muang,39180
2894,ภาคตะวันออกเฉียงเหนือ,39,หนองบัวลำภู,Nong Bua Lam Phu,3904,ศรีบุญเรือง,Si Bun Rueang,390409,หนองกุงแก้ว,Nong Kung Kaeo,39180
2895,ภาคตะวันออกเฉียงเหนือ,39,หนองบัวลำภู,Nong Bua Lam Phu,3904,ศรีบุญเรือง,Si Bun Rueang,390410,หนองแก,Nong Kae,39180
2896,ภาคตะวันออกเฉียงเหนือ,39,หนองบัวลำภู,Nong Bua Lam Phu,3904,ศรีบุญเรือง,Si Bun Rueang,390411,ทรายทอง,Sai Thong,39180
2897,ภาคตะวันออกเฉียงเหนือ,39,หนองบัวลำภู,Nong Bua Lam Phu,3904,ศรีบุญเรือง,Si Bun Rueang,390412,หันนางาม,Han Na Ngam,39180
2898,ภาคตะวันออกเฉียงเหนือ,39,หนองบัวลำภู,Nong Bua Lam Phu,3905,สุวรรณคูหา,Suwannakhuha,390501,นาสี,Na Si,39270
2899,ภาคตะวันออกเฉียงเหนือ,39,หนองบัวลำภู,Nong Bua Lam Phu,3905,สุวรรณคูหา,Suwannakhuha,390502,บ้านโคก,Ban Khok,39270
2900,ภาคตะวันออกเฉียงเหนือ,39,หนองบัวลำภู,Nong Bua Lam Phu,3905,สุวรรณคูหา,Suwannakhuha,390503,นาดี,Na Di,39270
2901,ภาคตะวันออกเฉียงเหนือ,39,หนองบัวลำภู,Nong Bua Lam Phu,3905,สุวรรณคูหา,Suwannakhuha,390504,นาด่าน,Na Dan,39270
2902,ภาคตะวันออกเฉียงเหนือ,39,หนองบัวลำภู,Nong Bua Lam Phu,3905,สุวรรณคูหา,Suwannakhuha,390505,ดงมะไฟ,Dong Mafai,39270
2903,ภาคตะวันออกเฉียงเหนือ,39,หนองบัวลำภู,Nong Bua Lam Phu,3905,สุวรรณคูหา,Suwannakhuha,390506,สุวรรณคูหา,Suwanna Khuha,39270
2904,ภาคตะวันออกเฉียงเหนือ,39,หนองบัวลำภู,Nong Bua Lam Phu,3905,สุวรรณคูหา,Suwannakhuha,390507,บุญทัน,Bunthan,39270
2905,ภาคตะวันออกเฉียงเหนือ,39,หนองบัวลำภู,Nong Bua Lam Phu,3905,สุวรรณคูหา,Suwannakhuha,390508,กุดผึ้ง,Kut Phueng,39270
2906,ภาคตะวันออกเฉียงเหนือ,39,หนองบัวลำภู,Nong Bua Lam Phu,3906,นาวัง,Na Wang,390601,นาเหล่า,Na Lao,39170
2907,ภาคตะวันออกเฉียงเหนือ,39,หนองบัวลำภู,Nong Bua Lam Phu,3906,นาวัง,Na Wang,390602,นาแก,Na Kae,39170
2908,ภาคตะวันออกเฉียงเหนือ,39,หนองบัวลำภู,Nong Bua Lam Phu,3906,นาวัง,Na Wang,390603,วังทอง,Wang Thong,39170
2909,ภาคตะวันออกเฉียงเหนือ,39,หนองบัวลำภู,Nong Bua Lam Phu,3906,นาวัง,Na Wang,390604,วังปลาป้อม,Wang Pla Pom,39170
2910,ภาคตะวันออกเฉียงเหนือ,39,หนองบัวลำภู,Nong Bua Lam Phu,3906,นาวัง,Na Wang,390605,เทพคีรี,Thep Khiri,39170
2911,ภาคตะวันออกเฉียงเหนือ,40,ขอนแก่น,Khon Kaen,4001,เมืองขอนแก่น,Mueang Khon Kaen,400101,ในเมือง,Nai Mueang,40000
2912,ภาคตะวันออกเฉียงเหนือ,40,ขอนแก่น,Khon Kaen,4001,เมืองขอนแก่น,Mueang Khon Kaen,400102,สำราญ,Samran,40000
2913,ภาคตะวันออกเฉียงเหนือ,40,ขอนแก่น,Khon Kaen,4001,เมืองขอนแก่น,Mueang Khon Kaen,400103,โคกสี,Khok Si,40000
2914,ภาคตะวันออกเฉียงเหนือ,40,ขอนแก่น,Khon Kaen,4001,เมืองขอนแก่น,Mueang Khon Kaen,400104,ท่าพระ,Tha Phra,40260
2915,ภาคตะวันออกเฉียงเหนือ,40,ขอนแก่น,Khon Kaen,4001,เมืองขอนแก่น,Mueang Khon Kaen,400105,บ้านทุ่ม,Ban Thum,40000
2916,ภาคตะวันออกเฉียงเหนือ,40,ขอนแก่น,Khon Kaen,4001,เมืองขอนแก่น,Mueang Khon Kaen,400106,เมืองเก่า,Mueang Kao,40000
2917,ภาคตะวันออกเฉียงเหนือ,40,ขอนแก่น,Khon Kaen,4001,เมืองขอนแก่น,Mueang Khon Kaen,400107,พระลับ,Phra Lap,40000
2918,ภาคตะวันออกเฉียงเหนือ,40,ขอนแก่น,Khon Kaen,4001,เมืองขอนแก่น,Mueang Khon Kaen,400108,สาวะถี,Sawathi,40000
2919,ภาคตะวันออกเฉียงเหนือ,40,ขอนแก่น,Khon Kaen,4001,เมืองขอนแก่น,Mueang Khon Kaen,400109,บ้านหว้า,Ban Wa,40000
2920,ภาคตะวันออกเฉียงเหนือ,40,ขอนแก่น,Khon Kaen,4001,เมืองขอนแก่น,Mueang Khon Kaen,400110,บ้านค้อ,Ban Kho,40000
2921,ภาคตะวันออกเฉียงเหนือ,40,ขอนแก่น,Khon Kaen,4001,เมืองขอนแก่น,Mueang Khon Kaen,400111,แดงใหญ่,Daeng Yai,40000
2922,ภาคตะวันออกเฉียงเหนือ,40,ขอนแก่น,Khon Kaen,4001,เมืองขอนแก่น,Mueang Khon Kaen,400112,ดอนช้าง,Don Chang,40000
2923,ภาคตะวันออกเฉียงเหนือ,40,ขอนแก่น,Khon Kaen,4001,เมืองขอนแก่น,Mueang Khon Kaen,400113,ดอนหัน,Don Han,40260
2924,ภาคตะวันออกเฉียงเหนือ,40,ขอนแก่น,Khon Kaen,4001,เมืองขอนแก่น,Mueang Khon Kaen,400114,ศิลา,Sila,40000
2925,ภาคตะวันออกเฉียงเหนือ,40,ขอนแก่น,Khon Kaen,4001,เมืองขอนแก่น,Mueang Khon Kaen,400115,บ้านเป็ด,Ban Pet,40000
2926,ภาคตะวันออกเฉียงเหนือ,40,ขอนแก่น,Khon Kaen,4001,เมืองขอนแก่น,Mueang Khon Kaen,400116,หนองตูม,Nong Tum,40000
2927,ภาคตะวันออกเฉียงเหนือ,40,ขอนแก่น,Khon Kaen,4001,เมืองขอนแก่น,Mueang Khon Kaen,400117,บึงเนียม,Bueng Niam,40000
2928,ภาคตะวันออกเฉียงเหนือ,40,ขอนแก่น,Khon Kaen,4001,เมืองขอนแก่น,Mueang Khon Kaen,400118,โนนท่อน,Non Thon,40000
2929,ภาคตะวันออกเฉียงเหนือ,40,ขอนแก่น,Khon Kaen,4002,บ้านฝาง,Ban Fang,400201,หนองบัว,Nong Bua,40270
2930,ภาคตะวันออกเฉียงเหนือ,40,ขอนแก่น,Khon Kaen,4002,บ้านฝาง,Ban Fang,400202,ป่าหวายนั่ง,Pa Wai Nang,40270
2931,ภาคตะวันออกเฉียงเหนือ,40,ขอนแก่น,Khon Kaen,4002,บ้านฝาง,Ban Fang,400203,โนนฆ้อง,Non Khong,40270
2932,ภาคตะวันออกเฉียงเหนือ,40,ขอนแก่น,Khon Kaen,4002,บ้านฝาง,Ban Fang,400204,บ้านเหล่า,Ban Lao,40270
2933,ภาคตะวันออกเฉียงเหนือ,40,ขอนแก่น,Khon Kaen,4002,บ้านฝาง,Ban Fang,400205,ป่ามะนาว,Pa Manao,40270
2934,ภาคตะวันออกเฉียงเหนือ,40,ขอนแก่น,Khon Kaen,4002,บ้านฝาง,Ban Fang,400206,บ้านฝาง,Ban Fang,40270
2935,ภาคตะวันออกเฉียงเหนือ,40,ขอนแก่น,Khon Kaen,4002,บ้านฝาง,Ban Fang,400207,โคกงาม,Khok Ngam,40270
2936,ภาคตะวันออกเฉียงเหนือ,40,ขอนแก่น,Khon Kaen,4003,พระยืน,Phra Yuen,400301,พระยืน,Phra Yuen,40320
2937,ภาคตะวันออกเฉียงเหนือ,40,ขอนแก่น,Khon Kaen,4003,พระยืน,Phra Yuen,400302,พระบุ,Phra Bu,40320
2938,ภาคตะวันออกเฉียงเหนือ,40,ขอนแก่น,Khon Kaen,4003,พระยืน,Phra Yuen,400303,บ้านโต้น,Ban Ton,40320
2939,ภาคตะวันออกเฉียงเหนือ,40,ขอนแก่น,Khon Kaen,4003,พระยืน,Phra Yuen,400304,หนองแวง,Nong Waeng,40320
2940,ภาคตะวันออกเฉียงเหนือ,40,ขอนแก่น,Khon Kaen,4003,พระยืน,Phra Yuen,400305,ขามป้อม,Kham Pom,40320
2941,ภาคตะวันออกเฉียงเหนือ,40,ขอนแก่น,Khon Kaen,4004,หนองเรือ,Nong Ruea,400401,หนองเรือ,Nong Ruea,40210
2942,ภาคตะวันออกเฉียงเหนือ,40,ขอนแก่น,Khon Kaen,4004,หนองเรือ,Nong Ruea,400402,บ้านเม็ง,Ban Meng,40210
2943,ภาคตะวันออกเฉียงเหนือ,40,ขอนแก่น,Khon Kaen,4004,หนองเรือ,Nong Ruea,400403,บ้านกง,Ban Kong,40240
2944,ภาคตะวันออกเฉียงเหนือ,40,ขอนแก่น,Khon Kaen,4004,หนองเรือ,Nong Ruea,400404,ยางคำ,Yang Kham,40240
2945,ภาคตะวันออกเฉียงเหนือ,40,ขอนแก่น,Khon Kaen,4004,หนองเรือ,Nong Ruea,400405,จระเข้,Chorakhe,40240
2946,ภาคตะวันออกเฉียงเหนือ,40,ขอนแก่น,Khon Kaen,4004,หนองเรือ,Nong Ruea,400406,โนนทอง,Non Thong,40210
2947,ภาคตะวันออกเฉียงเหนือ,40,ขอนแก่น,Khon Kaen,4004,หนองเรือ,Nong Ruea,400407,กุดกว้าง,Kut Kwang,40210
2948,ภาคตะวันออกเฉียงเหนือ,40,ขอนแก่น,Khon Kaen,4004,หนองเรือ,Nong Ruea,400408,โนนทัน,Non Than,40210
2949,ภาคตะวันออกเฉียงเหนือ,40,ขอนแก่น,Khon Kaen,4004,หนองเรือ,Nong Ruea,400409,โนนสะอาด,Non Sa-At,40210
2950,ภาคตะวันออกเฉียงเหนือ,40,ขอนแก่น,Khon Kaen,4004,หนองเรือ,Nong Ruea,400410,บ้านผือ,Ban Phue,40240
2951,ภาคตะวันออกเฉียงเหนือ,40,ขอนแก่น,Khon Kaen,4005,ชุมแพ,Chum Phae,400501,ชุมแพ,Chum Phae,40130
2952,ภาคตะวันออกเฉียงเหนือ,40,ขอนแก่น,Khon Kaen,4005,ชุมแพ,Chum Phae,400502,โนนหัน,Non Han,40290
2953,ภาคตะวันออกเฉียงเหนือ,40,ขอนแก่น,Khon Kaen,4005,ชุมแพ,Chum Phae,400503,นาหนองทุ่ม,Na Nong Thum,40290
2954,ภาคตะวันออกเฉียงเหนือ,40,ขอนแก่น,Khon Kaen,4005,ชุมแพ,Chum Phae,400504,โนนอุดม,Non Udom,40130
2955,ภาคตะวันออกเฉียงเหนือ,40,ขอนแก่น,Khon Kaen,4005,ชุมแพ,Chum Phae,400505,ขัวเรียง,Khua Riang,40130
2956,ภาคตะวันออกเฉียงเหนือ,40,ขอนแก่น,Khon Kaen,4005,ชุมแพ,Chum Phae,400506,หนองไผ่,Nong Phai,40130
2957,ภาคตะวันออกเฉียงเหนือ,40,ขอนแก่น,Khon Kaen,4005,ชุมแพ,Chum Phae,400507,ไชยสอ,Chai So,40130
2958,ภาคตะวันออกเฉียงเหนือ,40,ขอนแก่น,Khon Kaen,4005,ชุมแพ,Chum Phae,400508,วังหินลาด,Wang Hin Lat,40130
2959,ภาคตะวันออกเฉียงเหนือ,40,ขอนแก่น,Khon Kaen,4005,ชุมแพ,Chum Phae,400509,นาเพียง,Na Phiang,40130
2960,ภาคตะวันออกเฉียงเหนือ,40,ขอนแก่น,Khon Kaen,4005,ชุมแพ,Chum Phae,400510,หนองเขียด,Nong Khiat,40290
2961,ภาคตะวันออกเฉียงเหนือ,40,ขอนแก่น,Khon Kaen,4005,ชุมแพ,Chum Phae,400511,หนองเสาเล้า,Nong Sao Lao,40130
2962,ภาคตะวันออกเฉียงเหนือ,40,ขอนแก่น,Khon Kaen,4005,ชุมแพ,Chum Phae,400512,โนนสะอาด,Non Sa-At,40290
2963,ภาคตะวันออกเฉียงเหนือ,40,ขอนแก่น,Khon Kaen,4006,สีชมพู,Si Chomphu,400601,สีชมพู,Si Chomphu,40220
2964,ภาคตะวันออกเฉียงเหนือ,40,ขอนแก่น,Khon Kaen,4006,สีชมพู,Si Chomphu,400602,ศรีสุข,Si Suk,40220
2965,ภาคตะวันออกเฉียงเหนือ,40,ขอนแก่น,Khon Kaen,4006,สีชมพู,Si Chomphu,400603,นาจาน,Na Chan,40220
2966,ภาคตะวันออกเฉียงเหนือ,40,ขอนแก่น,Khon Kaen,4006,สีชมพู,Si Chomphu,400604,วังเพิ่ม,Wang Phoem,40220
2967,ภาคตะวันออกเฉียงเหนือ,40,ขอนแก่น,Khon Kaen,4006,สีชมพู,Si Chomphu,400605,ซำยาง,Sam Yang,40220
2968,ภาคตะวันออกเฉียงเหนือ,40,ขอนแก่น,Khon Kaen,4006,สีชมพู,Si Chomphu,400606,หนองแดง,Nong Daeng,40220
2969,ภาคตะวันออกเฉียงเหนือ,40,ขอนแก่น,Khon Kaen,4006,สีชมพู,Si Chomphu,400607,ดงลาน,Dong Lan,40220
2970,ภาคตะวันออกเฉียงเหนือ,40,ขอนแก่น,Khon Kaen,4006,สีชมพู,Si Chomphu,400608,บริบูรณ์,Boribun,40220
2971,ภาคตะวันออกเฉียงเหนือ,40,ขอนแก่น,Khon Kaen,4006,สีชมพู,Si Chomphu,400609,บ้านใหม่,Ban Mai,40220
2972,ภาคตะวันออกเฉียงเหนือ,40,ขอนแก่น,Khon Kaen,4006,สีชมพู,Si Chomphu,400610,ภูห่าน,Phu Han,40220
2973,ภาคตะวันออกเฉียงเหนือ,40,ขอนแก่น,Khon Kaen,4007,น้ำพอง,Nam Phong,400701,น้ำพอง,Nam Phong,40140
2974,ภาคตะวันออกเฉียงเหนือ,40,ขอนแก่น,Khon Kaen,4007,น้ำพอง,Nam Phong,400702,วังชัย,Wang Chai,40140
2975,ภาคตะวันออกเฉียงเหนือ,40,ขอนแก่น,Khon Kaen,4007,น้ำพอง,Nam Phong,400703,หนองกุง,Nong Kung,40140
2976,ภาคตะวันออกเฉียงเหนือ,40,ขอนแก่น,Khon Kaen,4007,น้ำพอง,Nam Phong,400704,บัวใหญ่,Bua Yai,40140
2977,ภาคตะวันออกเฉียงเหนือ,40,ขอนแก่น,Khon Kaen,4007,น้ำพอง,Nam Phong,400705,สะอาด,Sa-At,40310
2978,ภาคตะวันออกเฉียงเหนือ,40,ขอนแก่น,Khon Kaen,4007,น้ำพอง,Nam Phong,400706,ม่วงหวาน,Muang Wan,40310
2979,ภาคตะวันออกเฉียงเหนือ,40,ขอนแก่น,Khon Kaen,4007,น้ำพอง,Nam Phong,400707,บ้านขาม,Ban Kham,40140
2980,ภาคตะวันออกเฉียงเหนือ,40,ขอนแก่น,Khon Kaen,4007,น้ำพอง,Nam Phong,400708,บัวเงิน,Bua Ngoen,40140
2981,ภาคตะวันออกเฉียงเหนือ,40,ขอนแก่น,Khon Kaen,4007,น้ำพอง,Nam Phong,400709,ทรายมูล,Sai Mun,40140
2982,ภาคตะวันออกเฉียงเหนือ,40,ขอนแก่น,Khon Kaen,4007,น้ำพอง,Nam Phong,400710,ท่ากระเสริม,Tha Krasoem,40140
2983,ภาคตะวันออกเฉียงเหนือ,40,ขอนแก่น,Khon Kaen,4007,น้ำพอง,Nam Phong,400711,พังทุย,Phang Thui,40140
2984,ภาคตะวันออกเฉียงเหนือ,40,ขอนแก่น,Khon Kaen,4007,น้ำพอง,Nam Phong,400712,กุดน้ำใส,Kut Nam Sai,40140
2985,ภาคตะวันออกเฉียงเหนือ,40,ขอนแก่น,Khon Kaen,4008,อุบลรัตน์,Ubolratana,400801,โคกสูง,Khok Sung,40250
2986,ภาคตะวันออกเฉียงเหนือ,40,ขอนแก่น,Khon Kaen,4008,อุบลรัตน์,Ubolratana,400802,บ้านดง,Ban Dong,40250
2987,ภาคตะวันออกเฉียงเหนือ,40,ขอนแก่น,Khon Kaen,4008,อุบลรัตน์,Ubolratana,400803,เขื่อนอุบลรัตน์,Khuean Ubonrat,40250
2988,ภาคตะวันออกเฉียงเหนือ,40,ขอนแก่น,Khon Kaen,4008,อุบลรัตน์,Ubolratana,400804,นาคำ,Na Kham,40250
2989,ภาคตะวันออกเฉียงเหนือ,40,ขอนแก่น,Khon Kaen,4008,อุบลรัตน์,Ubolratana,400805,ศรีสุขสำราญ,Si Suk Samran,40250
2990,ภาคตะวันออกเฉียงเหนือ,40,ขอนแก่น,Khon Kaen,4008,อุบลรัตน์,Ubolratana,400806,ทุ่งโป่ง,Thung Pong,40250
2991,ภาคตะวันออกเฉียงเหนือ,40,ขอนแก่น,Khon Kaen,4009,กระนวน,Kranuan,400901,หนองโก,Nong Ko,40170
2992,ภาคตะวันออกเฉียงเหนือ,40,ขอนแก่น,Khon Kaen,4009,กระนวน,Kranuan,400902,หนองกุงใหญ่,Nong Kung Yai,40170
2993,ภาคตะวันออกเฉียงเหนือ,40,ขอนแก่น,Khon Kaen,4009,กระนวน,Kranuan,400905,ห้วยโจด,Huai Chot,40170
2994,ภาคตะวันออกเฉียงเหนือ,40,ขอนแก่น,Khon Kaen,4009,กระนวน,Kranuan,400906,ห้วยยาง,Huai Yang,40170
2995,ภาคตะวันออกเฉียงเหนือ,40,ขอนแก่น,Khon Kaen,4009,กระนวน,Kranuan,400907,บ้านฝาง,Ban Fang,40170
2996,ภาคตะวันออกเฉียงเหนือ,40,ขอนแก่น,Khon Kaen,4009,กระนวน,Kranuan,400909,ดูนสาด,Dun Sat,40170
2997,ภาคตะวันออกเฉียงเหนือ,40,ขอนแก่น,Khon Kaen,4009,กระนวน,Kranuan,400910,หนองโน,Nong No,40170
2998,ภาคตะวันออกเฉียงเหนือ,40,ขอนแก่น,Khon Kaen,4009,กระนวน,Kranuan,400911,น้ำอ้อม,Nam Om,40170
2999,ภาคตะวันออกเฉียงเหนือ,40,ขอนแก่น,Khon Kaen,4009,กระนวน,Kranuan,400912,หัวนาคำ,Hua Na Kham,40170
3000,ภาคตะวันออกเฉียงเหนือ,40,ขอนแก่น,Khon Kaen,4010,บ้านไผ่,Ban Phai,401001,บ้านไผ่,Ban Phai,40110
3001,ภาคตะวันออกเฉียงเหนือ,40,ขอนแก่น,Khon Kaen,4010,บ้านไผ่,Ban Phai,401002,ในเมือง,Nai Mueang,40110
3002,ภาคตะวันออกเฉียงเหนือ,40,ขอนแก่น,Khon Kaen,4010,บ้านไผ่,Ban Phai,401005,เมืองเพีย,Mueang Phia,40110
3003,ภาคตะวันออกเฉียงเหนือ,40,ขอนแก่น,Khon Kaen,4010,บ้านไผ่,Ban Phai,401009,บ้านลาน,Ban Lan,40110
3004,ภาคตะวันออกเฉียงเหนือ,40,ขอนแก่น,Khon Kaen,4010,บ้านไผ่,Ban Phai,401010,แคนเหนือ,Khaen Nuea,40110
3005,ภาคตะวันออกเฉียงเหนือ,40,ขอนแก่น,Khon Kaen,4010,บ้านไผ่,Ban Phai,401011,ภูเหล็ก,Phu Lek,40110
3006,ภาคตะวันออกเฉียงเหนือ,40,ขอนแก่น,Khon Kaen,4010,บ้านไผ่,Ban Phai,401013,ป่าปอ,Pa Po,40110
3007,ภาคตะวันออกเฉียงเหนือ,40,ขอนแก่น,Khon Kaen,4010,บ้านไผ่,Ban Phai,401014,หินตั้ง,Hin Tang,40110
3008,ภาคตะวันออกเฉียงเหนือ,40,ขอนแก่น,Khon Kaen,4010,บ้านไผ่,Ban Phai,401016,หนองน้ำใส,Nong Nam Sai,40110
3009,ภาคตะวันออกเฉียงเหนือ,40,ขอนแก่น,Khon Kaen,4010,บ้านไผ่,Ban Phai,401017,หัวหนอง,Hua Nong,40110
3010,ภาคตะวันออกเฉียงเหนือ,40,ขอนแก่น,Khon Kaen,4011,เปือยน้อย,Pueai Noi,401101,เปือยน้อย,Pueai Noi,40340
3011,ภาคตะวันออกเฉียงเหนือ,40,ขอนแก่น,Khon Kaen,4011,เปือยน้อย,Pueai Noi,401102,วังม่วง,Wang Muang,40340
3012,ภาคตะวันออกเฉียงเหนือ,40,ขอนแก่น,Khon Kaen,4011,เปือยน้อย,Pueai Noi,401103,ขามป้อม,Kham Pom,40340
3013,ภาคตะวันออกเฉียงเหนือ,40,ขอนแก่น,Khon Kaen,4011,เปือยน้อย,Pueai Noi,401104,สระแก้ว,Sa Kaeo,40340
3014,ภาคตะวันออกเฉียงเหนือ,40,ขอนแก่น,Khon Kaen,4012,พล,Phon,401201,เมืองพล,Mueang Phon,40120
3015,ภาคตะวันออกเฉียงเหนือ,40,ขอนแก่น,Khon Kaen,4012,พล,Phon,401203,โจดหนองแก,Chot Nong Kae,40120
3016,ภาคตะวันออกเฉียงเหนือ,40,ขอนแก่น,Khon Kaen,4012,พล,Phon,401204,เก่างิ้ว,Kao Ngio,40120
3017,ภาคตะวันออกเฉียงเหนือ,40,ขอนแก่น,Khon Kaen,4012,พล,Phon,401205,หนองมะเขือ,Nong Makhuea,40120
3018,ภาคตะวันออกเฉียงเหนือ,40,ขอนแก่น,Khon Kaen,4012,พล,Phon,401206,หนองแวงโสกพระ,Nong Waeng Sok Phra,40120
3019,ภาคตะวันออกเฉียงเหนือ,40,ขอนแก่น,Khon Kaen,4012,พล,Phon,401207,เพ็กใหญ่,Phek Yai,40120
3020,ภาคตะวันออกเฉียงเหนือ,40,ขอนแก่น,Khon Kaen,4012,พล,Phon,401208,โคกสง่า,Khok Sa-Nga,40120
3021,ภาคตะวันออกเฉียงเหนือ,40,ขอนแก่น,Khon Kaen,4012,พล,Phon,401209,หนองแวงนางเบ้า,Nong Waeng Nang Bao,40120
3022,ภาคตะวันออกเฉียงเหนือ,40,ขอนแก่น,Khon Kaen,4012,พล,Phon,401210,ลอมคอม,Lom Khom,40120
3023,ภาคตะวันออกเฉียงเหนือ,40,ขอนแก่น,Khon Kaen,4012,พล,Phon,401211,โนนข่า,Non Kha,40120
3024,ภาคตะวันออกเฉียงเหนือ,40,ขอนแก่น,Khon Kaen,4012,พล,Phon,401212,โสกนกเต็น,Sok Nok Ten,40120
3025,ภาคตะวันออกเฉียงเหนือ,40,ขอนแก่น,Khon Kaen,4012,พล,Phon,401213,หัวทุ่ง,Hua Thung,40120
3026,ภาคตะวันออกเฉียงเหนือ,40,ขอนแก่น,Khon Kaen,4013,แวงใหญ่,Waeng Yai,401301,คอนฉิม,Khon Chim,40330
3027,ภาคตะวันออกเฉียงเหนือ,40,ขอนแก่น,Khon Kaen,4013,แวงใหญ่,Waeng Yai,401302,ใหม่นาเพียง,Mai Na Phiang,40330
3028,ภาคตะวันออกเฉียงเหนือ,40,ขอนแก่น,Khon Kaen,4013,แวงใหญ่,Waeng Yai,401303,โนนทอง,Non Thong,40330
3029,ภาคตะวันออกเฉียงเหนือ,40,ขอนแก่น,Khon Kaen,4013,แวงใหญ่,Waeng Yai,401304,แวงใหญ่,Waeng Yai,40330
3030,ภาคตะวันออกเฉียงเหนือ,40,ขอนแก่น,Khon Kaen,4013,แวงใหญ่,Waeng Yai,401305,โนนสะอาด,Non Sa-At,40330
3031,ภาคตะวันออกเฉียงเหนือ,40,ขอนแก่น,Khon Kaen,4014,แวงน้อย,Waeng Noi,401401,แวงน้อย,Waeng Noi,40230
3032,ภาคตะวันออกเฉียงเหนือ,40,ขอนแก่น,Khon Kaen,4014,แวงน้อย,Waeng Noi,401402,ก้านเหลือง,Kan Lueang,40230
3033,ภาคตะวันออกเฉียงเหนือ,40,ขอนแก่น,Khon Kaen,4014,แวงน้อย,Waeng Noi,401403,ท่านางแนว,Tha Nang Naeo,40230
3034,ภาคตะวันออกเฉียงเหนือ,40,ขอนแก่น,Khon Kaen,4014,แวงน้อย,Waeng Noi,401404,ละหานนา,Lahan Na,40230
3035,ภาคตะวันออกเฉียงเหนือ,40,ขอนแก่น,Khon Kaen,4014,แวงน้อย,Waeng Noi,401405,ท่าวัด,Tha Wat,40230
3036,ภาคตะวันออกเฉียงเหนือ,40,ขอนแก่น,Khon Kaen,4014,แวงน้อย,Waeng Noi,401406,ทางขวาง,Thang Khwang,40230
3037,ภาคตะวันออกเฉียงเหนือ,40,ขอนแก่น,Khon Kaen,4015,หนองสองห้อง,Nong Song Hong,401501,หนองสองห้อง,Nong Song Hong,40190
3038,ภาคตะวันออกเฉียงเหนือ,40,ขอนแก่น,Khon Kaen,4015,หนองสองห้อง,Nong Song Hong,401502,คึมชาด,Khuem Chat,40190
3039,ภาคตะวันออกเฉียงเหนือ,40,ขอนแก่น,Khon Kaen,4015,หนองสองห้อง,Nong Song Hong,401503,โนนธาตุ,Non That,40190
3040,ภาคตะวันออกเฉียงเหนือ,40,ขอนแก่น,Khon Kaen,4015,หนองสองห้อง,Nong Song Hong,401504,ตะกั่วป่า,Takua Pa,40190
3041,ภาคตะวันออกเฉียงเหนือ,40,ขอนแก่น,Khon Kaen,4015,หนองสองห้อง,Nong Song Hong,401505,สำโรง,Samrong,40190
3042,ภาคตะวันออกเฉียงเหนือ,40,ขอนแก่น,Khon Kaen,4015,หนองสองห้อง,Nong Song Hong,401506,หนองเม็ก,Nong Mek,40190
3043,ภาคตะวันออกเฉียงเหนือ,40,ขอนแก่น,Khon Kaen,4015,หนองสองห้อง,Nong Song Hong,401507,ดอนดู่,Don Du,40190
3044,ภาคตะวันออกเฉียงเหนือ,40,ขอนแก่น,Khon Kaen,4015,หนองสองห้อง,Nong Song Hong,401508,ดงเค็ง,Dong Kheng,40190
3045,ภาคตะวันออกเฉียงเหนือ,40,ขอนแก่น,Khon Kaen,4015,หนองสองห้อง,Nong Song Hong,401509,หันโจด,Han Chot,40190
3046,ภาคตะวันออกเฉียงเหนือ,40,ขอนแก่น,Khon Kaen,4015,หนองสองห้อง,Nong Song Hong,401510,ดอนดั่ง,Don Dang,40190
3047,ภาคตะวันออกเฉียงเหนือ,40,ขอนแก่น,Khon Kaen,4015,หนองสองห้อง,Nong Song Hong,401511,วังหิน,Wang Hin,40190
3048,ภาคตะวันออกเฉียงเหนือ,40,ขอนแก่น,Khon Kaen,4015,หนองสองห้อง,Nong Song Hong,401512,หนองไผ่ล้อม,Nong Phai Lom,40190
3049,ภาคตะวันออกเฉียงเหนือ,40,ขอนแก่น,Khon Kaen,4016,ภูเวียง,Phu Wiang,401601,บ้านเรือ,Ban Ruea,40150
3050,ภาคตะวันออกเฉียงเหนือ,40,ขอนแก่น,Khon Kaen,4016,ภูเวียง,Phu Wiang,401604,หว้าทอง,Wa Thong,40150
3051,ภาคตะวันออกเฉียงเหนือ,40,ขอนแก่น,Khon Kaen,4016,ภูเวียง,Phu Wiang,401605,กุดขอนแก่น,Kut Khon Kaen,40150
3052,ภาคตะวันออกเฉียงเหนือ,40,ขอนแก่น,Khon Kaen,4016,ภูเวียง,Phu Wiang,401606,นาชุมแสง,Na Chum Saeng,40150
3053,ภาคตะวันออกเฉียงเหนือ,40,ขอนแก่น,Khon Kaen,4016,ภูเวียง,Phu Wiang,401607,นาหว้า,Na Wa,40150
3054,ภาคตะวันออกเฉียงเหนือ,40,ขอนแก่น,Khon Kaen,4016,ภูเวียง,Phu Wiang,401610,หนองกุงธนสาร,Nong Kung Thanasan,40150
3055,ภาคตะวันออกเฉียงเหนือ,40,ขอนแก่น,Khon Kaen,4016,ภูเวียง,Phu Wiang,401612,หนองกุงเซิน,Nong Kung Soen,40150
3056,ภาคตะวันออกเฉียงเหนือ,40,ขอนแก่น,Khon Kaen,4016,ภูเวียง,Phu Wiang,401613,สงเปือย,Song Pueai,40150
3057,ภาคตะวันออกเฉียงเหนือ,40,ขอนแก่น,Khon Kaen,4016,ภูเวียง,Phu Wiang,401614,ทุ่งชมพู,Thung Chomphu,40150
3058,ภาคตะวันออกเฉียงเหนือ,40,ขอนแก่น,Khon Kaen,4016,ภูเวียง,Phu Wiang,401616,ดินดำ,Din Dam,40150
3059,ภาคตะวันออกเฉียงเหนือ,40,ขอนแก่น,Khon Kaen,4016,ภูเวียง,Phu Wiang,401617,ภูเวียง,Phu Wiang,40150
3060,ภาคตะวันออกเฉียงเหนือ,40,ขอนแก่น,Khon Kaen,4017,มัญจาคีรี,Mancha Khiri,401701,กุดเค้า,Kut Khao,40160
3061,ภาคตะวันออกเฉียงเหนือ,40,ขอนแก่น,Khon Kaen,4017,มัญจาคีรี,Mancha Khiri,401702,สวนหม่อน,Suan Mon,40160
3062,ภาคตะวันออกเฉียงเหนือ,40,ขอนแก่น,Khon Kaen,4017,มัญจาคีรี,Mancha Khiri,401703,หนองแปน,Nong Paen,40160
3063,ภาคตะวันออกเฉียงเหนือ,40,ขอนแก่น,Khon Kaen,4017,มัญจาคีรี,Mancha Khiri,401704,โพนเพ็ก,Phon Phek,40160
3064,ภาคตะวันออกเฉียงเหนือ,40,ขอนแก่น,Khon Kaen,4017,มัญจาคีรี,Mancha Khiri,401705,คำแคน,Kham Khaen,40160
3065,ภาคตะวันออกเฉียงเหนือ,40,ขอนแก่น,Khon Kaen,4017,มัญจาคีรี,Mancha Khiri,401706,นาข่า,Nakha,40160
3066,ภาคตะวันออกเฉียงเหนือ,40,ขอนแก่น,Khon Kaen,4017,มัญจาคีรี,Mancha Khiri,401707,นางาม,Na Ngam,40160
3067,ภาคตะวันออกเฉียงเหนือ,40,ขอนแก่น,Khon Kaen,4017,มัญจาคีรี,Mancha Khiri,401710,ท่าศาลา,Tha Sala,40160
3068,ภาคตะวันออกเฉียงเหนือ,40,ขอนแก่น,Khon Kaen,4018,ชนบท,Chonnabot,401801,ชนบท,Chonnabot,40180
3069,ภาคตะวันออกเฉียงเหนือ,40,ขอนแก่น,Khon Kaen,4018,ชนบท,Chonnabot,401802,กุดเพียขอม,Kut Phia Khom,40180
3070,ภาคตะวันออกเฉียงเหนือ,40,ขอนแก่น,Khon Kaen,4018,ชนบท,Chonnabot,401803,วังแสง,Wang Saeng,40180
3071,ภาคตะวันออกเฉียงเหนือ,40,ขอนแก่น,Khon Kaen,4018,ชนบท,Chonnabot,401804,ห้วยแก,Huai Kae,40180
3072,ภาคตะวันออกเฉียงเหนือ,40,ขอนแก่น,Khon Kaen,4018,ชนบท,Chonnabot,401805,บ้านแท่น,Ban Thaen,40180
3073,ภาคตะวันออกเฉียงเหนือ,40,ขอนแก่น,Khon Kaen,4018,ชนบท,Chonnabot,401806,ศรีบุญเรือง,Si Bunrueang,40180
3074,ภาคตะวันออกเฉียงเหนือ,40,ขอนแก่น,Khon Kaen,4018,ชนบท,Chonnabot,401807,โนนพะยอม,Non Phayom,40180
3075,ภาคตะวันออกเฉียงเหนือ,40,ขอนแก่น,Khon Kaen,4018,ชนบท,Chonnabot,401808,ปอแดง,Po Daeng,40180
3076,ภาคตะวันออกเฉียงเหนือ,40,ขอนแก่น,Khon Kaen,4019,เขาสวนกวาง,Khao Suan Kwang,401901,เขาสวนกวาง,Khao Suan Kwang,40280
3077,ภาคตะวันออกเฉียงเหนือ,40,ขอนแก่น,Khon Kaen,4019,เขาสวนกวาง,Khao Suan Kwang,401902,ดงเมืองแอม,Dong Mueang Am,40280
3078,ภาคตะวันออกเฉียงเหนือ,40,ขอนแก่น,Khon Kaen,4019,เขาสวนกวาง,Khao Suan Kwang,401903,นางิ้ว,Na Ngio,40280
3079,ภาคตะวันออกเฉียงเหนือ,40,ขอนแก่น,Khon Kaen,4019,เขาสวนกวาง,Khao Suan Kwang,401904,โนนสมบูรณ์,Non Sombun,40280
3080,ภาคตะวันออกเฉียงเหนือ,40,ขอนแก่น,Khon Kaen,4019,เขาสวนกวาง,Khao Suan Kwang,401905,คำม่วง,Kham Muang,40280
3081,ภาคตะวันออกเฉียงเหนือ,40,ขอนแก่น,Khon Kaen,4020,ภูผาม่าน,Phu Phaman,402001,โนนคอม,Non Khom,40350
3082,ภาคตะวันออกเฉียงเหนือ,40,ขอนแก่น,Khon Kaen,4020,ภูผาม่าน,Phu Phaman,402002,นาฝาย,Na Fai,40350
3083,ภาคตะวันออกเฉียงเหนือ,40,ขอนแก่น,Khon Kaen,4020,ภูผาม่าน,Phu Phaman,402003,ภูผาม่าน,Phu Pha Man,40350
3084,ภาคตะวันออกเฉียงเหนือ,40,ขอนแก่น,Khon Kaen,4020,ภูผาม่าน,Phu Phaman,402004,วังสวาบ,Wang Sawap,40350
3085,ภาคตะวันออกเฉียงเหนือ,40,ขอนแก่น,Khon Kaen,4020,ภูผาม่าน,Phu Phaman,402005,ห้วยม่วง,Huai Muang,40350
3086,ภาคตะวันออกเฉียงเหนือ,40,ขอนแก่น,Khon Kaen,4021,ซำสูง,Sam Sung,402101,กระนวน,Kranuan,40170
3087,ภาคตะวันออกเฉียงเหนือ,40,ขอนแก่น,Khon Kaen,4021,ซำสูง,Sam Sung,402102,คำแมด,Kham Maet,40170
3088,ภาคตะวันออกเฉียงเหนือ,40,ขอนแก่น,Khon Kaen,4021,ซำสูง,Sam Sung,402103,บ้านโนน,Ban Non,40170
3089,ภาคตะวันออกเฉียงเหนือ,40,ขอนแก่น,Khon Kaen,4021,ซำสูง,Sam Sung,402104,คูคำ,Khu Kham,40170
3090,ภาคตะวันออกเฉียงเหนือ,40,ขอนแก่น,Khon Kaen,4021,ซำสูง,Sam Sung,402105,ห้วยเตย,Huai Toei,40170
3091,ภาคตะวันออกเฉียงเหนือ,40,ขอนแก่น,Khon Kaen,4022,โคกโพธิ์ไชย,Khok Pho Chai,402201,บ้านโคก,Ban Khok,40160
3092,ภาคตะวันออกเฉียงเหนือ,40,ขอนแก่น,Khon Kaen,4022,โคกโพธิ์ไชย,Khok Pho Chai,402202,โพธิ์ไชย,Pho Chai,40160
3093,ภาคตะวันออกเฉียงเหนือ,40,ขอนแก่น,Khon Kaen,4022,โคกโพธิ์ไชย,Khok Pho Chai,402203,ซับสมบูรณ์,Sap Sombun,40160
3094,ภาคตะวันออกเฉียงเหนือ,40,ขอนแก่น,Khon Kaen,4022,โคกโพธิ์ไชย,Khok Pho Chai,402204,นาแพง,Na Phaeng,40160
3095,ภาคตะวันออกเฉียงเหนือ,40,ขอนแก่น,Khon Kaen,4023,หนองนาคำ,Nong Na Kham,402301,กุดธาตุ,Kut That,40150
3096,ภาคตะวันออกเฉียงเหนือ,40,ขอนแก่น,Khon Kaen,4023,หนองนาคำ,Nong Na Kham,402302,บ้านโคก,Ban Khok,40150
3097,ภาคตะวันออกเฉียงเหนือ,40,ขอนแก่น,Khon Kaen,4023,หนองนาคำ,Nong Na Kham,402303,ขนวน,Khanuan,40150
3098,ภาคตะวันออกเฉียงเหนือ,40,ขอนแก่น,Khon Kaen,4024,บ้านแฮด,Ban Haet,402401,บ้านแฮด,Ban Haet,40110
3099,ภาคตะวันออกเฉียงเหนือ,40,ขอนแก่น,Khon Kaen,4024,บ้านแฮด,Ban Haet,402402,โคกสำราญ,Khok Samran,40110
3100,ภาคตะวันออกเฉียงเหนือ,40,ขอนแก่น,Khon Kaen,4024,บ้านแฮด,Ban Haet,402403,โนนสมบูรณ์,Non Sombun,40110
3101,ภาคตะวันออกเฉียงเหนือ,40,ขอนแก่น,Khon Kaen,4024,บ้านแฮด,Ban Haet,402404,หนองแซง,Nong Saeng,40110
3102,ภาคตะวันออกเฉียงเหนือ,40,ขอนแก่น,Khon Kaen,4025,โนนศิลา,Non Sila,402501,โนนศิลา,Non Sila,40110
3103,ภาคตะวันออกเฉียงเหนือ,40,ขอนแก่น,Khon Kaen,4025,โนนศิลา,Non Sila,402502,หนองปลาหมอ,Nong Pla Mo,40110
3104,ภาคตะวันออกเฉียงเหนือ,40,ขอนแก่น,Khon Kaen,4025,โนนศิลา,Non Sila,402503,บ้านหัน,Ban Han,40110
3105,ภาคตะวันออกเฉียงเหนือ,40,ขอนแก่น,Khon Kaen,4025,โนนศิลา,Non Sila,402504,เปือยใหญ่,Pueai Yai,40110
3106,ภาคตะวันออกเฉียงเหนือ,40,ขอนแก่น,Khon Kaen,4025,โนนศิลา,Non Sila,402505,โนนแดง,Non Daeng,40110
3107,ภาคตะวันออกเฉียงเหนือ,40,ขอนแก่น,Khon Kaen,4029,เวียงเก่า,Wiang Kao,402901,ในเมือง,Nai Mueang,40150
3108,ภาคตะวันออกเฉียงเหนือ,40,ขอนแก่น,Khon Kaen,4029,เวียงเก่า,Wiang Kao,402902,เมืองเก่าพัฒนา,Mueang Kao Phatthana,40150
3109,ภาคตะวันออกเฉียงเหนือ,40,ขอนแก่น,Khon Kaen,4029,เวียงเก่า,Wiang Kao,402903,เขาน้อย,Khao Noi,40150
3110,ภาคตะวันออกเฉียงเหนือ,41,อุดรธานี,Udon Thani,4101,เมืองอุดรธานี,Mueang Udon Thani,410101,หมากแข้ง,Mak Khaeng,41000
3111,ภาคตะวันออกเฉียงเหนือ,41,อุดรธานี,Udon Thani,4101,เมืองอุดรธานี,Mueang Udon Thani,410102,นิคมสงเคราะห์,Nikhom Songkhro,41000
3112,ภาคตะวันออกเฉียงเหนือ,41,อุดรธานี,Udon Thani,4101,เมืองอุดรธานี,Mueang Udon Thani,410103,บ้านขาว,Ban Khao,41000
3113,ภาคตะวันออกเฉียงเหนือ,41,อุดรธานี,Udon Thani,4101,เมืองอุดรธานี,Mueang Udon Thani,410104,หนองบัว,Nong Bua,41000
3114,ภาคตะวันออกเฉียงเหนือ,41,อุดรธานี,Udon Thani,4101,เมืองอุดรธานี,Mueang Udon Thani,410105,บ้านตาด,Ban Tat,41000
3115,ภาคตะวันออกเฉียงเหนือ,41,อุดรธานี,Udon Thani,4101,เมืองอุดรธานี,Mueang Udon Thani,410106,โนนสูง,Non Sung,41330
3116,ภาคตะวันออกเฉียงเหนือ,41,อุดรธานี,Udon Thani,4101,เมืองอุดรธานี,Mueang Udon Thani,410107,หมูม่น,Mu Mon,41000
3117,ภาคตะวันออกเฉียงเหนือ,41,อุดรธานี,Udon Thani,4101,เมืองอุดรธานี,Mueang Udon Thani,410108,เชียงยืน,Chiang Yuen,41000
3118,ภาคตะวันออกเฉียงเหนือ,41,อุดรธานี,Udon Thani,4101,เมืองอุดรธานี,Mueang Udon Thani,410109,หนองนาคำ,Nong Na Kham,41000
3119,ภาคตะวันออกเฉียงเหนือ,41,อุดรธานี,Udon Thani,4101,เมืองอุดรธานี,Mueang Udon Thani,410110,กุดสระ,Kut Sa,41000
3120,ภาคตะวันออกเฉียงเหนือ,41,อุดรธานี,Udon Thani,4101,เมืองอุดรธานี,Mueang Udon Thani,410111,นาดี,Na Di,41000
3121,ภาคตะวันออกเฉียงเหนือ,41,อุดรธานี,Udon Thani,4101,เมืองอุดรธานี,Mueang Udon Thani,410112,บ้านเลื่อม,Ban Lueam,41000
3122,ภาคตะวันออกเฉียงเหนือ,41,อุดรธานี,Udon Thani,4101,เมืองอุดรธานี,Mueang Udon Thani,410113,เชียงพิณ,Chiang Phin,41000
3123,ภาคตะวันออกเฉียงเหนือ,41,อุดรธานี,Udon Thani,4101,เมืองอุดรธานี,Mueang Udon Thani,410114,สามพร้าว,Sam Phrao,41000
3124,ภาคตะวันออกเฉียงเหนือ,41,อุดรธานี,Udon Thani,4101,เมืองอุดรธานี,Mueang Udon Thani,410115,หนองไฮ,Nong Hai,41000
3125,ภาคตะวันออกเฉียงเหนือ,41,อุดรธานี,Udon Thani,4101,เมืองอุดรธานี,Mueang Udon Thani,410116,นาข่า,Na Kha,41000
3126,ภาคตะวันออกเฉียงเหนือ,41,อุดรธานี,Udon Thani,4101,เมืองอุดรธานี,Mueang Udon Thani,410117,บ้านจั่น,Ban Chan,41000
3127,ภาคตะวันออกเฉียงเหนือ,41,อุดรธานี,Udon Thani,4101,เมืองอุดรธานี,Mueang Udon Thani,410118,หนองขอนกว้าง,Nong Khon Kwang,41000
3128,ภาคตะวันออกเฉียงเหนือ,41,อุดรธานี,Udon Thani,4101,เมืองอุดรธานี,Mueang Udon Thani,410119,โคกสะอาด,Khok Sa-At,41000
3129,ภาคตะวันออกเฉียงเหนือ,41,อุดรธานี,Udon Thani,4101,เมืองอุดรธานี,Mueang Udon Thani,410120,นากว้าง,Na Kwang,41000
3130,ภาคตะวันออกเฉียงเหนือ,41,อุดรธานี,Udon Thani,4101,เมืองอุดรธานี,Mueang Udon Thani,410121,หนองไผ่,Nong Phai,41330
3131,ภาคตะวันออกเฉียงเหนือ,41,อุดรธานี,Udon Thani,4102,กุดจับ,Kut Chap,410201,กุดจับ,Kut Chap,41250
3132,ภาคตะวันออกเฉียงเหนือ,41,อุดรธานี,Udon Thani,4102,กุดจับ,Kut Chap,410202,ปะโค,Pakho,41250
3133,ภาคตะวันออกเฉียงเหนือ,41,อุดรธานี,Udon Thani,4102,กุดจับ,Kut Chap,410203,ขอนยูง,Khon Yung,41250
3134,ภาคตะวันออกเฉียงเหนือ,41,อุดรธานี,Udon Thani,4102,กุดจับ,Kut Chap,410204,เชียงเพ็ง,Chiang Pheng,41250
3135,ภาคตะวันออกเฉียงเหนือ,41,อุดรธานี,Udon Thani,4102,กุดจับ,Kut Chap,410205,สร้างก่อ,Sang Ko,41250
3136,ภาคตะวันออกเฉียงเหนือ,41,อุดรธานี,Udon Thani,4102,กุดจับ,Kut Chap,410206,เมืองเพีย,Mueang Phia,41250
3137,ภาคตะวันออกเฉียงเหนือ,41,อุดรธานี,Udon Thani,4102,กุดจับ,Kut Chap,410207,ตาลเลียน,Tan Lian,41250
3138,ภาคตะวันออกเฉียงเหนือ,41,อุดรธานี,Udon Thani,4103,หนองวัวซอ,Nong Wua So,410301,หมากหญ้า,Mak Ya,41360
3139,ภาคตะวันออกเฉียงเหนือ,41,อุดรธานี,Udon Thani,4103,หนองวัวซอ,Nong Wua So,410302,หนองอ้อ,Nong O,41220
3140,ภาคตะวันออกเฉียงเหนือ,41,อุดรธานี,Udon Thani,4103,หนองวัวซอ,Nong Wua So,410303,อูบมุง,Up Mung,41220
3141,ภาคตะวันออกเฉียงเหนือ,41,อุดรธานี,Udon Thani,4103,หนองวัวซอ,Nong Wua So,410304,กุดหมากไฟ,Kut Mak Fai,41220
3142,ภาคตะวันออกเฉียงเหนือ,41,อุดรธานี,Udon Thani,4103,หนองวัวซอ,Nong Wua So,410305,น้ำพ่น,Nam Phon,41360
3143,ภาคตะวันออกเฉียงเหนือ,41,อุดรธานี,Udon Thani,4103,หนองวัวซอ,Nong Wua So,410306,หนองบัวบาน,Nong Bua Ban,41360
3144,ภาคตะวันออกเฉียงเหนือ,41,อุดรธานี,Udon Thani,4103,หนองวัวซอ,Nong Wua So,410307,โนนหวาย,Non Wai,41220
3145,ภาคตะวันออกเฉียงเหนือ,41,อุดรธานี,Udon Thani,4103,หนองวัวซอ,Nong Wua So,410308,หนองวัวซอ,Nong Wua So,41360
3146,ภาคตะวันออกเฉียงเหนือ,41,อุดรธานี,Udon Thani,4104,กุมภวาปี,Kumphawapi,410401,ตูมใต้,Tum Tai,41110
3147,ภาคตะวันออกเฉียงเหนือ,41,อุดรธานี,Udon Thani,4104,กุมภวาปี,Kumphawapi,410402,พันดอน,Phan Don,41370
3148,ภาคตะวันออกเฉียงเหนือ,41,อุดรธานี,Udon Thani,4104,กุมภวาปี,Kumphawapi,410403,เวียงคำ,Wiang Kham,41110
3149,ภาคตะวันออกเฉียงเหนือ,41,อุดรธานี,Udon Thani,4104,กุมภวาปี,Kumphawapi,410404,แชแล,Chae Lae,41110
3150,ภาคตะวันออกเฉียงเหนือ,41,อุดรธานี,Udon Thani,4104,กุมภวาปี,Kumphawapi,410406,เชียงแหว,Chiang Wae,41110
3151,ภาคตะวันออกเฉียงเหนือ,41,อุดรธานี,Udon Thani,4104,กุมภวาปี,Kumphawapi,410407,ห้วยเกิ้ง,Huai Koeng,41110
3152,ภาคตะวันออกเฉียงเหนือ,41,อุดรธานี,Udon Thani,4104,กุมภวาปี,Kumphawapi,410409,เสอเพลอ,Soe Phloe,41370
3153,ภาคตะวันออกเฉียงเหนือ,41,อุดรธานี,Udon Thani,4104,กุมภวาปี,Kumphawapi,410410,สีออ,Si-O,41110
3154,ภาคตะวันออกเฉียงเหนือ,41,อุดรธานี,Udon Thani,4104,กุมภวาปี,Kumphawapi,410411,ปะโค,Pakho,41370
3155,ภาคตะวันออกเฉียงเหนือ,41,อุดรธานี,Udon Thani,4104,กุมภวาปี,Kumphawapi,410413,ผาสุก,Pha Suk,41370
3156,ภาคตะวันออกเฉียงเหนือ,41,อุดรธานี,Udon Thani,4104,กุมภวาปี,Kumphawapi,410414,ท่าลี่,Tha Li,41110
3157,ภาคตะวันออกเฉียงเหนือ,41,อุดรธานี,Udon Thani,4104,กุมภวาปี,Kumphawapi,410415,กุมภวาปี,Kumphawapi,41110
3158,ภาคตะวันออกเฉียงเหนือ,41,อุดรธานี,Udon Thani,4104,กุมภวาปี,Kumphawapi,410416,หนองหว้า,Nong Wa,41110
3159,ภาคตะวันออกเฉียงเหนือ,41,อุดรธานี,Udon Thani,4105,โนนสะอาด,Non Sa-At,410501,โนนสะอาด,Non Sa-At,41240
3160,ภาคตะวันออกเฉียงเหนือ,41,อุดรธานี,Udon Thani,4105,โนนสะอาด,Non Sa-At,410502,บุ่งแก้ว,Bung Kaeo,41240
3161,ภาคตะวันออกเฉียงเหนือ,41,อุดรธานี,Udon Thani,4105,โนนสะอาด,Non Sa-At,410503,โพธิ์ศรีสำราญ,Pho Si Samran,41240
3162,ภาคตะวันออกเฉียงเหนือ,41,อุดรธานี,Udon Thani,4105,โนนสะอาด,Non Sa-At,410504,ทมนางาม,Thom Na Ngam,41240
3163,ภาคตะวันออกเฉียงเหนือ,41,อุดรธานี,Udon Thani,4105,โนนสะอาด,Non Sa-At,410505,หนองกุงศรี,Nong Kung Si,41240
3164,ภาคตะวันออกเฉียงเหนือ,41,อุดรธานี,Udon Thani,4105,โนนสะอาด,Non Sa-At,410506,โคกกลาง,Khok Klang,41240
3165,ภาคตะวันออกเฉียงเหนือ,41,อุดรธานี,Udon Thani,4106,หนองหาน,Nong Saeng,410601,หนองหาน,Nong Han,41130
3166,ภาคตะวันออกเฉียงเหนือ,41,อุดรธานี,Udon Thani,4106,หนองหาน,Nong Saeng,410602,หนองเม็ก,Nong Mek,41130
3167,ภาคตะวันออกเฉียงเหนือ,41,อุดรธานี,Udon Thani,4106,หนองหาน,Nong Saeng,410605,พังงู,Phang Ngu,41130
3168,ภาคตะวันออกเฉียงเหนือ,41,อุดรธานี,Udon Thani,4106,หนองหาน,Nong Saeng,410606,สะแบง,Sabaeng,41130
3169,ภาคตะวันออกเฉียงเหนือ,41,อุดรธานี,Udon Thani,4106,หนองหาน,Nong Saeng,410607,สร้อยพร้าว,Soi Phrao,41130
3170,ภาคตะวันออกเฉียงเหนือ,41,อุดรธานี,Udon Thani,4106,หนองหาน,Nong Saeng,410609,บ้านเชียง,Ban Chiang,41320
3171,ภาคตะวันออกเฉียงเหนือ,41,อุดรธานี,Udon Thani,4106,หนองหาน,Nong Saeng,410610,บ้านยา,Ban Ya,41320
3172,ภาคตะวันออกเฉียงเหนือ,41,อุดรธานี,Udon Thani,4106,หนองหาน,Nong Saeng,410611,โพนงาม,Phon Ngam,41130
3173,ภาคตะวันออกเฉียงเหนือ,41,อุดรธานี,Udon Thani,4106,หนองหาน,Nong Saeng,410612,ผักตบ,Phak Top,41130
3174,ภาคตะวันออกเฉียงเหนือ,41,อุดรธานี,Udon Thani,4106,หนองหาน,Nong Saeng,410614,หนองไผ่,Nong Phai,41130
3175,ภาคตะวันออกเฉียงเหนือ,41,อุดรธานี,Udon Thani,4106,หนองหาน,Nong Saeng,410617,ดอนหายโศก,Don Hai Sok,41130
3176,ภาคตะวันออกเฉียงเหนือ,41,อุดรธานี,Udon Thani,4106,หนองหาน,Nong Saeng,410618,หนองสระปลา,Nong Sa Pla,41320
3177,ภาคตะวันออกเฉียงเหนือ,41,อุดรธานี,Udon Thani,4107,ทุ่งฝน,Thung Fon,410701,ทุ่งฝน,Thung Fon,41310
3178,ภาคตะวันออกเฉียงเหนือ,41,อุดรธานี,Udon Thani,4107,ทุ่งฝน,Thung Fon,410702,ทุ่งใหญ่,Thung Yai,41310
3179,ภาคตะวันออกเฉียงเหนือ,41,อุดรธานี,Udon Thani,4107,ทุ่งฝน,Thung Fon,410703,นาชุมแสง,Na Chum Saeng,41310
3180,ภาคตะวันออกเฉียงเหนือ,41,อุดรธานี,Udon Thani,4107,ทุ่งฝน,Thung Fon,410704,นาทม,Na Thom,41310
3181,ภาคตะวันออกเฉียงเหนือ,41,อุดรธานี,Udon Thani,4108,ไชยวาน,Chai Wan,410801,ไชยวาน,Chaiwan,41290
3182,ภาคตะวันออกเฉียงเหนือ,41,อุดรธานี,Udon Thani,4108,ไชยวาน,Chai Wan,410802,หนองหลัก,Nong Lak,41290
3183,ภาคตะวันออกเฉียงเหนือ,41,อุดรธานี,Udon Thani,4108,ไชยวาน,Chai Wan,410803,คำเลาะ,Kham Lo,41290
3184,ภาคตะวันออกเฉียงเหนือ,41,อุดรธานี,Udon Thani,4108,ไชยวาน,Chai Wan,410804,โพนสูง,Phon Sung,41290
3185,ภาคตะวันออกเฉียงเหนือ,41,อุดรธานี,Udon Thani,4109,ศรีธาตุ,Si That,410901,ศรีธาตุ,Si That,41230
3186,ภาคตะวันออกเฉียงเหนือ,41,อุดรธานี,Udon Thani,4109,ศรีธาตุ,Si That,410902,จำปี,Champi,41230
3187,ภาคตะวันออกเฉียงเหนือ,41,อุดรธานี,Udon Thani,4109,ศรีธาตุ,Si That,410903,บ้านโปร่ง,Ban Prong,41230
3188,ภาคตะวันออกเฉียงเหนือ,41,อุดรธานี,Udon Thani,4109,ศรีธาตุ,Si That,410904,หัวนาคำ,Hua Na Kham,41230
3189,ภาคตะวันออกเฉียงเหนือ,41,อุดรธานี,Udon Thani,4109,ศรีธาตุ,Si That,410905,หนองนกเขียน,Nong Nok Khian,41230
3190,ภาคตะวันออกเฉียงเหนือ,41,อุดรธานี,Udon Thani,4109,ศรีธาตุ,Si That,410906,นายูง,Na Yung,41230
3191,ภาคตะวันออกเฉียงเหนือ,41,อุดรธานี,Udon Thani,4109,ศรีธาตุ,Si That,410907,ตาดทอง,Tat Thong,41230
3192,ภาคตะวันออกเฉียงเหนือ,41,อุดรธานี,Udon Thani,4110,วังสามหมอ,Wang Sam Mo,411001,หนองกุงทับม้า,Nong Kung Thap Ma,41280
3193,ภาคตะวันออกเฉียงเหนือ,41,อุดรธานี,Udon Thani,4110,วังสามหมอ,Wang Sam Mo,411002,หนองหญ้าไซ,Nong Ya Sai,41280
3194,ภาคตะวันออกเฉียงเหนือ,41,อุดรธานี,Udon Thani,4110,วังสามหมอ,Wang Sam Mo,411003,บะยาว,Bayao,41280
3195,ภาคตะวันออกเฉียงเหนือ,41,อุดรธานี,Udon Thani,4110,วังสามหมอ,Wang Sam Mo,411004,ผาสุก,Pha Suk,41280
3196,ภาคตะวันออกเฉียงเหนือ,41,อุดรธานี,Udon Thani,4110,วังสามหมอ,Wang Sam Mo,411005,คำโคกสูง,Kham Khok Sung,41280
3197,ภาคตะวันออกเฉียงเหนือ,41,อุดรธานี,Udon Thani,4110,วังสามหมอ,Wang Sam Mo,411006,วังสามหมอ,Wang Sam Mo,41280
3198,ภาคตะวันออกเฉียงเหนือ,41,อุดรธานี,Udon Thani,4111,บ้านดุง,Ban Dung,411101,ศรีสุทโธ,Si Suttho,41190
3199,ภาคตะวันออกเฉียงเหนือ,41,อุดรธานี,Udon Thani,4111,บ้านดุง,Ban Dung,411102,บ้านดุง,Ban Dung,41190
3200,ภาคตะวันออกเฉียงเหนือ,41,อุดรธานี,Udon Thani,4111,บ้านดุง,Ban Dung,411103,ดงเย็น,Dong Yen,41190
3201,ภาคตะวันออกเฉียงเหนือ,41,อุดรธานี,Udon Thani,4111,บ้านดุง,Ban Dung,411104,โพนสูง,Phon Sung,41190
3202,ภาคตะวันออกเฉียงเหนือ,41,อุดรธานี,Udon Thani,4111,บ้านดุง,Ban Dung,411105,อ้อมกอ,Om Ko,41190
3203,ภาคตะวันออกเฉียงเหนือ,41,อุดรธานี,Udon Thani,4111,บ้านดุง,Ban Dung,411106,บ้านจันทน์,Ban Chan,41190
3204,ภาคตะวันออกเฉียงเหนือ,41,อุดรธานี,Udon Thani,4111,บ้านดุง,Ban Dung,411107,บ้านชัย,Ban Chai,41190
3205,ภาคตะวันออกเฉียงเหนือ,41,อุดรธานี,Udon Thani,4111,บ้านดุง,Ban Dung,411108,นาไหม,Na Mai,41190
3206,ภาคตะวันออกเฉียงเหนือ,41,อุดรธานี,Udon Thani,4111,บ้านดุง,Ban Dung,411109,ถ่อนนาลับ,Thon Na Lap,41190
3207,ภาคตะวันออกเฉียงเหนือ,41,อุดรธานี,Udon Thani,4111,บ้านดุง,Ban Dung,411110,วังทอง,Wang Thong,41190
3208,ภาคตะวันออกเฉียงเหนือ,41,อุดรธานี,Udon Thani,4111,บ้านดุง,Ban Dung,411111,บ้านม่วง,Ban Muang,41190
3209,ภาคตะวันออกเฉียงเหนือ,41,อุดรธานี,Udon Thani,4111,บ้านดุง,Ban Dung,411112,บ้านตาด,Ban Tat,41190
3210,ภาคตะวันออกเฉียงเหนือ,41,อุดรธานี,Udon Thani,4111,บ้านดุง,Ban Dung,411113,นาคำ,Na Kham,41190
3211,ภาคตะวันออกเฉียงเหนือ,41,อุดรธานี,Udon Thani,4117,บ้านผือ,Ban Phue,411701,บ้านผือ,Ban Phue,41160
3212,ภาคตะวันออกเฉียงเหนือ,41,อุดรธานี,Udon Thani,4117,บ้านผือ,Ban Phue,411702,หายโศก,Hai Sok,41160
3213,ภาคตะวันออกเฉียงเหนือ,41,อุดรธานี,Udon Thani,4117,บ้านผือ,Ban Phue,411703,เขือน้ำ,Khuea Nam,41160
3214,ภาคตะวันออกเฉียงเหนือ,41,อุดรธานี,Udon Thani,4117,บ้านผือ,Ban Phue,411704,คำบง,Kham Bong,41160
3215,ภาคตะวันออกเฉียงเหนือ,41,อุดรธานี,Udon Thani,4117,บ้านผือ,Ban Phue,411705,โนนทอง,Non Thong,41160
3216,ภาคตะวันออกเฉียงเหนือ,41,อุดรธานี,Udon Thani,4117,บ้านผือ,Ban Phue,411706,ข้าวสาร,Khao San,41160
3217,ภาคตะวันออกเฉียงเหนือ,41,อุดรธานี,Udon Thani,4117,บ้านผือ,Ban Phue,411707,จำปาโมง,Champa Mok,41160
3218,ภาคตะวันออกเฉียงเหนือ,41,อุดรธานี,Udon Thani,4117,บ้านผือ,Ban Phue,411708,กลางใหญ่,Klang Yai,41160
3219,ภาคตะวันออกเฉียงเหนือ,41,อุดรธานี,Udon Thani,4117,บ้านผือ,Ban Phue,411709,เมืองพาน,Mueang Phan,41160
3220,ภาคตะวันออกเฉียงเหนือ,41,อุดรธานี,Udon Thani,4117,บ้านผือ,Ban Phue,411710,คำด้วง,Kham Duang,41160
3221,ภาคตะวันออกเฉียงเหนือ,41,อุดรธานี,Udon Thani,4117,บ้านผือ,Ban Phue,411711,หนองหัวคู,Nong Hua Khu,41160
3222,ภาคตะวันออกเฉียงเหนือ,41,อุดรธานี,Udon Thani,4117,บ้านผือ,Ban Phue,411712,บ้านค้อ,Ban Kho,41160
3223,ภาคตะวันออกเฉียงเหนือ,41,อุดรธานี,Udon Thani,4117,บ้านผือ,Ban Phue,411713,หนองแวง,Nong Waeng,41160
3224,ภาคตะวันออกเฉียงเหนือ,41,อุดรธานี,Udon Thani,4118,น้ำโสม,Nam Som,411801,นางัว,Na Ngua,41210
3225,ภาคตะวันออกเฉียงเหนือ,41,อุดรธานี,Udon Thani,4118,น้ำโสม,Nam Som,411802,น้ำโสม,Nam Som,41210
3226,ภาคตะวันออกเฉียงเหนือ,41,อุดรธานี,Udon Thani,4118,น้ำโสม,Nam Som,411805,หนองแวง,Nong Waeng,41210
3227,ภาคตะวันออกเฉียงเหนือ,41,อุดรธานี,Udon Thani,4118,น้ำโสม,Nam Som,411806,บ้านหยวก,Ban Yuak,41210
3228,ภาคตะวันออกเฉียงเหนือ,41,อุดรธานี,Udon Thani,4118,น้ำโสม,Nam Som,411807,โสมเยี่ยม,Som Yiam,41210
3229,ภาคตะวันออกเฉียงเหนือ,41,อุดรธานี,Udon Thani,4118,น้ำโสม,Nam Som,411810,ศรีสำราญ,Si Samran,41210
3230,ภาคตะวันออกเฉียงเหนือ,41,อุดรธานี,Udon Thani,4118,น้ำโสม,Nam Som,411812,สามัคคี,Samakkhi,41210
3231,ภาคตะวันออกเฉียงเหนือ,41,อุดรธานี,Udon Thani,4119,เพ็ญ,Phen,411901,เพ็ญ,Phen,41150
3232,ภาคตะวันออกเฉียงเหนือ,41,อุดรธานี,Udon Thani,4119,เพ็ญ,Phen,411902,บ้านธาตุ,Ban That,41150
3233,ภาคตะวันออกเฉียงเหนือ,41,อุดรธานี,Udon Thani,4119,เพ็ญ,Phen,411903,นาพู่,Na Phu,41150
3234,ภาคตะวันออกเฉียงเหนือ,41,อุดรธานี,Udon Thani,4119,เพ็ญ,Phen,411904,เชียงหวาง,Chiang Wang,41150
3235,ภาคตะวันออกเฉียงเหนือ,41,อุดรธานี,Udon Thani,4119,เพ็ญ,Phen,411905,สุมเส้า,Sum Sao,41150
3236,ภาคตะวันออกเฉียงเหนือ,41,อุดรธานี,Udon Thani,4119,เพ็ญ,Phen,411906,นาบัว,Na Bua,41150
3237,ภาคตะวันออกเฉียงเหนือ,41,อุดรธานี,Udon Thani,4119,เพ็ญ,Phen,411907,บ้านเหล่า,Ban Lao,41150
3238,ภาคตะวันออกเฉียงเหนือ,41,อุดรธานี,Udon Thani,4119,เพ็ญ,Phen,411908,จอมศรี,Chom Si,41150
3239,ภาคตะวันออกเฉียงเหนือ,41,อุดรธานี,Udon Thani,4119,เพ็ญ,Phen,411909,เตาไห,Tao Hai,41150
3240,ภาคตะวันออกเฉียงเหนือ,41,อุดรธานี,Udon Thani,4119,เพ็ญ,Phen,411910,โคกกลาง,Khok Klang,41150
3241,ภาคตะวันออกเฉียงเหนือ,41,อุดรธานี,Udon Thani,4119,เพ็ญ,Phen,411911,สร้างแป้น,Sang Paen,41150
3242,ภาคตะวันออกเฉียงเหนือ,41,อุดรธานี,Udon Thani,4120,สร้างคอม,Sang Khom,412001,สร้างคอม,Sang Khom,41260
3243,ภาคตะวันออกเฉียงเหนือ,41,อุดรธานี,Udon Thani,4120,สร้างคอม,Sang Khom,412002,เชียงดา,Chiang Da,41260
3244,ภาคตะวันออกเฉียงเหนือ,41,อุดรธานี,Udon Thani,4120,สร้างคอม,Sang Khom,412003,บ้านยวด,Ban Yuat,41260
3245,ภาคตะวันออกเฉียงเหนือ,41,อุดรธานี,Udon Thani,4120,สร้างคอม,Sang Khom,412004,บ้านโคก,Ban Khok,41260
3246,ภาคตะวันออกเฉียงเหนือ,41,อุดรธานี,Udon Thani,4120,สร้างคอม,Sang Khom,412005,นาสะอาด,Na Sa-At,41260
3247,ภาคตะวันออกเฉียงเหนือ,41,อุดรธานี,Udon Thani,4120,สร้างคอม,Sang Khom,412006,บ้านหินโงม,Ban Hin Ngom,41260
3248,ภาคตะวันออกเฉียงเหนือ,41,อุดรธานี,Udon Thani,4121,หนองแสง,Nong Saeng,412101,หนองแสง,Nong Saeng,41340
3249,ภาคตะวันออกเฉียงเหนือ,41,อุดรธานี,Udon Thani,4121,หนองแสง,Nong Saeng,412102,แสงสว่าง,Saeng Sawang,41340
3250,ภาคตะวันออกเฉียงเหนือ,41,อุดรธานี,Udon Thani,4121,หนองแสง,Nong Saeng,412103,นาดี,Na Di,41340
3251,ภาคตะวันออกเฉียงเหนือ,41,อุดรธานี,Udon Thani,4121,หนองแสง,Nong Saeng,412104,ทับกุง,Thap Kung,41340
3252,ภาคตะวันออกเฉียงเหนือ,41,อุดรธานี,Udon Thani,4122,นายูง,Na Yung,412201,นายูง,Na Yung,41380
3253,ภาคตะวันออกเฉียงเหนือ,41,อุดรธานี,Udon Thani,4122,นายูง,Na Yung,412202,บ้านก้อง,Ban Kong,41380
3254,ภาคตะวันออกเฉียงเหนือ,41,อุดรธานี,Udon Thani,4122,นายูง,Na Yung,412203,นาแค,Na Khae,41380
3255,ภาคตะวันออกเฉียงเหนือ,41,อุดรธานี,Udon Thani,4122,นายูง,Na Yung,412204,โนนทอง,Non Thong,41380
3256,ภาคตะวันออกเฉียงเหนือ,41,อุดรธานี,Udon Thani,4123,พิบูลย์รักษ์,Phibun Rak,412301,บ้านแดง,Ban Daeng,41130
3257,ภาคตะวันออกเฉียงเหนือ,41,อุดรธานี,Udon Thani,4123,พิบูลย์รักษ์,Phibun Rak,412302,นาทราย,Na Sai,41130
3258,ภาคตะวันออกเฉียงเหนือ,41,อุดรธานี,Udon Thani,4123,พิบูลย์รักษ์,Phibun Rak,412303,ดอนกลอย,Don Kloi,41130
3259,ภาคตะวันออกเฉียงเหนือ,41,อุดรธานี,Udon Thani,4124,กู่แก้ว,Ku Kaeo,412401,บ้านจีต,Ban Chiet,41130
3260,ภาคตะวันออกเฉียงเหนือ,41,อุดรธานี,Udon Thani,4124,กู่แก้ว,Ku Kaeo,412402,โนนทองอินทร์,Non Thong In,41130
3261,ภาคตะวันออกเฉียงเหนือ,41,อุดรธานี,Udon Thani,4124,กู่แก้ว,Ku Kaeo,412403,ค้อใหญ่,Kho Yai,41130
3262,ภาคตะวันออกเฉียงเหนือ,41,อุดรธานี,Udon Thani,4124,กู่แก้ว,Ku Kaeo,412404,คอนสาย,Khon Sai,41130
3263,ภาคตะวันออกเฉียงเหนือ,41,อุดรธานี,Udon Thani,4125,ประจักษ์ศิลปาคม,Prachaksinlapakhom,412501,นาม่วง,Na Muang,41110
3264,ภาคตะวันออกเฉียงเหนือ,41,อุดรธานี,Udon Thani,4125,ประจักษ์ศิลปาคม,Prachaksinlapakhom,412502,ห้วยสามพาด,Huai Sam Phat,41110
3265,ภาคตะวันออกเฉียงเหนือ,41,อุดรธานี,Udon Thani,4125,ประจักษ์ศิลปาคม,Prachaksinlapakhom,412503,อุ่มจาน,Um Chan,41110
3266,ภาคตะวันออกเฉียงเหนือ,42,เลย,Loei,4201,เมืองเลย,Mueang Loei,420101,กุดป่อง,Kut Pong,42000
3267,ภาคตะวันออกเฉียงเหนือ,42,เลย,Loei,4201,เมืองเลย,Mueang Loei,420102,เมือง,Mueang,42000
3268,ภาคตะวันออกเฉียงเหนือ,42,เลย,Loei,4201,เมืองเลย,Mueang Loei,420103,นาอ้อ,Na O,42100
3269,ภาคตะวันออกเฉียงเหนือ,42,เลย,Loei,4201,เมืองเลย,Mueang Loei,420104,กกดู่,Kok Du,42000
3270,ภาคตะวันออกเฉียงเหนือ,42,เลย,Loei,4201,เมืองเลย,Mueang Loei,420105,น้ำหมาน,Nam Man,42000
3271,ภาคตะวันออกเฉียงเหนือ,42,เลย,Loei,4201,เมืองเลย,Mueang Loei,420106,เสี้ยว,Siao,42000
3272,ภาคตะวันออกเฉียงเหนือ,42,เลย,Loei,4201,เมืองเลย,Mueang Loei,420107,นาอาน,Na An,42000
3273,ภาคตะวันออกเฉียงเหนือ,42,เลย,Loei,4201,เมืองเลย,Mueang Loei,420108,นาโป่ง,Na Pong,42000
3274,ภาคตะวันออกเฉียงเหนือ,42,เลย,Loei,4201,เมืองเลย,Mueang Loei,420109,นาดินดำ,Na Din Dam,42000
3275,ภาคตะวันออกเฉียงเหนือ,42,เลย,Loei,4201,เมืองเลย,Mueang Loei,420110,น้ำสวย,Nam Suai,42000
3276,ภาคตะวันออกเฉียงเหนือ,42,เลย,Loei,4201,เมืองเลย,Mueang Loei,420111,ชัยพฤกษ์,Chaiyaphruek,42000
3277,ภาคตะวันออกเฉียงเหนือ,42,เลย,Loei,4201,เมืองเลย,Mueang Loei,420112,นาแขม,Na Khaem,42000
3278,ภาคตะวันออกเฉียงเหนือ,42,เลย,Loei,4201,เมืองเลย,Mueang Loei,420113,ศรีสองรัก,Si Song Rak,42100
3279,ภาคตะวันออกเฉียงเหนือ,42,เลย,Loei,4201,เมืองเลย,Mueang Loei,420114,กกทอง,Kok Thong,42000
3280,ภาคตะวันออกเฉียงเหนือ,42,เลย,Loei,4202,นาด้วง,Na Duang,420201,นาด้วง,Na Duang,42210
3281,ภาคตะวันออกเฉียงเหนือ,42,เลย,Loei,4202,นาด้วง,Na Duang,420202,นาดอกคำ,Na Dok Kham,42210
3282,ภาคตะวันออกเฉียงเหนือ,42,เลย,Loei,4202,นาด้วง,Na Duang,420203,ท่าสะอาด,Tha Sa-At,42210
3283,ภาคตะวันออกเฉียงเหนือ,42,เลย,Loei,4202,นาด้วง,Na Duang,420204,ท่าสวรรค์,Tha Sawan,42210
3284,ภาคตะวันออกเฉียงเหนือ,42,เลย,Loei,4203,เชียงคาน,Chiang Khan,420301,เชียงคาน,Chiang Khan,42110
3285,ภาคตะวันออกเฉียงเหนือ,42,เลย,Loei,4203,เชียงคาน,Chiang Khan,420302,ธาตุ,That,42110
3286,ภาคตะวันออกเฉียงเหนือ,42,เลย,Loei,4203,เชียงคาน,Chiang Khan,420303,นาซ่าว,Na Sao,42110
3287,ภาคตะวันออกเฉียงเหนือ,42,เลย,Loei,4203,เชียงคาน,Chiang Khan,420304,เขาแก้ว,Khao Kaeo,42110
3288,ภาคตะวันออกเฉียงเหนือ,42,เลย,Loei,4203,เชียงคาน,Chiang Khan,420305,ปากตม,Pak Tom,42110
3289,ภาคตะวันออกเฉียงเหนือ,42,เลย,Loei,4203,เชียงคาน,Chiang Khan,420306,บุฮม,Bu Hom,42110
3290,ภาคตะวันออกเฉียงเหนือ,42,เลย,Loei,4203,เชียงคาน,Chiang Khan,420307,จอมศรี,Chom Si,42110
3291,ภาคตะวันออกเฉียงเหนือ,42,เลย,Loei,4203,เชียงคาน,Chiang Khan,420308,หาดทรายขาว,Hat Sai Khao,42110
3292,ภาคตะวันออกเฉียงเหนือ,42,เลย,Loei,4204,ปากชม,Pak Chom,420401,ปากชม,Pak Chom,42150
3293,ภาคตะวันออกเฉียงเหนือ,42,เลย,Loei,4204,ปากชม,Pak Chom,420402,เชียงกลม,Chiang Klom,42150
3294,ภาคตะวันออกเฉียงเหนือ,42,เลย,Loei,4204,ปากชม,Pak Chom,420403,หาดคัมภีร์,Hat Khamphi,42150
3295,ภาคตะวันออกเฉียงเหนือ,42,เลย,Loei,4204,ปากชม,Pak Chom,420404,ห้วยบ่อซืน,Huai Bo Suen,42150
3296,ภาคตะวันออกเฉียงเหนือ,42,เลย,Loei,4204,ปากชม,Pak Chom,420405,ห้วยพิชัย,Huai Phichai,42150
3297,ภาคตะวันออกเฉียงเหนือ,42,เลย,Loei,4204,ปากชม,Pak Chom,420406,ชมเจริญ,Chom Charoen,42150
3298,ภาคตะวันออกเฉียงเหนือ,42,เลย,Loei,4205,ด่านซ้าย,Dan Sai,420501,ด่านซ้าย,Dan Sai,42120
3299,ภาคตะวันออกเฉียงเหนือ,42,เลย,Loei,4205,ด่านซ้าย,Dan Sai,420502,ปากหมัน,Pak Man,42120
3300,ภาคตะวันออกเฉียงเหนือ,42,เลย,Loei,4205,ด่านซ้าย,Dan Sai,420503,นาดี,Na Di,42120
3301,ภาคตะวันออกเฉียงเหนือ,42,เลย,Loei,4205,ด่านซ้าย,Dan Sai,420504,โคกงาม,Khok Ngam,42120
3302,ภาคตะวันออกเฉียงเหนือ,42,เลย,Loei,4205,ด่านซ้าย,Dan Sai,420505,โพนสูง,Phon Sung,42120
3303,ภาคตะวันออกเฉียงเหนือ,42,เลย,Loei,4205,ด่านซ้าย,Dan Sai,420506,อิปุ่ม,I Pum,42120
3304,ภาคตะวันออกเฉียงเหนือ,42,เลย,Loei,4205,ด่านซ้าย,Dan Sai,420507,กกสะทอน,Kok Sathon,42120
3305,ภาคตะวันออกเฉียงเหนือ,42,เลย,Loei,4205,ด่านซ้าย,Dan Sai,420508,โป่ง,Pong,42120
3306,ภาคตะวันออกเฉียงเหนือ,42,เลย,Loei,4205,ด่านซ้าย,Dan Sai,420509,วังยาว,Wang Yao,42120
3307,ภาคตะวันออกเฉียงเหนือ,42,เลย,Loei,4205,ด่านซ้าย,Dan Sai,420510,นาหอ,Na Ho,42120
3308,ภาคตะวันออกเฉียงเหนือ,42,เลย,Loei,4206,นาแห้ว,Na Haeo,420601,นาแห้ว,Na Haeo,42170
3309,ภาคตะวันออกเฉียงเหนือ,42,เลย,Loei,4206,นาแห้ว,Na Haeo,420602,แสงภา,Saeng Pha,42170
3310,ภาคตะวันออกเฉียงเหนือ,42,เลย,Loei,4206,นาแห้ว,Na Haeo,420603,นาพึง,Na Phueng,42170
3311,ภาคตะวันออกเฉียงเหนือ,42,เลย,Loei,4206,นาแห้ว,Na Haeo,420604,นามาลา,Na Mala,42170
3312,ภาคตะวันออกเฉียงเหนือ,42,เลย,Loei,4206,นาแห้ว,Na Haeo,420605,เหล่ากอหก,Lao Ko Hok,42170
3313,ภาคตะวันออกเฉียงเหนือ,42,เลย,Loei,4207,ภูเรือ,Phu Ruea,420701,หนองบัว,Nong Bua,42160
3314,ภาคตะวันออกเฉียงเหนือ,42,เลย,Loei,4207,ภูเรือ,Phu Ruea,420702,ท่าศาลา,Tha Sala,42160
3315,ภาคตะวันออกเฉียงเหนือ,42,เลย,Loei,4207,ภูเรือ,Phu Ruea,420703,ร่องจิก,Rong Chik,42160
3316,ภาคตะวันออกเฉียงเหนือ,42,เลย,Loei,4207,ภูเรือ,Phu Ruea,420704,ปลาบ่า,Pla Ba,42160
3317,ภาคตะวันออกเฉียงเหนือ,42,เลย,Loei,4207,ภูเรือ,Phu Ruea,420705,ลาดค่าง,Lat Khang,42160
3318,ภาคตะวันออกเฉียงเหนือ,42,เลย,Loei,4207,ภูเรือ,Phu Ruea,420706,สานตม,Santom,42160
3319,ภาคตะวันออกเฉียงเหนือ,42,เลย,Loei,4208,ท่าลี่,Tha Li,420801,ท่าลี่,Tha Li,42140
3320,ภาคตะวันออกเฉียงเหนือ,42,เลย,Loei,4208,ท่าลี่,Tha Li,420802,หนองผือ,Nong Phue,42140
3321,ภาคตะวันออกเฉียงเหนือ,42,เลย,Loei,4208,ท่าลี่,Tha Li,420803,อาฮี,A Hi,42140
3322,ภาคตะวันออกเฉียงเหนือ,42,เลย,Loei,4208,ท่าลี่,Tha Li,420804,น้ำแคม,Nam Khaem,42140
3323,ภาคตะวันออกเฉียงเหนือ,42,เลย,Loei,4208,ท่าลี่,Tha Li,420805,โคกใหญ่,Khok Yai,42140
3324,ภาคตะวันออกเฉียงเหนือ,42,เลย,Loei,4208,ท่าลี่,Tha Li,420806,น้ำทูน,Nam Thun,42140
3325,ภาคตะวันออกเฉียงเหนือ,42,เลย,Loei,4209,วังสะพุง,Wang Saphung,420901,วังสะพุง,Wang Saphung,42130
3326,ภาคตะวันออกเฉียงเหนือ,42,เลย,Loei,4209,วังสะพุง,Wang Saphung,420902,ทรายขาว,Sai Khao,42130
3327,ภาคตะวันออกเฉียงเหนือ,42,เลย,Loei,4209,วังสะพุง,Wang Saphung,420903,หนองหญ้าปล้อง,Nong Ya Plong,42130
3328,ภาคตะวันออกเฉียงเหนือ,42,เลย,Loei,4209,วังสะพุง,Wang Saphung,420904,หนองงิ้ว,Nong Ngio,42130
3329,ภาคตะวันออกเฉียงเหนือ,42,เลย,Loei,4209,วังสะพุง,Wang Saphung,420905,ปากปวน,Pak Puan,42130
3330,ภาคตะวันออกเฉียงเหนือ,42,เลย,Loei,4209,วังสะพุง,Wang Saphung,420906,ผาน้อย,Pha Noi,42130
3331,ภาคตะวันออกเฉียงเหนือ,42,เลย,Loei,4209,วังสะพุง,Wang Saphung,420910,ผาบิ้ง,Pha Bing,42130
3332,ภาคตะวันออกเฉียงเหนือ,42,เลย,Loei,4209,วังสะพุง,Wang Saphung,420911,เขาหลวง,Khao Luang,42130
3333,ภาคตะวันออกเฉียงเหนือ,42,เลย,Loei,4209,วังสะพุง,Wang Saphung,420912,โคกขมิ้น,Khok Khamin,42130
3334,ภาคตะวันออกเฉียงเหนือ,42,เลย,Loei,4209,วังสะพุง,Wang Saphung,420913,ศรีสงคราม,Si Songkhram,42130
3335,ภาคตะวันออกเฉียงเหนือ,42,เลย,Loei,4210,ภูกระดึง,Phu Kradueng,421001,ศรีฐาน,Si Than,42180
3336,ภาคตะวันออกเฉียงเหนือ,42,เลย,Loei,4210,ภูกระดึง,Phu Kradueng,421005,ผานกเค้า,Pha Nok Khao,42180
3337,ภาคตะวันออกเฉียงเหนือ,42,เลย,Loei,4210,ภูกระดึง,Phu Kradueng,421007,ภูกระดึง,Phu Kradueng,42180
3338,ภาคตะวันออกเฉียงเหนือ,42,เลย,Loei,4210,ภูกระดึง,Phu Kradueng,421010,ห้วยส้ม,Huai Som,42180
3339,ภาคตะวันออกเฉียงเหนือ,42,เลย,Loei,4211,ภูหลวง,Phu Luang,421101,ภูหอ,Phu Ho,42230
3340,ภาคตะวันออกเฉียงเหนือ,42,เลย,Loei,4211,ภูหลวง,Phu Luang,421102,หนองคัน,Nong Khan,42230
3341,ภาคตะวันออกเฉียงเหนือ,42,เลย,Loei,4211,ภูหลวง,Phu Luang,421104,ห้วยสีเสียด,Huai Si Siat,42230
3342,ภาคตะวันออกเฉียงเหนือ,42,เลย,Loei,4211,ภูหลวง,Phu Luang,421105,เลยวังไสย์,Loei Wang Sai,42230
3343,ภาคตะวันออกเฉียงเหนือ,42,เลย,Loei,4211,ภูหลวง,Phu Luang,421106,แก่งศรีภูมิ,Kaeng Si Phum,42230
3344,ภาคตะวันออกเฉียงเหนือ,42,เลย,Loei,4212,ผาขาว,Pha Khao,421201,ผาขาว,Pha Khao,42240
3345,ภาคตะวันออกเฉียงเหนือ,42,เลย,Loei,4212,ผาขาว,Pha Khao,421202,ท่าช้างคล้อง,Tha Chang Khlong,42240
3346,ภาคตะวันออกเฉียงเหนือ,42,เลย,Loei,4212,ผาขาว,Pha Khao,421203,โนนปอแดง,Non Po Daeng,42240
3347,ภาคตะวันออกเฉียงเหนือ,42,เลย,Loei,4212,ผาขาว,Pha Khao,421204,โนนป่าซาง,Non Pa Sang,42240
3348,ภาคตะวันออกเฉียงเหนือ,42,เลย,Loei,4212,ผาขาว,Pha Khao,421205,บ้านเพิ่ม,Ban Phoem,42240
3349,ภาคตะวันออกเฉียงเหนือ,42,เลย,Loei,4213,เอราวัณ,Erawan,421301,เอราวัณ,Erawan,42220
3350,ภาคตะวันออกเฉียงเหนือ,42,เลย,Loei,4213,เอราวัณ,Erawan,421302,ผาอินทร์แปลง,Pha In Plaeng,42220
3351,ภาคตะวันออกเฉียงเหนือ,42,เลย,Loei,4213,เอราวัณ,Erawan,421303,ผาสามยอด,Pha Sam Yot,42220
3352,ภาคตะวันออกเฉียงเหนือ,42,เลย,Loei,4213,เอราวัณ,Erawan,421304,ทรัพย์ไพวัลย์,Sap Phaiwan,42220
3353,ภาคตะวันออกเฉียงเหนือ,42,เลย,Loei,4214,หนองหิน,Nong Hin,421401,หนองหิน,Nong Hin,42190
3354,ภาคตะวันออกเฉียงเหนือ,42,เลย,Loei,4214,หนองหิน,Nong Hin,421402,ตาดข่า,Tat Kha,42190
3355,ภาคตะวันออกเฉียงเหนือ,42,เลย,Loei,4214,หนองหิน,Nong Hin,421403,ปวนพุ,Puan Phu,42190
3356,ภาคตะวันออกเฉียงเหนือ,43,หนองคาย,Nong Khai,4301,เมืองหนองคาย,Mueang Nong Khai,430101,ในเมือง,Nai Mueang,43000
3357,ภาคตะวันออกเฉียงเหนือ,43,หนองคาย,Nong Khai,4301,เมืองหนองคาย,Mueang Nong Khai,430102,มีชัย,Mi Chai,43000
3358,ภาคตะวันออกเฉียงเหนือ,43,หนองคาย,Nong Khai,4301,เมืองหนองคาย,Mueang Nong Khai,430103,โพธิ์ชัย,Pho Chai,43000
3359,ภาคตะวันออกเฉียงเหนือ,43,หนองคาย,Nong Khai,4301,เมืองหนองคาย,Mueang Nong Khai,430104,กวนวัน,Kuan Wan,43000
3360,ภาคตะวันออกเฉียงเหนือ,43,หนองคาย,Nong Khai,4301,เมืองหนองคาย,Mueang Nong Khai,430105,เวียงคุก,Wiang Khuk,43000
3361,ภาคตะวันออกเฉียงเหนือ,43,หนองคาย,Nong Khai,4301,เมืองหนองคาย,Mueang Nong Khai,430106,วัดธาตุ,Wat That,43000
3362,ภาคตะวันออกเฉียงเหนือ,43,หนองคาย,Nong Khai,4301,เมืองหนองคาย,Mueang Nong Khai,430107,หาดคำ,Hat Kham,43000
3363,ภาคตะวันออกเฉียงเหนือ,43,หนองคาย,Nong Khai,4301,เมืองหนองคาย,Mueang Nong Khai,430108,หินโงม,Hin Ngom,43000
3364,ภาคตะวันออกเฉียงเหนือ,43,หนองคาย,Nong Khai,4301,เมืองหนองคาย,Mueang Nong Khai,430109,บ้านเดื่อ,Ban Duea,43000
3365,ภาคตะวันออกเฉียงเหนือ,43,หนองคาย,Nong Khai,4301,เมืองหนองคาย,Mueang Nong Khai,430110,ค่ายบกหวาน,Khai Bok Wan,43100
3366,ภาคตะวันออกเฉียงเหนือ,43,หนองคาย,Nong Khai,4301,เมืองหนองคาย,Mueang Nong Khai,430111,โพนสว่าง,Phon Sawang,43100
3367,ภาคตะวันออกเฉียงเหนือ,43,หนองคาย,Nong Khai,4301,เมืองหนองคาย,Mueang Nong Khai,430113,พระธาตุบังพวน,Phrathat Bang Phuan,43100
3368,ภาคตะวันออกเฉียงเหนือ,43,หนองคาย,Nong Khai,4301,เมืองหนองคาย,Mueang Nong Khai,430116,หนองกอมเกาะ,Nong Kom Ko,43000
3369,ภาคตะวันออกเฉียงเหนือ,43,หนองคาย,Nong Khai,4301,เมืองหนองคาย,Mueang Nong Khai,430117,ปะโค,Pakho,43000
3370,ภาคตะวันออกเฉียงเหนือ,43,หนองคาย,Nong Khai,4301,เมืองหนองคาย,Mueang Nong Khai,430118,เมืองหมี,Mueang Mi,43000
3371,ภาคตะวันออกเฉียงเหนือ,43,หนองคาย,Nong Khai,4301,เมืองหนองคาย,Mueang Nong Khai,430119,สีกาย,Si Kai,43000
3372,ภาคตะวันออกเฉียงเหนือ,43,หนองคาย,Nong Khai,4302,ท่าบ่อ,Tha Bo,430201,ท่าบ่อ,Tha Bo,43110
3373,ภาคตะวันออกเฉียงเหนือ,43,หนองคาย,Nong Khai,4302,ท่าบ่อ,Tha Bo,430202,น้ำโมง,Nam Mong,43110
3374,ภาคตะวันออกเฉียงเหนือ,43,หนองคาย,Nong Khai,4302,ท่าบ่อ,Tha Bo,430203,กองนาง,Kong Nang,43110
3375,ภาคตะวันออกเฉียงเหนือ,43,หนองคาย,Nong Khai,4302,ท่าบ่อ,Tha Bo,430204,โคกคอน,Khok Khon,43110
3376,ภาคตะวันออกเฉียงเหนือ,43,หนองคาย,Nong Khai,4302,ท่าบ่อ,Tha Bo,430205,บ้านเดื่อ,Ban Duea,43110
3377,ภาคตะวันออกเฉียงเหนือ,43,หนองคาย,Nong Khai,4302,ท่าบ่อ,Tha Bo,430206,บ้านถ่อน,Ban Thon,43110
3378,ภาคตะวันออกเฉียงเหนือ,43,หนองคาย,Nong Khai,4302,ท่าบ่อ,Tha Bo,430207,บ้านว่าน,Ban Wan,43110
3379,ภาคตะวันออกเฉียงเหนือ,43,หนองคาย,Nong Khai,4302,ท่าบ่อ,Tha Bo,430208,นาข่า,Nakha,43110
3380,ภาคตะวันออกเฉียงเหนือ,43,หนองคาย,Nong Khai,4302,ท่าบ่อ,Tha Bo,430209,โพนสา,Phon Sa,43110
3381,ภาคตะวันออกเฉียงเหนือ,43,หนองคาย,Nong Khai,4302,ท่าบ่อ,Tha Bo,430210,หนองนาง,Nong Nang,43110
3382,ภาคตะวันออกเฉียงเหนือ,43,หนองคาย,Nong Khai,4305,โพนพิสัย,Phon Phisai,430501,จุมพล,Chum Phon,43120
3383,ภาคตะวันออกเฉียงเหนือ,43,หนองคาย,Nong Khai,4305,โพนพิสัย,Phon Phisai,430502,วัดหลวง,Wat Luang,43120
3384,ภาคตะวันออกเฉียงเหนือ,43,หนองคาย,Nong Khai,4305,โพนพิสัย,Phon Phisai,430503,กุดบง,Kut Bong,43120
3385,ภาคตะวันออกเฉียงเหนือ,43,หนองคาย,Nong Khai,4305,โพนพิสัย,Phon Phisai,430504,ชุมช้าง,Chum Chang,43120
3386,ภาคตะวันออกเฉียงเหนือ,43,หนองคาย,Nong Khai,4305,โพนพิสัย,Phon Phisai,430506,ทุ่งหลวง,Thung Luang,43120
3387,ภาคตะวันออกเฉียงเหนือ,43,หนองคาย,Nong Khai,4305,โพนพิสัย,Phon Phisai,430507,เหล่าต่างคำ,Lao Tang Kham,43120
3388,ภาคตะวันออกเฉียงเหนือ,43,หนองคาย,Nong Khai,4305,โพนพิสัย,Phon Phisai,430508,นาหนัง,Na Nang,43120
3389,ภาคตะวันออกเฉียงเหนือ,43,หนองคาย,Nong Khai,4305,โพนพิสัย,Phon Phisai,430509,เซิม,Some,43120
3390,ภาคตะวันออกเฉียงเหนือ,43,หนองคาย,Nong Khai,4305,โพนพิสัย,Phon Phisai,430513,บ้านโพธิ์,Ban Pho,43120
3391,ภาคตะวันออกเฉียงเหนือ,43,หนองคาย,Nong Khai,4305,โพนพิสัย,Phon Phisai,430521,บ้านผือ,Ban Phue,43120
3392,ภาคตะวันออกเฉียงเหนือ,43,หนองคาย,Nong Khai,4305,โพนพิสัย,Phon Phisai,430522,สร้างนางขาว,Sang Nang Khao,43120
3393,ภาคตะวันออกเฉียงเหนือ,43,หนองคาย,Nong Khai,4307,ศรีเชียงใหม่,Si Chiang Mai,430701,พานพร้าว,Phan Phrao,43130
3394,ภาคตะวันออกเฉียงเหนือ,43,หนองคาย,Nong Khai,4307,ศรีเชียงใหม่,Si Chiang Mai,430703,บ้านหม้อ,Ban Mo,43130
3395,ภาคตะวันออกเฉียงเหนือ,43,หนองคาย,Nong Khai,4307,ศรีเชียงใหม่,Si Chiang Mai,430704,พระพุทธบาท,Phraphutthabat,43130
3396,ภาคตะวันออกเฉียงเหนือ,43,หนองคาย,Nong Khai,4307,ศรีเชียงใหม่,Si Chiang Mai,430705,หนองปลาปาก,Nong Pla Pak,43130
3397,ภาคตะวันออกเฉียงเหนือ,43,หนองคาย,Nong Khai,4308,สังคม,Sangkhom,430801,แก้งไก่,Kaeng Kai,43160
3398,ภาคตะวันออกเฉียงเหนือ,43,หนองคาย,Nong Khai,4308,สังคม,Sangkhom,430802,ผาตั้ง,Pha Tang,43160
3399,ภาคตะวันออกเฉียงเหนือ,43,หนองคาย,Nong Khai,4308,สังคม,Sangkhom,430803,บ้านม่วง,Ban Muang,43160
3400,ภาคตะวันออกเฉียงเหนือ,43,หนองคาย,Nong Khai,4308,สังคม,Sangkhom,430804,นางิ้ว,Na Ngio,43160
3401,ภาคตะวันออกเฉียงเหนือ,43,หนองคาย,Nong Khai,4308,สังคม,Sangkhom,430805,สังคม,Sangkhom,43160
3402,ภาคตะวันออกเฉียงเหนือ,43,หนองคาย,Nong Khai,4314,สระใคร,Sakhrai,431401,สระใคร,Sa Khrai,43100
3403,ภาคตะวันออกเฉียงเหนือ,43,หนองคาย,Nong Khai,4314,สระใคร,Sakhrai,431402,คอกช้าง,Khok Chang,43100
3404,ภาคตะวันออกเฉียงเหนือ,43,หนองคาย,Nong Khai,4314,สระใคร,Sakhrai,431403,บ้านฝาง,Ban Fang,43100
3405,ภาคตะวันออกเฉียงเหนือ,43,หนองคาย,Nong Khai,4315,เฝ้าไร่,Fao Rai,431501,เฝ้าไร่,Fao Rai,43120
3406,ภาคตะวันออกเฉียงเหนือ,43,หนองคาย,Nong Khai,4315,เฝ้าไร่,Fao Rai,431502,นาดี,Na Di,43120
3407,ภาคตะวันออกเฉียงเหนือ,43,หนองคาย,Nong Khai,4315,เฝ้าไร่,Fao Rai,431503,หนองหลวง,Nong Luang,43120
3408,ภาคตะวันออกเฉียงเหนือ,43,หนองคาย,Nong Khai,4315,เฝ้าไร่,Fao Rai,431504,วังหลวง,Wang Luang,43120
3409,ภาคตะวันออกเฉียงเหนือ,43,หนองคาย,Nong Khai,4315,เฝ้าไร่,Fao Rai,431505,อุดมพร,Udom Phon,43120
3410,ภาคตะวันออกเฉียงเหนือ,43,หนองคาย,Nong Khai,4316,รัตนวาปี,Rattanawapi,431601,รัตนวาปี,Rattana Wapi,43120
3411,ภาคตะวันออกเฉียงเหนือ,43,หนองคาย,Nong Khai,4316,รัตนวาปี,Rattanawapi,431602,นาทับไฮ,Na Thap Hai,43120
3412,ภาคตะวันออกเฉียงเหนือ,43,หนองคาย,Nong Khai,4316,รัตนวาปี,Rattanawapi,431603,บ้านต้อน,Ban Ton,43120
3413,ภาคตะวันออกเฉียงเหนือ,43,หนองคาย,Nong Khai,4316,รัตนวาปี,Rattanawapi,431604,พระบาทนาสิงห์,Phrabat Na Sing,43120
3414,ภาคตะวันออกเฉียงเหนือ,43,หนองคาย,Nong Khai,4316,รัตนวาปี,Rattanawapi,431605,โพนแพง,Phon Phaeng,43120
3415,ภาคตะวันออกเฉียงเหนือ,43,หนองคาย,Nong Khai,4317,โพธิ์ตาก,Pho Tak,431701,โพธิ์ตาก,Pho Tak,43130
3416,ภาคตะวันออกเฉียงเหนือ,43,หนองคาย,Nong Khai,4317,โพธิ์ตาก,Pho Tak,431702,โพนทอง,Phon Thong,43130
3417,ภาคตะวันออกเฉียงเหนือ,43,หนองคาย,Nong Khai,4317,โพธิ์ตาก,Pho Tak,431703,ด่านศรีสุข,Dan Si Suk,43130
3418,ภาคตะวันออกเฉียงเหนือ,44,มหาสารคาม,Maha Sarakham,4401,เมืองมหาสารคาม,Mueang Maha Sarakham,440101,ตลาด,Talat,44000
3419,ภาคตะวันออกเฉียงเหนือ,44,มหาสารคาม,Maha Sarakham,4401,เมืองมหาสารคาม,Mueang Maha Sarakham,440102,เขวา,Khewa,44000
3420,ภาคตะวันออกเฉียงเหนือ,44,มหาสารคาม,Maha Sarakham,4401,เมืองมหาสารคาม,Mueang Maha Sarakham,440103,ท่าตูม,Tha Tum,44000
3421,ภาคตะวันออกเฉียงเหนือ,44,มหาสารคาม,Maha Sarakham,4401,เมืองมหาสารคาม,Mueang Maha Sarakham,440104,แวงน่าง,Waeng Nang,44000
3422,ภาคตะวันออกเฉียงเหนือ,44,มหาสารคาม,Maha Sarakham,4401,เมืองมหาสารคาม,Mueang Maha Sarakham,440105,โคกก่อ,Khok Ko,44000
3423,ภาคตะวันออกเฉียงเหนือ,44,มหาสารคาม,Maha Sarakham,4401,เมืองมหาสารคาม,Mueang Maha Sarakham,440106,ดอนหว่าน,Don Wan,44000
3424,ภาคตะวันออกเฉียงเหนือ,44,มหาสารคาม,Maha Sarakham,4401,เมืองมหาสารคาม,Mueang Maha Sarakham,440107,เกิ้ง,Koeng,44000
3425,ภาคตะวันออกเฉียงเหนือ,44,มหาสารคาม,Maha Sarakham,4401,เมืองมหาสารคาม,Mueang Maha Sarakham,440108,แก่งเลิงจาน,Kaeng Loeng Chan,44000
3426,ภาคตะวันออกเฉียงเหนือ,44,มหาสารคาม,Maha Sarakham,4401,เมืองมหาสารคาม,Mueang Maha Sarakham,440109,ท่าสองคอน,Tha Song Khon,44000
3427,ภาคตะวันออกเฉียงเหนือ,44,มหาสารคาม,Maha Sarakham,4401,เมืองมหาสารคาม,Mueang Maha Sarakham,440110,ลาดพัฒนา,Lat Phatthana,44000
3428,ภาคตะวันออกเฉียงเหนือ,44,มหาสารคาม,Maha Sarakham,4401,เมืองมหาสารคาม,Mueang Maha Sarakham,440111,หนองปลิง,Nong Pling,44000
3429,ภาคตะวันออกเฉียงเหนือ,44,มหาสารคาม,Maha Sarakham,4401,เมืองมหาสารคาม,Mueang Maha Sarakham,440112,ห้วยแอ่ง,Huai Aeng,44000
3430,ภาคตะวันออกเฉียงเหนือ,44,มหาสารคาม,Maha Sarakham,4401,เมืองมหาสารคาม,Mueang Maha Sarakham,440113,หนองโน,Nong No,44000
3431,ภาคตะวันออกเฉียงเหนือ,44,มหาสารคาม,Maha Sarakham,4401,เมืองมหาสารคาม,Mueang Maha Sarakham,440114,บัวค้อ,Bua Kho,44000
3432,ภาคตะวันออกเฉียงเหนือ,44,มหาสารคาม,Maha Sarakham,4402,แกดำ,Kae Dam,440201,แกดำ,Kae Dam,44190
3433,ภาคตะวันออกเฉียงเหนือ,44,มหาสารคาม,Maha Sarakham,4402,แกดำ,Kae Dam,440202,วังแสง,Wang Saeng,44190
3434,ภาคตะวันออกเฉียงเหนือ,44,มหาสารคาม,Maha Sarakham,4402,แกดำ,Kae Dam,440203,มิตรภาพ,Mittraphap,44190
3435,ภาคตะวันออกเฉียงเหนือ,44,มหาสารคาม,Maha Sarakham,4402,แกดำ,Kae Dam,440204,หนองกุง,Nong Kung,44190
3436,ภาคตะวันออกเฉียงเหนือ,44,มหาสารคาม,Maha Sarakham,4402,แกดำ,Kae Dam,440205,โนนภิบาล,Non Phiban,44190
3437,ภาคตะวันออกเฉียงเหนือ,44,มหาสารคาม,Maha Sarakham,4403,โกสุมพิสัย,Kosum Phisai,440301,หัวขวาง,Hua Khwang,44140
3438,ภาคตะวันออกเฉียงเหนือ,44,มหาสารคาม,Maha Sarakham,4403,โกสุมพิสัย,Kosum Phisai,440302,ยางน้อย,Yang Noi,44140
3439,ภาคตะวันออกเฉียงเหนือ,44,มหาสารคาม,Maha Sarakham,4403,โกสุมพิสัย,Kosum Phisai,440303,วังยาว,Wang Yao,44140
3440,ภาคตะวันออกเฉียงเหนือ,44,มหาสารคาม,Maha Sarakham,4403,โกสุมพิสัย,Kosum Phisai,440304,เขวาไร่,Khewa Rai,44140
3441,ภาคตะวันออกเฉียงเหนือ,44,มหาสารคาม,Maha Sarakham,4403,โกสุมพิสัย,Kosum Phisai,440305,แพง,Phaeng,44140
3442,ภาคตะวันออกเฉียงเหนือ,44,มหาสารคาม,Maha Sarakham,4403,โกสุมพิสัย,Kosum Phisai,440306,แก้งแก,Kaeng Kae,44140
3443,ภาคตะวันออกเฉียงเหนือ,44,มหาสารคาม,Maha Sarakham,4403,โกสุมพิสัย,Kosum Phisai,440307,หนองเหล็ก,Nong Lek,44140
3444,ภาคตะวันออกเฉียงเหนือ,44,มหาสารคาม,Maha Sarakham,4403,โกสุมพิสัย,Kosum Phisai,440308,หนองบัว,Nong Bua,44140
3445,ภาคตะวันออกเฉียงเหนือ,44,มหาสารคาม,Maha Sarakham,4403,โกสุมพิสัย,Kosum Phisai,440309,เหล่า,Lao,44140
3446,ภาคตะวันออกเฉียงเหนือ,44,มหาสารคาม,Maha Sarakham,4403,โกสุมพิสัย,Kosum Phisai,440310,เขื่อน,Khuean,44140
3447,ภาคตะวันออกเฉียงเหนือ,44,มหาสารคาม,Maha Sarakham,4403,โกสุมพิสัย,Kosum Phisai,440311,หนองบอน,Nong Bon,44140
3448,ภาคตะวันออกเฉียงเหนือ,44,มหาสารคาม,Maha Sarakham,4403,โกสุมพิสัย,Kosum Phisai,440312,โพนงาม,Phon Ngam,44140
3449,ภาคตะวันออกเฉียงเหนือ,44,มหาสารคาม,Maha Sarakham,4403,โกสุมพิสัย,Kosum Phisai,440313,ยางท่าแจ้ง,Yang Tha Chaeng,44140
3450,ภาคตะวันออกเฉียงเหนือ,44,มหาสารคาม,Maha Sarakham,4403,โกสุมพิสัย,Kosum Phisai,440314,แห่ใต้,Hae Tai,44140
3451,ภาคตะวันออกเฉียงเหนือ,44,มหาสารคาม,Maha Sarakham,4403,โกสุมพิสัย,Kosum Phisai,440315,หนองกุงสวรรค์,Nong Kung Sawan,44140
3452,ภาคตะวันออกเฉียงเหนือ,44,มหาสารคาม,Maha Sarakham,4403,โกสุมพิสัย,Kosum Phisai,440316,เลิงใต้,Loeng Tai,44140
3453,ภาคตะวันออกเฉียงเหนือ,44,มหาสารคาม,Maha Sarakham,4403,โกสุมพิสัย,Kosum Phisai,440317,ดอนกลาง,Don Klang,44140
3454,ภาคตะวันออกเฉียงเหนือ,44,มหาสารคาม,Maha Sarakham,4404,กันทรวิชัย,Kantharawichai,440401,โคกพระ,Khok Phra,44150
3455,ภาคตะวันออกเฉียงเหนือ,44,มหาสารคาม,Maha Sarakham,4404,กันทรวิชัย,Kantharawichai,440402,คันธารราษฎร์,Khan Than Rat,44150
3456,ภาคตะวันออกเฉียงเหนือ,44,มหาสารคาม,Maha Sarakham,4404,กันทรวิชัย,Kantharawichai,440403,มะค่า,Makha,44150
3457,ภาคตะวันออกเฉียงเหนือ,44,มหาสารคาม,Maha Sarakham,4404,กันทรวิชัย,Kantharawichai,440404,ท่าขอนยาง,Tha Khon Yang,44150
3458,ภาคตะวันออกเฉียงเหนือ,44,มหาสารคาม,Maha Sarakham,4404,กันทรวิชัย,Kantharawichai,440405,นาสีนวน,Na Si Nuan,44150
3459,ภาคตะวันออกเฉียงเหนือ,44,มหาสารคาม,Maha Sarakham,4404,กันทรวิชัย,Kantharawichai,440406,ขามเรียง,Kham Riang,44150
3460,ภาคตะวันออกเฉียงเหนือ,44,มหาสารคาม,Maha Sarakham,4404,กันทรวิชัย,Kantharawichai,440407,เขวาใหญ่,Khewa Yai,44150
3461,ภาคตะวันออกเฉียงเหนือ,44,มหาสารคาม,Maha Sarakham,4404,กันทรวิชัย,Kantharawichai,440408,ศรีสุข,Si Suk,44150
3462,ภาคตะวันออกเฉียงเหนือ,44,มหาสารคาม,Maha Sarakham,4404,กันทรวิชัย,Kantharawichai,440409,กุดใส้จ่อ,Kut Sai Cho,44150
3463,ภาคตะวันออกเฉียงเหนือ,44,มหาสารคาม,Maha Sarakham,4404,กันทรวิชัย,Kantharawichai,440410,ขามเฒ่าพัฒนา,Kham Thao Phatthana,44150
3464,ภาคตะวันออกเฉียงเหนือ,44,มหาสารคาม,Maha Sarakham,4405,เชียงยืน,Chiang Yuen,440501,เชียงยืน,Chiang Yuen,44160
3465,ภาคตะวันออกเฉียงเหนือ,44,มหาสารคาม,Maha Sarakham,4405,เชียงยืน,Chiang Yuen,440503,หนองซอน,Nong Son,44160
3466,ภาคตะวันออกเฉียงเหนือ,44,มหาสารคาม,Maha Sarakham,4405,เชียงยืน,Chiang Yuen,440505,ดอนเงิน,Don Ngoen,44160
3467,ภาคตะวันออกเฉียงเหนือ,44,มหาสารคาม,Maha Sarakham,4405,เชียงยืน,Chiang Yuen,440506,กู่ทอง,Ku Thong,44160
3468,ภาคตะวันออกเฉียงเหนือ,44,มหาสารคาม,Maha Sarakham,4405,เชียงยืน,Chiang Yuen,440507,นาทอง,Na Thong,44160
3469,ภาคตะวันออกเฉียงเหนือ,44,มหาสารคาม,Maha Sarakham,4405,เชียงยืน,Chiang Yuen,440508,เสือเฒ่า,Suea Thao,44160
3470,ภาคตะวันออกเฉียงเหนือ,44,มหาสารคาม,Maha Sarakham,4405,เชียงยืน,Chiang Yuen,440511,โพนทอง,Phon Thong,44160
3471,ภาคตะวันออกเฉียงเหนือ,44,มหาสารคาม,Maha Sarakham,4405,เชียงยืน,Chiang Yuen,440512,เหล่าบัวบาน,Lao Bua Ban,44160
3472,ภาคตะวันออกเฉียงเหนือ,44,มหาสารคาม,Maha Sarakham,4406,บรบือ,Borabue,440601,บรบือ,Borabue,44130
3473,ภาคตะวันออกเฉียงเหนือ,44,มหาสารคาม,Maha Sarakham,4406,บรบือ,Borabue,440602,บ่อใหญ่,Bo Yai,44130
3474,ภาคตะวันออกเฉียงเหนือ,44,มหาสารคาม,Maha Sarakham,4406,บรบือ,Borabue,440604,วังไชย,Wang Chai,44130
3475,ภาคตะวันออกเฉียงเหนือ,44,มหาสารคาม,Maha Sarakham,4406,บรบือ,Borabue,440605,หนองม่วง,Nong Muang,44130
3476,ภาคตะวันออกเฉียงเหนือ,44,มหาสารคาม,Maha Sarakham,4406,บรบือ,Borabue,440606,กำพี้,Kamphi,44130
3477,ภาคตะวันออกเฉียงเหนือ,44,มหาสารคาม,Maha Sarakham,4406,บรบือ,Borabue,440607,โนนราษี,Non Rasi,44130
3478,ภาคตะวันออกเฉียงเหนือ,44,มหาสารคาม,Maha Sarakham,4406,บรบือ,Borabue,440608,โนนแดง,Non Daeng,44130
3479,ภาคตะวันออกเฉียงเหนือ,44,มหาสารคาม,Maha Sarakham,4406,บรบือ,Borabue,440610,หนองจิก,Nong Chik,44130
3480,ภาคตะวันออกเฉียงเหนือ,44,มหาสารคาม,Maha Sarakham,4406,บรบือ,Borabue,440611,บัวมาศ,Bua Mat,44130
3481,ภาคตะวันออกเฉียงเหนือ,44,มหาสารคาม,Maha Sarakham,4406,บรบือ,Borabue,440613,หนองคูขาด,Nong Khu Khat,44130
3482,ภาคตะวันออกเฉียงเหนือ,44,มหาสารคาม,Maha Sarakham,4406,บรบือ,Borabue,440615,วังใหม่,Wang Mai,44130
3483,ภาคตะวันออกเฉียงเหนือ,44,มหาสารคาม,Maha Sarakham,4406,บรบือ,Borabue,440616,ยาง,Yang,44130
3484,ภาคตะวันออกเฉียงเหนือ,44,มหาสารคาม,Maha Sarakham,4406,บรบือ,Borabue,440618,หนองสิม,Nong Sim,44130
3485,ภาคตะวันออกเฉียงเหนือ,44,มหาสารคาม,Maha Sarakham,4406,บรบือ,Borabue,440619,หนองโก,Nong Ko,44130
3486,ภาคตะวันออกเฉียงเหนือ,44,มหาสารคาม,Maha Sarakham,4406,บรบือ,Borabue,440620,ดอนงัว,Don Ngua,44130
3487,ภาคตะวันออกเฉียงเหนือ,44,มหาสารคาม,Maha Sarakham,4407,นาเชือก,Na Chueak,440701,นาเชือก,Na Chueak,44170
3488,ภาคตะวันออกเฉียงเหนือ,44,มหาสารคาม,Maha Sarakham,4407,นาเชือก,Na Chueak,440702,สำโรง,Samrong,44170
3489,ภาคตะวันออกเฉียงเหนือ,44,มหาสารคาม,Maha Sarakham,4407,นาเชือก,Na Chueak,440703,หนองแดง,Nong Daeng,44170
3490,ภาคตะวันออกเฉียงเหนือ,44,มหาสารคาม,Maha Sarakham,4407,นาเชือก,Na Chueak,440704,เขวาไร่,Khewa Rai,44170
3491,ภาคตะวันออกเฉียงเหนือ,44,มหาสารคาม,Maha Sarakham,4407,นาเชือก,Na Chueak,440705,หนองโพธิ์,Nong Pho,44170
3492,ภาคตะวันออกเฉียงเหนือ,44,มหาสารคาม,Maha Sarakham,4407,นาเชือก,Na Chueak,440706,ปอพาน,Po Phan,44170
3493,ภาคตะวันออกเฉียงเหนือ,44,มหาสารคาม,Maha Sarakham,4407,นาเชือก,Na Chueak,440707,หนองเม็ก,Nong Mek,44170
3494,ภาคตะวันออกเฉียงเหนือ,44,มหาสารคาม,Maha Sarakham,4407,นาเชือก,Na Chueak,440708,หนองเรือ,Nong Ruea,44170
3495,ภาคตะวันออกเฉียงเหนือ,44,มหาสารคาม,Maha Sarakham,4407,นาเชือก,Na Chueak,440709,หนองกุง,Nong Kung,44170
3496,ภาคตะวันออกเฉียงเหนือ,44,มหาสารคาม,Maha Sarakham,4407,นาเชือก,Na Chueak,440710,สันป่าตอง,San Patong,44170
3497,ภาคตะวันออกเฉียงเหนือ,44,มหาสารคาม,Maha Sarakham,4408,พยัคฆภูมิพิสัย,Phayakkhaphum Phisai,440801,ปะหลาน,Palan,44110
3498,ภาคตะวันออกเฉียงเหนือ,44,มหาสารคาม,Maha Sarakham,4408,พยัคฆภูมิพิสัย,Phayakkhaphum Phisai,440802,ก้ามปู,Kam Pu,44110
3499,ภาคตะวันออกเฉียงเหนือ,44,มหาสารคาม,Maha Sarakham,4408,พยัคฆภูมิพิสัย,Phayakkhaphum Phisai,440803,เวียงสะอาด,Wiang Sa-At,44110
3500,ภาคตะวันออกเฉียงเหนือ,44,มหาสารคาม,Maha Sarakham,4408,พยัคฆภูมิพิสัย,Phayakkhaphum Phisai,440804,เม็กดำ,Mek Dam,44110
3501,ภาคตะวันออกเฉียงเหนือ,44,มหาสารคาม,Maha Sarakham,4408,พยัคฆภูมิพิสัย,Phayakkhaphum Phisai,440805,นาสีนวล,Na Si Nuan,44110
3502,ภาคตะวันออกเฉียงเหนือ,44,มหาสารคาม,Maha Sarakham,4408,พยัคฆภูมิพิสัย,Phayakkhaphum Phisai,440809,ราษฎร์เจริญ,Rat Charoen,44110
3503,ภาคตะวันออกเฉียงเหนือ,44,มหาสารคาม,Maha Sarakham,4408,พยัคฆภูมิพิสัย,Phayakkhaphum Phisai,440810,หนองบัวแก้ว,Nong Bua Kaeo,44110
3504,ภาคตะวันออกเฉียงเหนือ,44,มหาสารคาม,Maha Sarakham,4408,พยัคฆภูมิพิสัย,Phayakkhaphum Phisai,440812,เมืองเตา,Mueang Tao,44110
3505,ภาคตะวันออกเฉียงเหนือ,44,มหาสารคาม,Maha Sarakham,4408,พยัคฆภูมิพิสัย,Phayakkhaphum Phisai,440815,ลานสะแก,Lan Sakae,44110
3506,ภาคตะวันออกเฉียงเหนือ,44,มหาสารคาม,Maha Sarakham,4408,พยัคฆภูมิพิสัย,Phayakkhaphum Phisai,440816,เวียงชัย,Wiang Chai,44110
3507,ภาคตะวันออกเฉียงเหนือ,44,มหาสารคาม,Maha Sarakham,4408,พยัคฆภูมิพิสัย,Phayakkhaphum Phisai,440817,หนองบัว,Nong Bua,44110
3508,ภาคตะวันออกเฉียงเหนือ,44,มหาสารคาม,Maha Sarakham,4408,พยัคฆภูมิพิสัย,Phayakkhaphum Phisai,440818,ราษฎร์พัฒนา,Rat Phatthana,44110
3509,ภาคตะวันออกเฉียงเหนือ,44,มหาสารคาม,Maha Sarakham,4408,พยัคฆภูมิพิสัย,Phayakkhaphum Phisai,440819,เมืองเสือ,Mueang Suea,44110
3510,ภาคตะวันออกเฉียงเหนือ,44,มหาสารคาม,Maha Sarakham,4408,พยัคฆภูมิพิสัย,Phayakkhaphum Phisai,440820,ภารแอ่น,Phara-Aen,44110
3511,ภาคตะวันออกเฉียงเหนือ,44,มหาสารคาม,Maha Sarakham,4409,วาปีปทุม,Wapi Pathum,440901,หนองแสง,Nong Saeng,44120
3512,ภาคตะวันออกเฉียงเหนือ,44,มหาสารคาม,Maha Sarakham,4409,วาปีปทุม,Wapi Pathum,440902,ขามป้อม,Kham Pom,44120
3513,ภาคตะวันออกเฉียงเหนือ,44,มหาสารคาม,Maha Sarakham,4409,วาปีปทุม,Wapi Pathum,440903,เสือโก้ก,Suea Kok,44120
3514,ภาคตะวันออกเฉียงเหนือ,44,มหาสารคาม,Maha Sarakham,4409,วาปีปทุม,Wapi Pathum,440904,ดงใหญ่,Dong Yai,44120
3515,ภาคตะวันออกเฉียงเหนือ,44,มหาสารคาม,Maha Sarakham,4409,วาปีปทุม,Wapi Pathum,440905,โพธิ์ชัย,Pho Chai,44120
3516,ภาคตะวันออกเฉียงเหนือ,44,มหาสารคาม,Maha Sarakham,4409,วาปีปทุม,Wapi Pathum,440906,หัวเรือ,Hua Ruea,44120
3517,ภาคตะวันออกเฉียงเหนือ,44,มหาสารคาม,Maha Sarakham,4409,วาปีปทุม,Wapi Pathum,440907,แคน,Khaen,44120
3518,ภาคตะวันออกเฉียงเหนือ,44,มหาสารคาม,Maha Sarakham,4409,วาปีปทุม,Wapi Pathum,440908,งัวบา,Ngua Ba,44120
3519,ภาคตะวันออกเฉียงเหนือ,44,มหาสารคาม,Maha Sarakham,4409,วาปีปทุม,Wapi Pathum,440909,นาข่า,Nakha,44120
3520,ภาคตะวันออกเฉียงเหนือ,44,มหาสารคาม,Maha Sarakham,4409,วาปีปทุม,Wapi Pathum,440910,บ้านหวาย,Ban Wai,44120
3521,ภาคตะวันออกเฉียงเหนือ,44,มหาสารคาม,Maha Sarakham,4409,วาปีปทุม,Wapi Pathum,440911,หนองไฮ,Nong Hai,44120
3522,ภาคตะวันออกเฉียงเหนือ,44,มหาสารคาม,Maha Sarakham,4409,วาปีปทุม,Wapi Pathum,440912,ประชาพัฒนา,Pracha Phatthana,44120
3523,ภาคตะวันออกเฉียงเหนือ,44,มหาสารคาม,Maha Sarakham,4409,วาปีปทุม,Wapi Pathum,440913,หนองทุ่ม,Nong Thum,44120
3524,ภาคตะวันออกเฉียงเหนือ,44,มหาสารคาม,Maha Sarakham,4409,วาปีปทุม,Wapi Pathum,440914,หนองแสน,Nong Saen,44120
3525,ภาคตะวันออกเฉียงเหนือ,44,มหาสารคาม,Maha Sarakham,4409,วาปีปทุม,Wapi Pathum,440915,โคกสีทองหลาง,Khok Si Thong Lang,44120
3526,ภาคตะวันออกเฉียงเหนือ,44,มหาสารคาม,Maha Sarakham,4410,นาดูน,Na Dun,441001,นาดูน,Na Dun,44180
3527,ภาคตะวันออกเฉียงเหนือ,44,มหาสารคาม,Maha Sarakham,4410,นาดูน,Na Dun,441002,หนองไผ่,Nong Phai,44180
3528,ภาคตะวันออกเฉียงเหนือ,44,มหาสารคาม,Maha Sarakham,4410,นาดูน,Na Dun,441003,หนองคู,Nong Khu,44180
3529,ภาคตะวันออกเฉียงเหนือ,44,มหาสารคาม,Maha Sarakham,4410,นาดูน,Na Dun,441004,ดงบัง,Dong Bang,44180
3530,ภาคตะวันออกเฉียงเหนือ,44,มหาสารคาม,Maha Sarakham,4410,นาดูน,Na Dun,441005,ดงดวน,Dong Duan,44180
3531,ภาคตะวันออกเฉียงเหนือ,44,มหาสารคาม,Maha Sarakham,4410,นาดูน,Na Dun,441006,หัวดง,Hua Dong,44180
3532,ภาคตะวันออกเฉียงเหนือ,44,มหาสารคาม,Maha Sarakham,4410,นาดูน,Na Dun,441007,ดงยาง,Dong Yang,44180
3533,ภาคตะวันออกเฉียงเหนือ,44,มหาสารคาม,Maha Sarakham,4410,นาดูน,Na Dun,441008,กู่สันตรัตน์,Ku Santarat,44180
3534,ภาคตะวันออกเฉียงเหนือ,44,มหาสารคาม,Maha Sarakham,4410,นาดูน,Na Dun,441009,พระธาตุ,Phrathat,44180
3535,ภาคตะวันออกเฉียงเหนือ,44,มหาสารคาม,Maha Sarakham,4411,ยางสีสุราช,Yang Sisurat,441101,ยางสีสุราช,Yang Sisurat,44210
3536,ภาคตะวันออกเฉียงเหนือ,44,มหาสารคาม,Maha Sarakham,4411,ยางสีสุราช,Yang Sisurat,441102,นาภู,Na Phu,44210
3537,ภาคตะวันออกเฉียงเหนือ,44,มหาสารคาม,Maha Sarakham,4411,ยางสีสุราช,Yang Sisurat,441103,แวงดง,Waeng Dong,44210
3538,ภาคตะวันออกเฉียงเหนือ,44,มหาสารคาม,Maha Sarakham,4411,ยางสีสุราช,Yang Sisurat,441104,บ้านกู่,Ban Ku,44210
3539,ภาคตะวันออกเฉียงเหนือ,44,มหาสารคาม,Maha Sarakham,4411,ยางสีสุราช,Yang Sisurat,441105,ดงเมือง,Dong Mueang,44210
3540,ภาคตะวันออกเฉียงเหนือ,44,มหาสารคาม,Maha Sarakham,4411,ยางสีสุราช,Yang Sisurat,441106,สร้างแซ่ง,Kham Rian,44210
3541,ภาคตะวันออกเฉียงเหนือ,44,มหาสารคาม,Maha Sarakham,4411,ยางสีสุราช,Yang Sisurat,441107,หนองบัวสันตุ,Nong Bua Santu,44210
3542,ภาคตะวันออกเฉียงเหนือ,44,มหาสารคาม,Maha Sarakham,4412,กุดรัง,Kut Rang,441201,กุดรัง,Kut Rang,44130
3543,ภาคตะวันออกเฉียงเหนือ,44,มหาสารคาม,Maha Sarakham,4412,กุดรัง,Kut Rang,441202,นาโพธิ์,Na Pho,44130
3544,ภาคตะวันออกเฉียงเหนือ,44,มหาสารคาม,Maha Sarakham,4412,กุดรัง,Kut Rang,441203,เลิงแฝก,Loeng Faek,44130
3545,ภาคตะวันออกเฉียงเหนือ,44,มหาสารคาม,Maha Sarakham,4412,กุดรัง,Kut Rang,441204,หนองแวง,Nong Waeng,44130
3546,ภาคตะวันออกเฉียงเหนือ,44,มหาสารคาม,Maha Sarakham,4412,กุดรัง,Kut Rang,441205,ห้วยเตย,Huai Toei,44130
3547,ภาคตะวันออกเฉียงเหนือ,44,มหาสารคาม,Maha Sarakham,4413,ชื่นชม,Chuen Chom,441301,ชื่นชม,Chuen Chom,44160
3548,ภาคตะวันออกเฉียงเหนือ,44,มหาสารคาม,Maha Sarakham,4413,ชื่นชม,Chuen Chom,441302,กุดปลาดุก,Kut Pla Duk,44160
3549,ภาคตะวันออกเฉียงเหนือ,44,มหาสารคาม,Maha Sarakham,4413,ชื่นชม,Chuen Chom,441303,เหล่าดอกไม้,Lao Dokmai,44160
3550,ภาคตะวันออกเฉียงเหนือ,44,มหาสารคาม,Maha Sarakham,4413,ชื่นชม,Chuen Chom,441304,หนองกุง,Nong Kung,44160
3551,ภาคตะวันออกเฉียงเหนือ,45,ร้อยเอ็ด,Roi Et,4501,เมืองร้อยเอ็ด,Mueang Roi Et,450101,ในเมือง,Nai Mueang,45000
3552,ภาคตะวันออกเฉียงเหนือ,45,ร้อยเอ็ด,Roi Et,4501,เมืองร้อยเอ็ด,Mueang Roi Et,450102,รอบเมือง,Rop Mueang,45000
3553,ภาคตะวันออกเฉียงเหนือ,45,ร้อยเอ็ด,Roi Et,4501,เมืองร้อยเอ็ด,Mueang Roi Et,450103,เหนือเมือง,Nuea Mueang,45000
3554,ภาคตะวันออกเฉียงเหนือ,45,ร้อยเอ็ด,Roi Et,4501,เมืองร้อยเอ็ด,Mueang Roi Et,450104,ขอนแก่น,Khon Kaen,45000
3555,ภาคตะวันออกเฉียงเหนือ,45,ร้อยเอ็ด,Roi Et,4501,เมืองร้อยเอ็ด,Mueang Roi Et,450105,นาโพธิ์,Na Pho,45000
3556,ภาคตะวันออกเฉียงเหนือ,45,ร้อยเอ็ด,Roi Et,4501,เมืองร้อยเอ็ด,Mueang Roi Et,450106,สะอาดสมบูรณ์,Sa-At Sombun,45000
3557,ภาคตะวันออกเฉียงเหนือ,45,ร้อยเอ็ด,Roi Et,4501,เมืองร้อยเอ็ด,Mueang Roi Et,450108,สีแก้ว,Si Kaeo,45000
3558,ภาคตะวันออกเฉียงเหนือ,45,ร้อยเอ็ด,Roi Et,4501,เมืองร้อยเอ็ด,Mueang Roi Et,450109,ปอภาร,Po Phan,45000
3559,ภาคตะวันออกเฉียงเหนือ,45,ร้อยเอ็ด,Roi Et,4501,เมืองร้อยเอ็ด,Mueang Roi Et,450110,โนนรัง,Non Rang,45000
3560,ภาคตะวันออกเฉียงเหนือ,45,ร้อยเอ็ด,Roi Et,4501,เมืองร้อยเอ็ด,Mueang Roi Et,450117,หนองแก้ว,Nong Kaeo,45000
3561,ภาคตะวันออกเฉียงเหนือ,45,ร้อยเอ็ด,Roi Et,4501,เมืองร้อยเอ็ด,Mueang Roi Et,450118,หนองแวง,Nong Waeng,45000
3562,ภาคตะวันออกเฉียงเหนือ,45,ร้อยเอ็ด,Roi Et,4501,เมืองร้อยเอ็ด,Mueang Roi Et,450120,ดงลาน,Dong Lan,45000
3563,ภาคตะวันออกเฉียงเหนือ,45,ร้อยเอ็ด,Roi Et,4501,เมืองร้อยเอ็ด,Mueang Roi Et,450123,แคนใหญ่,Khaen Yai,45000
3564,ภาคตะวันออกเฉียงเหนือ,45,ร้อยเอ็ด,Roi Et,4501,เมืองร้อยเอ็ด,Mueang Roi Et,450124,โนนตาล,Non Tan,45000
3565,ภาคตะวันออกเฉียงเหนือ,45,ร้อยเอ็ด,Roi Et,4501,เมืองร้อยเอ็ด,Mueang Roi Et,450125,เมืองทอง,Mueang Thong,45000
3566,ภาคตะวันออกเฉียงเหนือ,45,ร้อยเอ็ด,Roi Et,4502,เกษตรวิสัย,Kaset Wisai,450201,เกษตรวิสัย,Kaset Wisai,45150
3567,ภาคตะวันออกเฉียงเหนือ,45,ร้อยเอ็ด,Roi Et,4502,เกษตรวิสัย,Kaset Wisai,450202,เมืองบัว,Mueang Bua,45150
3568,ภาคตะวันออกเฉียงเหนือ,45,ร้อยเอ็ด,Roi Et,4502,เกษตรวิสัย,Kaset Wisai,450203,เหล่าหลวง,Lao Luang,45150
3569,ภาคตะวันออกเฉียงเหนือ,45,ร้อยเอ็ด,Roi Et,4502,เกษตรวิสัย,Kaset Wisai,450204,สิงห์โคก,Sing Khok,45150
3570,ภาคตะวันออกเฉียงเหนือ,45,ร้อยเอ็ด,Roi Et,4502,เกษตรวิสัย,Kaset Wisai,450205,ดงครั่งใหญ่,Dong Khrang Yai,45150
3571,ภาคตะวันออกเฉียงเหนือ,45,ร้อยเอ็ด,Roi Et,4502,เกษตรวิสัย,Kaset Wisai,450206,บ้านฝาง,Ban Fang,45150
3572,ภาคตะวันออกเฉียงเหนือ,45,ร้อยเอ็ด,Roi Et,4502,เกษตรวิสัย,Kaset Wisai,450207,หนองแวง,Nong Waeng,45150
3573,ภาคตะวันออกเฉียงเหนือ,45,ร้อยเอ็ด,Roi Et,4502,เกษตรวิสัย,Kaset Wisai,450208,กำแพง,Kamphaeng,45150
3574,ภาคตะวันออกเฉียงเหนือ,45,ร้อยเอ็ด,Roi Et,4502,เกษตรวิสัย,Kaset Wisai,450209,กู่กาสิงห์,Ku Ka Sing,45150
3575,ภาคตะวันออกเฉียงเหนือ,45,ร้อยเอ็ด,Roi Et,4502,เกษตรวิสัย,Kaset Wisai,450210,น้ำอ้อม,Nam Om,45150
3576,ภาคตะวันออกเฉียงเหนือ,45,ร้อยเอ็ด,Roi Et,4502,เกษตรวิสัย,Kaset Wisai,450211,โนนสว่าง,Non Sawang,45150
3577,ภาคตะวันออกเฉียงเหนือ,45,ร้อยเอ็ด,Roi Et,4502,เกษตรวิสัย,Kaset Wisai,450212,ทุ่งทอง,Thung Thong,45150
3578,ภาคตะวันออกเฉียงเหนือ,45,ร้อยเอ็ด,Roi Et,4502,เกษตรวิสัย,Kaset Wisai,450213,ดงครั่งน้อย,Dong Khrang Noi,45150
3579,ภาคตะวันออกเฉียงเหนือ,45,ร้อยเอ็ด,Roi Et,4503,ปทุมรัตต์,Pathum Rat,450301,บัวแดง,Bua Daeng,45190
3580,ภาคตะวันออกเฉียงเหนือ,45,ร้อยเอ็ด,Roi Et,4503,ปทุมรัตต์,Pathum Rat,450302,ดอกล้ำ,Dok Lam,45190
3581,ภาคตะวันออกเฉียงเหนือ,45,ร้อยเอ็ด,Roi Et,4503,ปทุมรัตต์,Pathum Rat,450303,หนองแคน,Nong Khaen,45190
3582,ภาคตะวันออกเฉียงเหนือ,45,ร้อยเอ็ด,Roi Et,4503,ปทุมรัตต์,Pathum Rat,450304,โพนสูง,Phon Sung,45190
3583,ภาคตะวันออกเฉียงเหนือ,45,ร้อยเอ็ด,Roi Et,4503,ปทุมรัตต์,Pathum Rat,450305,โนนสวรรค์,Non Sawan,45190
3584,ภาคตะวันออกเฉียงเหนือ,45,ร้อยเอ็ด,Roi Et,4503,ปทุมรัตต์,Pathum Rat,450306,สระบัว,Sa Bua,45190
3585,ภาคตะวันออกเฉียงเหนือ,45,ร้อยเอ็ด,Roi Et,4503,ปทุมรัตต์,Pathum Rat,450307,โนนสง่า,Non Sa-Nga,45190
3586,ภาคตะวันออกเฉียงเหนือ,45,ร้อยเอ็ด,Roi Et,4503,ปทุมรัตต์,Pathum Rat,450308,ขี้เหล็ก,Khi Lek,45190
3587,ภาคตะวันออกเฉียงเหนือ,45,ร้อยเอ็ด,Roi Et,4504,จตุรพักตรพิมาน,Chaturaphak Phiman,450401,หัวช้าง,Hua Chang,45180
3588,ภาคตะวันออกเฉียงเหนือ,45,ร้อยเอ็ด,Roi Et,4504,จตุรพักตรพิมาน,Chaturaphak Phiman,450402,หนองผือ,Nong Phue,45180
3589,ภาคตะวันออกเฉียงเหนือ,45,ร้อยเอ็ด,Roi Et,4504,จตุรพักตรพิมาน,Chaturaphak Phiman,450403,เมืองหงส์,Mueang Hong,45180
3590,ภาคตะวันออกเฉียงเหนือ,45,ร้อยเอ็ด,Roi Et,4504,จตุรพักตรพิมาน,Chaturaphak Phiman,450404,โคกล่าม,Khok Lam,45180
3591,ภาคตะวันออกเฉียงเหนือ,45,ร้อยเอ็ด,Roi Et,4504,จตุรพักตรพิมาน,Chaturaphak Phiman,450405,น้ำใส,Nam Sai,45180
3592,ภาคตะวันออกเฉียงเหนือ,45,ร้อยเอ็ด,Roi Et,4504,จตุรพักตรพิมาน,Chaturaphak Phiman,450406,ดงแดง,Dong Daeng,45180
3593,ภาคตะวันออกเฉียงเหนือ,45,ร้อยเอ็ด,Roi Et,4504,จตุรพักตรพิมาน,Chaturaphak Phiman,450407,ดงกลาง,Dong Klang,45180
3594,ภาคตะวันออกเฉียงเหนือ,45,ร้อยเอ็ด,Roi Et,4504,จตุรพักตรพิมาน,Chaturaphak Phiman,450408,ป่าสังข์,Pa Sang,45180
3595,ภาคตะวันออกเฉียงเหนือ,45,ร้อยเอ็ด,Roi Et,4504,จตุรพักตรพิมาน,Chaturaphak Phiman,450409,อีง่อง,I Ngong,45180
3596,ภาคตะวันออกเฉียงเหนือ,45,ร้อยเอ็ด,Roi Et,4504,จตุรพักตรพิมาน,Chaturaphak Phiman,450410,ลิ้นฟ้า,Lin Fa,45180
3597,ภาคตะวันออกเฉียงเหนือ,45,ร้อยเอ็ด,Roi Et,4504,จตุรพักตรพิมาน,Chaturaphak Phiman,450411,ดู่น้อย,Du Noi,45180
3598,ภาคตะวันออกเฉียงเหนือ,45,ร้อยเอ็ด,Roi Et,4504,จตุรพักตรพิมาน,Chaturaphak Phiman,450412,ศรีโคตร,Si Khot,45180
3599,ภาคตะวันออกเฉียงเหนือ,45,ร้อยเอ็ด,Roi Et,4505,ธวัชบุรี,Thawat Buri,450501,นิเวศน์,Niwet,45170
3600,ภาคตะวันออกเฉียงเหนือ,45,ร้อยเอ็ด,Roi Et,4505,ธวัชบุรี,Thawat Buri,450502,ธงธานี,Thong Thani,45170
3601,ภาคตะวันออกเฉียงเหนือ,45,ร้อยเอ็ด,Roi Et,4505,ธวัชบุรี,Thawat Buri,450503,หนองไผ่,Nong Phai,45170
3602,ภาคตะวันออกเฉียงเหนือ,45,ร้อยเอ็ด,Roi Et,4505,ธวัชบุรี,Thawat Buri,450504,ธวัชบุรี,Thawat Buri,45170
3603,ภาคตะวันออกเฉียงเหนือ,45,ร้อยเอ็ด,Roi Et,4505,ธวัชบุรี,Thawat Buri,450506,อุ่มเม้า,Um Mao,45170
3604,ภาคตะวันออกเฉียงเหนือ,45,ร้อยเอ็ด,Roi Et,4505,ธวัชบุรี,Thawat Buri,450507,มะอึ,Ma-Ue,45170
3605,ภาคตะวันออกเฉียงเหนือ,45,ร้อยเอ็ด,Roi Et,4505,ธวัชบุรี,Thawat Buri,450510,เขวาทุ่ง,Khewa Thung,45170
3606,ภาคตะวันออกเฉียงเหนือ,45,ร้อยเอ็ด,Roi Et,4505,ธวัชบุรี,Thawat Buri,450515,ไพศาล,Phaisan,45170
3607,ภาคตะวันออกเฉียงเหนือ,45,ร้อยเอ็ด,Roi Et,4505,ธวัชบุรี,Thawat Buri,450517,เมืองน้อย,Mueang Noi,45170
3608,ภาคตะวันออกเฉียงเหนือ,45,ร้อยเอ็ด,Roi Et,4505,ธวัชบุรี,Thawat Buri,450520,บึงนคร,Bueng Nakhon,45170
3609,ภาคตะวันออกเฉียงเหนือ,45,ร้อยเอ็ด,Roi Et,4505,ธวัชบุรี,Thawat Buri,450522,ราชธานี,Ratchathani,45170
3610,ภาคตะวันออกเฉียงเหนือ,45,ร้อยเอ็ด,Roi Et,4505,ธวัชบุรี,Thawat Buri,450524,หนองพอก,Nong Phok,45170
3611,ภาคตะวันออกเฉียงเหนือ,45,ร้อยเอ็ด,Roi Et,4506,พนมไพร,Phanom Phrai,450601,พนมไพร,Phanom Phrai,45140
3612,ภาคตะวันออกเฉียงเหนือ,45,ร้อยเอ็ด,Roi Et,4506,พนมไพร,Phanom Phrai,450602,แสนสุข,Saen Suk,45140
3613,ภาคตะวันออกเฉียงเหนือ,45,ร้อยเอ็ด,Roi Et,4506,พนมไพร,Phanom Phrai,450603,กุดน้ำใส,Kut Nam Sai,45140
3614,ภาคตะวันออกเฉียงเหนือ,45,ร้อยเอ็ด,Roi Et,4506,พนมไพร,Phanom Phrai,450604,หนองทัพไทย,Nong Thap Thai,45140
3615,ภาคตะวันออกเฉียงเหนือ,45,ร้อยเอ็ด,Roi Et,4506,พนมไพร,Phanom Phrai,450605,โพธิ์ใหญ่,Pho Yai,45140
3616,ภาคตะวันออกเฉียงเหนือ,45,ร้อยเอ็ด,Roi Et,4506,พนมไพร,Phanom Phrai,450606,วารีสวัสดิ์,Wari Sawat,45140
3617,ภาคตะวันออกเฉียงเหนือ,45,ร้อยเอ็ด,Roi Et,4506,พนมไพร,Phanom Phrai,450607,โคกสว่าง,Khok Sawang,45140
3618,ภาคตะวันออกเฉียงเหนือ,45,ร้อยเอ็ด,Roi Et,4506,พนมไพร,Phanom Phrai,450611,โพธิ์ชัย,Pho Chai,45140
3619,ภาคตะวันออกเฉียงเหนือ,45,ร้อยเอ็ด,Roi Et,4506,พนมไพร,Phanom Phrai,450612,นานวล,Na Nuan,45140
3620,ภาคตะวันออกเฉียงเหนือ,45,ร้อยเอ็ด,Roi Et,4506,พนมไพร,Phanom Phrai,450613,คำไฮ,Kham Hai,45140
3621,ภาคตะวันออกเฉียงเหนือ,45,ร้อยเอ็ด,Roi Et,4506,พนมไพร,Phanom Phrai,450614,สระแก้ว,Sa Kaeo,45140
3622,ภาคตะวันออกเฉียงเหนือ,45,ร้อยเอ็ด,Roi Et,4506,พนมไพร,Phanom Phrai,450615,ค้อใหญ่,Kho Yai,45140
3623,ภาคตะวันออกเฉียงเหนือ,45,ร้อยเอ็ด,Roi Et,4506,พนมไพร,Phanom Phrai,450617,ชานุวรรณ,Chanuwan,45140
3624,ภาคตะวันออกเฉียงเหนือ,45,ร้อยเอ็ด,Roi Et,4507,โพนทอง,Phon Thong,450701,แวง,Waeng,45110
3625,ภาคตะวันออกเฉียงเหนือ,45,ร้อยเอ็ด,Roi Et,4507,โพนทอง,Phon Thong,450702,โคกกกม่วง,Khok Kok Muang,45110
3626,ภาคตะวันออกเฉียงเหนือ,45,ร้อยเอ็ด,Roi Et,4507,โพนทอง,Phon Thong,450703,นาอุดม,Na Udom,45110
3627,ภาคตะวันออกเฉียงเหนือ,45,ร้อยเอ็ด,Roi Et,4507,โพนทอง,Phon Thong,450704,สว่าง,Sawang,45110
3628,ภาคตะวันออกเฉียงเหนือ,45,ร้อยเอ็ด,Roi Et,4507,โพนทอง,Phon Thong,450705,หนองใหญ่,Nong Yai,45110
3629,ภาคตะวันออกเฉียงเหนือ,45,ร้อยเอ็ด,Roi Et,4507,โพนทอง,Phon Thong,450706,โพธิ์ทอง,Pho Thong,45110
3630,ภาคตะวันออกเฉียงเหนือ,45,ร้อยเอ็ด,Roi Et,4507,โพนทอง,Phon Thong,450707,โนนชัยศรี,Non Chai Si,45110
3631,ภาคตะวันออกเฉียงเหนือ,45,ร้อยเอ็ด,Roi Et,4507,โพนทอง,Phon Thong,450708,โพธิ์ศรีสว่าง,Pho Si Sawang,45110
3632,ภาคตะวันออกเฉียงเหนือ,45,ร้อยเอ็ด,Roi Et,4507,โพนทอง,Phon Thong,450709,อุ่มเม่า,Um Mao,45110
3633,ภาคตะวันออกเฉียงเหนือ,45,ร้อยเอ็ด,Roi Et,4507,โพนทอง,Phon Thong,450710,คำนาดี,Kham Na Di,45110
3634,ภาคตะวันออกเฉียงเหนือ,45,ร้อยเอ็ด,Roi Et,4507,โพนทอง,Phon Thong,450711,พรมสวรรค์,Phrom Sawan,45110
3635,ภาคตะวันออกเฉียงเหนือ,45,ร้อยเอ็ด,Roi Et,4507,โพนทอง,Phon Thong,450712,สระนกแก้ว,Sa Nok Kaeo,45110
3636,ภาคตะวันออกเฉียงเหนือ,45,ร้อยเอ็ด,Roi Et,4507,โพนทอง,Phon Thong,450713,วังสามัคคี,Wang Samakkhi,45110
3637,ภาคตะวันออกเฉียงเหนือ,45,ร้อยเอ็ด,Roi Et,4507,โพนทอง,Phon Thong,450714,โคกสูง,Khok Sung,45110
3638,ภาคตะวันออกเฉียงเหนือ,45,ร้อยเอ็ด,Roi Et,4508,โพธิ์ชัย,Pho Chai,450801,ขามเปี้ย,Kham Pia,45230
3639,ภาคตะวันออกเฉียงเหนือ,45,ร้อยเอ็ด,Roi Et,4508,โพธิ์ชัย,Pho Chai,450802,เชียงใหม่,Chiang Mai,45230
3640,ภาคตะวันออกเฉียงเหนือ,45,ร้อยเอ็ด,Roi Et,4508,โพธิ์ชัย,Pho Chai,450803,บัวคำ,Bua Kham,45230
3641,ภาคตะวันออกเฉียงเหนือ,45,ร้อยเอ็ด,Roi Et,4508,โพธิ์ชัย,Pho Chai,450804,อัคคะคำ,Ak Khakham,45230
3642,ภาคตะวันออกเฉียงเหนือ,45,ร้อยเอ็ด,Roi Et,4508,โพธิ์ชัย,Pho Chai,450805,สะอาด,Sa-At,45230
3643,ภาคตะวันออกเฉียงเหนือ,45,ร้อยเอ็ด,Roi Et,4508,โพธิ์ชัย,Pho Chai,450806,คำพอุง,Kham Pha-Ung,45230
3644,ภาคตะวันออกเฉียงเหนือ,45,ร้อยเอ็ด,Roi Et,4508,โพธิ์ชัย,Pho Chai,450807,หนองตาไก้,Nong Ta Kai,45230
3645,ภาคตะวันออกเฉียงเหนือ,45,ร้อยเอ็ด,Roi Et,4508,โพธิ์ชัย,Pho Chai,450808,ดอนโอง,Don Ong,45230
3646,ภาคตะวันออกเฉียงเหนือ,45,ร้อยเอ็ด,Roi Et,4508,โพธิ์ชัย,Pho Chai,450809,โพธิ์ศรี,Pho Si,45230
3647,ภาคตะวันออกเฉียงเหนือ,45,ร้อยเอ็ด,Roi Et,4509,หนองพอก,Nong Phok,450901,หนองพอก,Nong Phok,45210
3648,ภาคตะวันออกเฉียงเหนือ,45,ร้อยเอ็ด,Roi Et,4509,หนองพอก,Nong Phok,450902,บึงงาม,Bueng Ngam,45210
3649,ภาคตะวันออกเฉียงเหนือ,45,ร้อยเอ็ด,Roi Et,4509,หนองพอก,Nong Phok,450903,ภูเขาทอง,Phu Khao Thong,45210
3650,ภาคตะวันออกเฉียงเหนือ,45,ร้อยเอ็ด,Roi Et,4509,หนองพอก,Nong Phok,450904,กกโพธิ์,Kok Pho,45210
3651,ภาคตะวันออกเฉียงเหนือ,45,ร้อยเอ็ด,Roi Et,4509,หนองพอก,Nong Phok,450905,โคกสว่าง,Khok Sawang,45210
3652,ภาคตะวันออกเฉียงเหนือ,45,ร้อยเอ็ด,Roi Et,4509,หนองพอก,Nong Phok,450906,หนองขุ่นใหญ่,Nong Khun Yai,45210
3653,ภาคตะวันออกเฉียงเหนือ,45,ร้อยเอ็ด,Roi Et,4509,หนองพอก,Nong Phok,450907,รอบเมือง,Rop Mueang,45210
3654,ภาคตะวันออกเฉียงเหนือ,45,ร้อยเอ็ด,Roi Et,4509,หนองพอก,Nong Phok,450908,ผาน้ำย้อย,Pha Nam Yoi,45210
3655,ภาคตะวันออกเฉียงเหนือ,45,ร้อยเอ็ด,Roi Et,4509,หนองพอก,Nong Phok,450909,ท่าสีดา,Tha Si Da,45210
3656,ภาคตะวันออกเฉียงเหนือ,45,ร้อยเอ็ด,Roi Et,4510,เสลภูมิ,Selaphum,451001,กลาง,Klang,45120
3657,ภาคตะวันออกเฉียงเหนือ,45,ร้อยเอ็ด,Roi Et,4510,เสลภูมิ,Selaphum,451002,นางาม,Na Ngam,45120
3658,ภาคตะวันออกเฉียงเหนือ,45,ร้อยเอ็ด,Roi Et,4510,เสลภูมิ,Selaphum,451003,เมืองไพร,Mueang Phrai,45120
3659,ภาคตะวันออกเฉียงเหนือ,45,ร้อยเอ็ด,Roi Et,4510,เสลภูมิ,Selaphum,451004,นาแซง,Na Saeng,45120
3660,ภาคตะวันออกเฉียงเหนือ,45,ร้อยเอ็ด,Roi Et,4510,เสลภูมิ,Selaphum,451005,นาเมือง,Na Mueang,45120
3661,ภาคตะวันออกเฉียงเหนือ,45,ร้อยเอ็ด,Roi Et,4510,เสลภูมิ,Selaphum,451006,วังหลวง,Wang Luang,45120
3662,ภาคตะวันออกเฉียงเหนือ,45,ร้อยเอ็ด,Roi Et,4510,เสลภูมิ,Selaphum,451007,ท่าม่วง,Tha Muang,45120
3663,ภาคตะวันออกเฉียงเหนือ,45,ร้อยเอ็ด,Roi Et,4510,เสลภูมิ,Selaphum,451008,ขวาว,Khwao,45120
3664,ภาคตะวันออกเฉียงเหนือ,45,ร้อยเอ็ด,Roi Et,4510,เสลภูมิ,Selaphum,451009,โพธิ์ทอง,Pho Thong,45120
3665,ภาคตะวันออกเฉียงเหนือ,45,ร้อยเอ็ด,Roi Et,4510,เสลภูมิ,Selaphum,451010,ภูเงิน,Phu Ngoen,45120
3666,ภาคตะวันออกเฉียงเหนือ,45,ร้อยเอ็ด,Roi Et,4510,เสลภูมิ,Selaphum,451011,เกาะแก้ว,Ko Kaeo,45120
3667,ภาคตะวันออกเฉียงเหนือ,45,ร้อยเอ็ด,Roi Et,4510,เสลภูมิ,Selaphum,451012,นาเลิง,Na Loeng,45120
3668,ภาคตะวันออกเฉียงเหนือ,45,ร้อยเอ็ด,Roi Et,4510,เสลภูมิ,Selaphum,451013,เหล่าน้อย,Lao Noi,45120
3669,ภาคตะวันออกเฉียงเหนือ,45,ร้อยเอ็ด,Roi Et,4510,เสลภูมิ,Selaphum,451014,ศรีวิลัย,Si Wilai,45120
3670,ภาคตะวันออกเฉียงเหนือ,45,ร้อยเอ็ด,Roi Et,4510,เสลภูมิ,Selaphum,451015,หนองหลวง,Nong Luang,45120
3671,ภาคตะวันออกเฉียงเหนือ,45,ร้อยเอ็ด,Roi Et,4510,เสลภูมิ,Selaphum,451016,พรสวรรค์,Phon Sawan,45120
3672,ภาคตะวันออกเฉียงเหนือ,45,ร้อยเอ็ด,Roi Et,4510,เสลภูมิ,Selaphum,451017,ขวัญเมือง,Khwan Mueang,45120
3673,ภาคตะวันออกเฉียงเหนือ,45,ร้อยเอ็ด,Roi Et,4510,เสลภูมิ,Selaphum,451018,บึงเกลือ,Bueng Kluea,45120
3674,ภาคตะวันออกเฉียงเหนือ,45,ร้อยเอ็ด,Roi Et,4511,สุวรรณภูมิ,Suwannaphum,451101,สระคู,Sa Khu,45130
3675,ภาคตะวันออกเฉียงเหนือ,45,ร้อยเอ็ด,Roi Et,4511,สุวรรณภูมิ,Suwannaphum,451102,ดอกไม้,Dokmai,45130
3676,ภาคตะวันออกเฉียงเหนือ,45,ร้อยเอ็ด,Roi Et,4511,สุวรรณภูมิ,Suwannaphum,451103,นาใหญ่,Na Yai,45130
3677,ภาคตะวันออกเฉียงเหนือ,45,ร้อยเอ็ด,Roi Et,4511,สุวรรณภูมิ,Suwannaphum,451104,หินกอง,Hin Kong,45130
3678,ภาคตะวันออกเฉียงเหนือ,45,ร้อยเอ็ด,Roi Et,4511,สุวรรณภูมิ,Suwannaphum,451105,เมืองทุ่ง,Mueang Thung,45130
3679,ภาคตะวันออกเฉียงเหนือ,45,ร้อยเอ็ด,Roi Et,4511,สุวรรณภูมิ,Suwannaphum,451106,หัวโทน,Hua Thon,45130
3680,ภาคตะวันออกเฉียงเหนือ,45,ร้อยเอ็ด,Roi Et,4511,สุวรรณภูมิ,Suwannaphum,451107,บ่อพันขัน,Bo Phan Khan,45130
3681,ภาคตะวันออกเฉียงเหนือ,45,ร้อยเอ็ด,Roi Et,4511,สุวรรณภูมิ,Suwannaphum,451108,ทุ่งหลวง,Thung Luang,45130
3682,ภาคตะวันออกเฉียงเหนือ,45,ร้อยเอ็ด,Roi Et,4511,สุวรรณภูมิ,Suwannaphum,451109,หัวช้าง,Hua Chang,45130
3683,ภาคตะวันออกเฉียงเหนือ,45,ร้อยเอ็ด,Roi Et,4511,สุวรรณภูมิ,Suwannaphum,451110,น้ำคำ,Nam Kham,45130
3684,ภาคตะวันออกเฉียงเหนือ,45,ร้อยเอ็ด,Roi Et,4511,สุวรรณภูมิ,Suwannaphum,451111,ห้วยหินลาด,Huai Hin Lat,45130
3685,ภาคตะวันออกเฉียงเหนือ,45,ร้อยเอ็ด,Roi Et,4511,สุวรรณภูมิ,Suwannaphum,451112,ช้างเผือก,Chang Phueak,45130
3686,ภาคตะวันออกเฉียงเหนือ,45,ร้อยเอ็ด,Roi Et,4511,สุวรรณภูมิ,Suwannaphum,451113,ทุ่งกุลา,Thung Kula,45130
3687,ภาคตะวันออกเฉียงเหนือ,45,ร้อยเอ็ด,Roi Et,4511,สุวรรณภูมิ,Suwannaphum,451114,ทุ่งศรีเมือง,Thung Si Mueang,45130
3688,ภาคตะวันออกเฉียงเหนือ,45,ร้อยเอ็ด,Roi Et,4511,สุวรรณภูมิ,Suwannaphum,451115,จำปาขัน,Champa Khan,45130
3689,ภาคตะวันออกเฉียงเหนือ,45,ร้อยเอ็ด,Roi Et,4512,เมืองสรวง,Mueang Suang,451201,หนองผือ,Nong Phue,45220
3690,ภาคตะวันออกเฉียงเหนือ,45,ร้อยเอ็ด,Roi Et,4512,เมืองสรวง,Mueang Suang,451202,หนองหิน,Nong Hin,45220
3691,ภาคตะวันออกเฉียงเหนือ,45,ร้อยเอ็ด,Roi Et,4512,เมืองสรวง,Mueang Suang,451203,คูเมือง,Khu Mueang,45220
3692,ภาคตะวันออกเฉียงเหนือ,45,ร้อยเอ็ด,Roi Et,4512,เมืองสรวง,Mueang Suang,451204,กกกุง,Kok Kung,45220
3693,ภาคตะวันออกเฉียงเหนือ,45,ร้อยเอ็ด,Roi Et,4512,เมืองสรวง,Mueang Suang,451205,เมืองสรวง,Mueang Suang,45220
3694,ภาคตะวันออกเฉียงเหนือ,45,ร้อยเอ็ด,Roi Et,4513,โพนทราย,Phon Sai,451301,โพนทราย,Phon Sai,45240
3695,ภาคตะวันออกเฉียงเหนือ,45,ร้อยเอ็ด,Roi Et,4513,โพนทราย,Phon Sai,451302,สามขา,Sam Kha,45240
3696,ภาคตะวันออกเฉียงเหนือ,45,ร้อยเอ็ด,Roi Et,4513,โพนทราย,Phon Sai,451303,ศรีสว่าง,Si Sawang,45240
3697,ภาคตะวันออกเฉียงเหนือ,45,ร้อยเอ็ด,Roi Et,4513,โพนทราย,Phon Sai,451304,ยางคำ,Yang Kham,45240
3698,ภาคตะวันออกเฉียงเหนือ,45,ร้อยเอ็ด,Roi Et,4513,โพนทราย,Phon Sai,451305,ท่าหาดยาว,Tha Hat Yao,45240
3699,ภาคตะวันออกเฉียงเหนือ,45,ร้อยเอ็ด,Roi Et,4514,อาจสามารถ,At Samat,451401,อาจสามารถ,At Samat,45160
3700,ภาคตะวันออกเฉียงเหนือ,45,ร้อยเอ็ด,Roi Et,4514,อาจสามารถ,At Samat,451402,โพนเมือง,Phon Mueang,45160
3701,ภาคตะวันออกเฉียงเหนือ,45,ร้อยเอ็ด,Roi Et,4514,อาจสามารถ,At Samat,451403,บ้านแจ้ง,Ban Chaeng,45160
3702,ภาคตะวันออกเฉียงเหนือ,45,ร้อยเอ็ด,Roi Et,4514,อาจสามารถ,At Samat,451404,หน่อม,Nom,45160
3703,ภาคตะวันออกเฉียงเหนือ,45,ร้อยเอ็ด,Roi Et,4514,อาจสามารถ,At Samat,451405,หนองหมื่นถ่าน,Nong Muen Than,45160
3704,ภาคตะวันออกเฉียงเหนือ,45,ร้อยเอ็ด,Roi Et,4514,อาจสามารถ,At Samat,451406,หนองขาม,Nong Kham,45160
3705,ภาคตะวันออกเฉียงเหนือ,45,ร้อยเอ็ด,Roi Et,4514,อาจสามารถ,At Samat,451407,โหรา,Hora,45160
3706,ภาคตะวันออกเฉียงเหนือ,45,ร้อยเอ็ด,Roi Et,4514,อาจสามารถ,At Samat,451408,หนองบัว,Nong Bua,45160
3707,ภาคตะวันออกเฉียงเหนือ,45,ร้อยเอ็ด,Roi Et,4514,อาจสามารถ,At Samat,451409,ขี้เหล็ก,Khi Lek,45160
3708,ภาคตะวันออกเฉียงเหนือ,45,ร้อยเอ็ด,Roi Et,4514,อาจสามารถ,At Samat,451410,บ้านดู่,Ban Du,45160
3709,ภาคตะวันออกเฉียงเหนือ,45,ร้อยเอ็ด,Roi Et,4515,เมยวดี,Moei Wadi,451501,เมยวดี,Moei Wadi,45250
3710,ภาคตะวันออกเฉียงเหนือ,45,ร้อยเอ็ด,Roi Et,4515,เมยวดี,Moei Wadi,451502,ชุมพร,Chumphon,45250
3711,ภาคตะวันออกเฉียงเหนือ,45,ร้อยเอ็ด,Roi Et,4515,เมยวดี,Moei Wadi,451503,บุ่งเลิศ,Bung Loet,45250
3712,ภาคตะวันออกเฉียงเหนือ,45,ร้อยเอ็ด,Roi Et,4515,เมยวดี,Moei Wadi,451504,ชมสะอาด,Chom Sa-At,45250
3713,ภาคตะวันออกเฉียงเหนือ,45,ร้อยเอ็ด,Roi Et,4516,ศรีสมเด็จ,Si Somdet,451601,โพธิ์ทอง,Pho Thong,45000
3714,ภาคตะวันออกเฉียงเหนือ,45,ร้อยเอ็ด,Roi Et,4516,ศรีสมเด็จ,Si Somdet,451602,ศรีสมเด็จ,Si Somdet,45000
3715,ภาคตะวันออกเฉียงเหนือ,45,ร้อยเอ็ด,Roi Et,4516,ศรีสมเด็จ,Si Somdet,451603,เมืองเปลือย,Mueang Plueai,45000
3716,ภาคตะวันออกเฉียงเหนือ,45,ร้อยเอ็ด,Roi Et,4516,ศรีสมเด็จ,Si Somdet,451604,หนองใหญ่,Nong Yai,45000
3717,ภาคตะวันออกเฉียงเหนือ,45,ร้อยเอ็ด,Roi Et,4516,ศรีสมเด็จ,Si Somdet,451605,สวนจิก,Suan Chik,45280
3718,ภาคตะวันออกเฉียงเหนือ,45,ร้อยเอ็ด,Roi Et,4516,ศรีสมเด็จ,Si Somdet,451606,โพธิ์สัย,Pho Sai,45280
3719,ภาคตะวันออกเฉียงเหนือ,45,ร้อยเอ็ด,Roi Et,4516,ศรีสมเด็จ,Si Somdet,451607,หนองแวงควง,Nong Waeng Khuang,45000
3720,ภาคตะวันออกเฉียงเหนือ,45,ร้อยเอ็ด,Roi Et,4516,ศรีสมเด็จ,Si Somdet,451608,บ้านบาก,Ban Bak,45000
3721,ภาคตะวันออกเฉียงเหนือ,45,ร้อยเอ็ด,Roi Et,4517,จังหาร,Changhan,451701,ดินดำ,Din Dam,45000
3722,ภาคตะวันออกเฉียงเหนือ,45,ร้อยเอ็ด,Roi Et,4517,จังหาร,Changhan,451702,ปาฝา,Pa Fa,45000
3723,ภาคตะวันออกเฉียงเหนือ,45,ร้อยเอ็ด,Roi Et,4517,จังหาร,Changhan,451703,ม่วงลาด,Muang Lat,45000
3724,ภาคตะวันออกเฉียงเหนือ,45,ร้อยเอ็ด,Roi Et,4517,จังหาร,Changhan,451704,จังหาร,Changhan,45000
3725,ภาคตะวันออกเฉียงเหนือ,45,ร้อยเอ็ด,Roi Et,4517,จังหาร,Changhan,451705,ดงสิงห์,Dong Sing,45000
3726,ภาคตะวันออกเฉียงเหนือ,45,ร้อยเอ็ด,Roi Et,4517,จังหาร,Changhan,451706,ยางใหญ่,Yang Yai,45000
3727,ภาคตะวันออกเฉียงเหนือ,45,ร้อยเอ็ด,Roi Et,4517,จังหาร,Changhan,451707,ผักแว่น,Phak Waen,45000
3728,ภาคตะวันออกเฉียงเหนือ,45,ร้อยเอ็ด,Roi Et,4517,จังหาร,Changhan,451708,แสนชาติ,Saen Chat,45000
3729,ภาคตะวันออกเฉียงเหนือ,45,ร้อยเอ็ด,Roi Et,4518,เชียงขวัญ,Chiang Khwan,451801,เชียงขวัญ,Chiang Khwan,45000
3730,ภาคตะวันออกเฉียงเหนือ,45,ร้อยเอ็ด,Roi Et,4518,เชียงขวัญ,Chiang Khwan,451802,พลับพลา,Phlapphla,45170
3731,ภาคตะวันออกเฉียงเหนือ,45,ร้อยเอ็ด,Roi Et,4518,เชียงขวัญ,Chiang Khwan,451803,พระธาตุ,Phrathat,45000
3732,ภาคตะวันออกเฉียงเหนือ,45,ร้อยเอ็ด,Roi Et,4518,เชียงขวัญ,Chiang Khwan,451804,พระเจ้า,Phrachao,45000
3733,ภาคตะวันออกเฉียงเหนือ,45,ร้อยเอ็ด,Roi Et,4518,เชียงขวัญ,Chiang Khwan,451805,หมูม้น,Mu Mon,45170
3734,ภาคตะวันออกเฉียงเหนือ,45,ร้อยเอ็ด,Roi Et,4518,เชียงขวัญ,Chiang Khwan,451806,บ้านเขือง,Ban Khueang,45000
3735,ภาคตะวันออกเฉียงเหนือ,45,ร้อยเอ็ด,Roi Et,4519,หนองฮี,Nong Hi,451901,หนองฮี,Nong Hi,45140
3736,ภาคตะวันออกเฉียงเหนือ,45,ร้อยเอ็ด,Roi Et,4519,หนองฮี,Nong Hi,451902,สาวแห,Sao Hae,45140
3737,ภาคตะวันออกเฉียงเหนือ,45,ร้อยเอ็ด,Roi Et,4519,หนองฮี,Nong Hi,451903,ดูกอึ่ง,Duk Ueng,45140
3738,ภาคตะวันออกเฉียงเหนือ,45,ร้อยเอ็ด,Roi Et,4519,หนองฮี,Nong Hi,451904,เด่นราษฎร์,Den Rat,45140
3739,ภาคตะวันออกเฉียงเหนือ,45,ร้อยเอ็ด,Roi Et,4520,ทุ่งเขาหลวง,Thung Khao Luang,452001,ทุ่งเขาหลวง,Thung Khao Luang,45170
3740,ภาคตะวันออกเฉียงเหนือ,45,ร้อยเอ็ด,Roi Et,4520,ทุ่งเขาหลวง,Thung Khao Luang,452002,เทอดไทย,Thoet Thai,45170
3741,ภาคตะวันออกเฉียงเหนือ,45,ร้อยเอ็ด,Roi Et,4520,ทุ่งเขาหลวง,Thung Khao Luang,452003,บึงงาม,Bueng Ngam,45170
3742,ภาคตะวันออกเฉียงเหนือ,45,ร้อยเอ็ด,Roi Et,4520,ทุ่งเขาหลวง,Thung Khao Luang,452004,มะบ้า,Maba,45170
3743,ภาคตะวันออกเฉียงเหนือ,45,ร้อยเอ็ด,Roi Et,4520,ทุ่งเขาหลวง,Thung Khao Luang,452005,เหล่า,Lao,45170
3744,ภาคตะวันออกเฉียงเหนือ,46,กาฬสินธุ์,Kalasin,4601,เมืองกาฬสินธุ์,Mueang Kalasin,460101,กาฬสินธุ์,Kalasin,46000
3745,ภาคตะวันออกเฉียงเหนือ,46,กาฬสินธุ์,Kalasin,4601,เมืองกาฬสินธุ์,Mueang Kalasin,460102,เหนือ,Nuea,46000
3746,ภาคตะวันออกเฉียงเหนือ,46,กาฬสินธุ์,Kalasin,4601,เมืองกาฬสินธุ์,Mueang Kalasin,460103,หลุบ,Lup,46000
3747,ภาคตะวันออกเฉียงเหนือ,46,กาฬสินธุ์,Kalasin,4601,เมืองกาฬสินธุ์,Mueang Kalasin,460104,ไผ่,Phai,46000
3748,ภาคตะวันออกเฉียงเหนือ,46,กาฬสินธุ์,Kalasin,4601,เมืองกาฬสินธุ์,Mueang Kalasin,460105,ลำปาว,Lampao,46000
3749,ภาคตะวันออกเฉียงเหนือ,46,กาฬสินธุ์,Kalasin,4601,เมืองกาฬสินธุ์,Mueang Kalasin,460106,ลำพาน,Lamphan,46000
3750,ภาคตะวันออกเฉียงเหนือ,46,กาฬสินธุ์,Kalasin,4601,เมืองกาฬสินธุ์,Mueang Kalasin,460107,เชียงเครือ,Chiang Khruea,46000
3751,ภาคตะวันออกเฉียงเหนือ,46,กาฬสินธุ์,Kalasin,4601,เมืองกาฬสินธุ์,Mueang Kalasin,460108,บึงวิชัย,Bueng Wichai,46000
3752,ภาคตะวันออกเฉียงเหนือ,46,กาฬสินธุ์,Kalasin,4601,เมืองกาฬสินธุ์,Mueang Kalasin,460109,ห้วยโพธิ์,Huai Pho,46000
3753,ภาคตะวันออกเฉียงเหนือ,46,กาฬสินธุ์,Kalasin,4601,เมืองกาฬสินธุ์,Mueang Kalasin,460111,ภูปอ,Phu Po,46000
3754,ภาคตะวันออกเฉียงเหนือ,46,กาฬสินธุ์,Kalasin,4601,เมืองกาฬสินธุ์,Mueang Kalasin,460113,ภูดิน,Phu Din,46000
3755,ภาคตะวันออกเฉียงเหนือ,46,กาฬสินธุ์,Kalasin,4601,เมืองกาฬสินธุ์,Mueang Kalasin,460115,หนองกุง,Nong Kung,46000
3756,ภาคตะวันออกเฉียงเหนือ,46,กาฬสินธุ์,Kalasin,4601,เมืองกาฬสินธุ์,Mueang Kalasin,460116,กลางหมื่น,Klang Muen,46000
3757,ภาคตะวันออกเฉียงเหนือ,46,กาฬสินธุ์,Kalasin,4601,เมืองกาฬสินธุ์,Mueang Kalasin,460117,ขมิ้น,Khamin,46000
3758,ภาคตะวันออกเฉียงเหนือ,46,กาฬสินธุ์,Kalasin,4601,เมืองกาฬสินธุ์,Mueang Kalasin,460119,โพนทอง,Phon Thong,46000
3759,ภาคตะวันออกเฉียงเหนือ,46,กาฬสินธุ์,Kalasin,4601,เมืองกาฬสินธุ์,Mueang Kalasin,460120,นาจารย์,Na Chan,46000
3760,ภาคตะวันออกเฉียงเหนือ,46,กาฬสินธุ์,Kalasin,4601,เมืองกาฬสินธุ์,Mueang Kalasin,460121,ลำคลอง,Lam Khlong,46000
3761,ภาคตะวันออกเฉียงเหนือ,46,กาฬสินธุ์,Kalasin,4602,นามน,Na Mon,460201,นามน,Na Mon,46230
3762,ภาคตะวันออกเฉียงเหนือ,46,กาฬสินธุ์,Kalasin,4602,นามน,Na Mon,460202,ยอดแกง,Yot Kaeng,46230
3763,ภาคตะวันออกเฉียงเหนือ,46,กาฬสินธุ์,Kalasin,4602,นามน,Na Mon,460203,สงเปลือย,Song Plueai,46230
3764,ภาคตะวันออกเฉียงเหนือ,46,กาฬสินธุ์,Kalasin,4602,นามน,Na Mon,460204,หลักเหลี่ยม,Lak Liam,46230
3765,ภาคตะวันออกเฉียงเหนือ,46,กาฬสินธุ์,Kalasin,4602,นามน,Na Mon,460205,หนองบัว,Nong Bua,46230
3766,ภาคตะวันออกเฉียงเหนือ,46,กาฬสินธุ์,Kalasin,4603,กมลาไสย,Kamalasai,460301,กมลาไสย,Kamalasai,46130
3767,ภาคตะวันออกเฉียงเหนือ,46,กาฬสินธุ์,Kalasin,4603,กมลาไสย,Kamalasai,460302,หลักเมือง,Lak Mueang,46130
3768,ภาคตะวันออกเฉียงเหนือ,46,กาฬสินธุ์,Kalasin,4603,กมลาไสย,Kamalasai,460303,โพนงาม,Phon Ngam,46130
3769,ภาคตะวันออกเฉียงเหนือ,46,กาฬสินธุ์,Kalasin,4603,กมลาไสย,Kamalasai,460304,ดงลิง,Dong Ling,46130
3770,ภาคตะวันออกเฉียงเหนือ,46,กาฬสินธุ์,Kalasin,4603,กมลาไสย,Kamalasai,460305,ธัญญา,Thanya,46130
3771,ภาคตะวันออกเฉียงเหนือ,46,กาฬสินธุ์,Kalasin,4603,กมลาไสย,Kamalasai,460308,หนองแปน,Nong Paen,46130
3772,ภาคตะวันออกเฉียงเหนือ,46,กาฬสินธุ์,Kalasin,4603,กมลาไสย,Kamalasai,460310,เจ้าท่า,Chao Tha,46130
3773,ภาคตะวันออกเฉียงเหนือ,46,กาฬสินธุ์,Kalasin,4603,กมลาไสย,Kamalasai,460311,โคกสมบูรณ์,Khok Sombun,46130
3774,ภาคตะวันออกเฉียงเหนือ,46,กาฬสินธุ์,Kalasin,4604,ร่องคำ,Rong Kham,460401,ร่องคำ,Rong Kham,46210
3775,ภาคตะวันออกเฉียงเหนือ,46,กาฬสินธุ์,Kalasin,4604,ร่องคำ,Rong Kham,460402,สามัคคี,Samakkhi,46210
3776,ภาคตะวันออกเฉียงเหนือ,46,กาฬสินธุ์,Kalasin,4604,ร่องคำ,Rong Kham,460403,เหล่าอ้อย,Lao Oi,46210
3777,ภาคตะวันออกเฉียงเหนือ,46,กาฬสินธุ์,Kalasin,4605,กุฉินารายณ์,Kuchinarai,460501,บัวขาว,Bua Khao,46110
3778,ภาคตะวันออกเฉียงเหนือ,46,กาฬสินธุ์,Kalasin,4605,กุฉินารายณ์,Kuchinarai,460502,แจนแลน,Chaen Laen,46110
3779,ภาคตะวันออกเฉียงเหนือ,46,กาฬสินธุ์,Kalasin,4605,กุฉินารายณ์,Kuchinarai,460503,เหล่าใหญ่,Lao Yai,46110
3780,ภาคตะวันออกเฉียงเหนือ,46,กาฬสินธุ์,Kalasin,4605,กุฉินารายณ์,Kuchinarai,460504,จุมจัง,Chum Chang,46110
3781,ภาคตะวันออกเฉียงเหนือ,46,กาฬสินธุ์,Kalasin,4605,กุฉินารายณ์,Kuchinarai,460505,เหล่าไฮงาม,Lao Hai Ngam,46110
3782,ภาคตะวันออกเฉียงเหนือ,46,กาฬสินธุ์,Kalasin,4605,กุฉินารายณ์,Kuchinarai,460506,กุดหว้า,Kut Wa,46110
3783,ภาคตะวันออกเฉียงเหนือ,46,กาฬสินธุ์,Kalasin,4605,กุฉินารายณ์,Kuchinarai,460507,สามขา,Sam Kha,46110
3784,ภาคตะวันออกเฉียงเหนือ,46,กาฬสินธุ์,Kalasin,4605,กุฉินารายณ์,Kuchinarai,460508,นาขาม,Nakham,46110
3785,ภาคตะวันออกเฉียงเหนือ,46,กาฬสินธุ์,Kalasin,4605,กุฉินารายณ์,Kuchinarai,460509,หนองห้าง,Nong Hang,46110
3786,ภาคตะวันออกเฉียงเหนือ,46,กาฬสินธุ์,Kalasin,4605,กุฉินารายณ์,Kuchinarai,460510,นาโก,Nako,46110
3787,ภาคตะวันออกเฉียงเหนือ,46,กาฬสินธุ์,Kalasin,4605,กุฉินารายณ์,Kuchinarai,460511,สมสะอาด,Som Sa-At,46110
3788,ภาคตะวันออกเฉียงเหนือ,46,กาฬสินธุ์,Kalasin,4605,กุฉินารายณ์,Kuchinarai,460512,กุดค้าว,Kut Khao,46110
3789,ภาคตะวันออกเฉียงเหนือ,46,กาฬสินธุ์,Kalasin,4606,เขาวง,Khao Wong,460601,คุ้มเก่า,Khum Kao,46160
3790,ภาคตะวันออกเฉียงเหนือ,46,กาฬสินธุ์,Kalasin,4606,เขาวง,Khao Wong,460602,สงเปลือย,Song Plueai,46160
3791,ภาคตะวันออกเฉียงเหนือ,46,กาฬสินธุ์,Kalasin,4606,เขาวง,Khao Wong,460603,หนองผือ,Nong Phue,46160
3792,ภาคตะวันออกเฉียงเหนือ,46,กาฬสินธุ์,Kalasin,4606,เขาวง,Khao Wong,460606,กุดสิมคุ้มใหม่,Kut Sinkhum Mai,46160
3793,ภาคตะวันออกเฉียงเหนือ,46,กาฬสินธุ์,Kalasin,4606,เขาวง,Khao Wong,460608,สระพังทอง,Sa Phang Thong,46160
3794,ภาคตะวันออกเฉียงเหนือ,46,กาฬสินธุ์,Kalasin,4606,เขาวง,Khao Wong,460611,กุดปลาค้าว,Kut Pla Khao,46160
3795,ภาคตะวันออกเฉียงเหนือ,46,กาฬสินธุ์,Kalasin,4607,ยางตลาด,Yang Talat,460701,ยางตลาด,Yang Talat,46120
3796,ภาคตะวันออกเฉียงเหนือ,46,กาฬสินธุ์,Kalasin,4607,ยางตลาด,Yang Talat,460702,หัวงัว,Hua Ngua,46120
3797,ภาคตะวันออกเฉียงเหนือ,46,กาฬสินธุ์,Kalasin,4607,ยางตลาด,Yang Talat,460703,อุ่มเม่า,Um Mao,46120
3798,ภาคตะวันออกเฉียงเหนือ,46,กาฬสินธุ์,Kalasin,4607,ยางตลาด,Yang Talat,460704,บัวบาน,Bua Ban,46120
3799,ภาคตะวันออกเฉียงเหนือ,46,กาฬสินธุ์,Kalasin,4607,ยางตลาด,Yang Talat,460705,เว่อ,Woe,46120
3800,ภาคตะวันออกเฉียงเหนือ,46,กาฬสินธุ์,Kalasin,4607,ยางตลาด,Yang Talat,460706,อิตื้อ,I Tue,46120
3801,ภาคตะวันออกเฉียงเหนือ,46,กาฬสินธุ์,Kalasin,4607,ยางตลาด,Yang Talat,460707,หัวนาคำ,Hua Na Kham,46120
3802,ภาคตะวันออกเฉียงเหนือ,46,กาฬสินธุ์,Kalasin,4607,ยางตลาด,Yang Talat,460708,หนองอิเฒ่า,Nong I Thao,46120
3803,ภาคตะวันออกเฉียงเหนือ,46,กาฬสินธุ์,Kalasin,4607,ยางตลาด,Yang Talat,460709,ดอนสมบูรณ์,Don Sombun,46120
3804,ภาคตะวันออกเฉียงเหนือ,46,กาฬสินธุ์,Kalasin,4607,ยางตลาด,Yang Talat,460710,นาเชือก,Na Chueak,46120
3805,ภาคตะวันออกเฉียงเหนือ,46,กาฬสินธุ์,Kalasin,4607,ยางตลาด,Yang Talat,460711,คลองขาม,Khlong Kham,46120
3806,ภาคตะวันออกเฉียงเหนือ,46,กาฬสินธุ์,Kalasin,4607,ยางตลาด,Yang Talat,460712,เขาพระนอน,Khao Phra Non,46120
3807,ภาคตะวันออกเฉียงเหนือ,46,กาฬสินธุ์,Kalasin,4607,ยางตลาด,Yang Talat,460713,นาดี,Na Di,46120
3808,ภาคตะวันออกเฉียงเหนือ,46,กาฬสินธุ์,Kalasin,4607,ยางตลาด,Yang Talat,460714,โนนสูง,Non Sung,46120
3809,ภาคตะวันออกเฉียงเหนือ,46,กาฬสินธุ์,Kalasin,4607,ยางตลาด,Yang Talat,460715,หนองตอกแป้น,Nong Tok Paen,46120
3810,ภาคตะวันออกเฉียงเหนือ,46,กาฬสินธุ์,Kalasin,4608,ห้วยเม็ก,Huai Mek,460801,ห้วยเม็ก,Huai Mek,46170
3811,ภาคตะวันออกเฉียงเหนือ,46,กาฬสินธุ์,Kalasin,4608,ห้วยเม็ก,Huai Mek,460802,คำใหญ่,Kham Yai,46170
3812,ภาคตะวันออกเฉียงเหนือ,46,กาฬสินธุ์,Kalasin,4608,ห้วยเม็ก,Huai Mek,460803,กุดโดน,Kut Don,46170
3813,ภาคตะวันออกเฉียงเหนือ,46,กาฬสินธุ์,Kalasin,4608,ห้วยเม็ก,Huai Mek,460804,บึงนาเรียง,Bueng Na Riang,46170
3814,ภาคตะวันออกเฉียงเหนือ,46,กาฬสินธุ์,Kalasin,4608,ห้วยเม็ก,Huai Mek,460805,หัวหิน,Hua Hin,46170
3815,ภาคตะวันออกเฉียงเหนือ,46,กาฬสินธุ์,Kalasin,4608,ห้วยเม็ก,Huai Mek,460806,พิมูล,Phimun,46170
3816,ภาคตะวันออกเฉียงเหนือ,46,กาฬสินธุ์,Kalasin,4608,ห้วยเม็ก,Huai Mek,460807,คำเหมือดแก้ว,Kham Mueat Kaeo,46170
3817,ภาคตะวันออกเฉียงเหนือ,46,กาฬสินธุ์,Kalasin,4608,ห้วยเม็ก,Huai Mek,460808,โนนสะอาด,Non Sa-At,46170
3818,ภาคตะวันออกเฉียงเหนือ,46,กาฬสินธุ์,Kalasin,4608,ห้วยเม็ก,Huai Mek,460809,ทรายทอง,Sai Thong,46170
3819,ภาคตะวันออกเฉียงเหนือ,46,กาฬสินธุ์,Kalasin,4609,สหัสขันธ์,Sahatsakhan,460901,ภูสิงห์,Phu Sing,46140
3820,ภาคตะวันออกเฉียงเหนือ,46,กาฬสินธุ์,Kalasin,4609,สหัสขันธ์,Sahatsakhan,460902,สหัสขันธ์,Sahatsakhan,46140
3821,ภาคตะวันออกเฉียงเหนือ,46,กาฬสินธุ์,Kalasin,4609,สหัสขันธ์,Sahatsakhan,460903,นามะเขือ,Na Makhuea,46140
3822,ภาคตะวันออกเฉียงเหนือ,46,กาฬสินธุ์,Kalasin,4609,สหัสขันธ์,Sahatsakhan,460904,โนนศิลา,Non Sila,46140
3823,ภาคตะวันออกเฉียงเหนือ,46,กาฬสินธุ์,Kalasin,4609,สหัสขันธ์,Sahatsakhan,460905,นิคม,Nikhom,46140
3824,ภาคตะวันออกเฉียงเหนือ,46,กาฬสินธุ์,Kalasin,4609,สหัสขันธ์,Sahatsakhan,460906,โนนแหลมทอง,Non Laem Thong,46140
3825,ภาคตะวันออกเฉียงเหนือ,46,กาฬสินธุ์,Kalasin,4609,สหัสขันธ์,Sahatsakhan,460907,โนนบุรี,Non Buri,46140
3826,ภาคตะวันออกเฉียงเหนือ,46,กาฬสินธุ์,Kalasin,4609,สหัสขันธ์,Sahatsakhan,460908,โนนน้ำเกลี้ยง,Non Nam Kliang,46140
3827,ภาคตะวันออกเฉียงเหนือ,46,กาฬสินธุ์,Kalasin,4610,คำม่วง,Kham Muang,461001,ทุ่งคลอง,Thung Khlong,46180
3828,ภาคตะวันออกเฉียงเหนือ,46,กาฬสินธุ์,Kalasin,4610,คำม่วง,Kham Muang,461002,โพน,Phon,46180
3829,ภาคตะวันออกเฉียงเหนือ,46,กาฬสินธุ์,Kalasin,4610,คำม่วง,Kham Muang,461005,ดินจี่,Din Chi,46180
3830,ภาคตะวันออกเฉียงเหนือ,46,กาฬสินธุ์,Kalasin,4610,คำม่วง,Kham Muang,461006,นาบอน,Na Bon,46180
3831,ภาคตะวันออกเฉียงเหนือ,46,กาฬสินธุ์,Kalasin,4610,คำม่วง,Kham Muang,461007,นาทัน,Na Than,46180
3832,ภาคตะวันออกเฉียงเหนือ,46,กาฬสินธุ์,Kalasin,4610,คำม่วง,Kham Muang,461009,เนินยาง,Noen Yang,46180
3833,ภาคตะวันออกเฉียงเหนือ,46,กาฬสินธุ์,Kalasin,4611,ท่าคันโท,Tha Khantho,461101,ท่าคันโท,Tha Khantho,46190
3834,ภาคตะวันออกเฉียงเหนือ,46,กาฬสินธุ์,Kalasin,4611,ท่าคันโท,Tha Khantho,461102,กุงเก่า,Kung Kao,46190
3835,ภาคตะวันออกเฉียงเหนือ,46,กาฬสินธุ์,Kalasin,4611,ท่าคันโท,Tha Khantho,461103,ยางอู้ม,Yang Um,46190
3836,ภาคตะวันออกเฉียงเหนือ,46,กาฬสินธุ์,Kalasin,4611,ท่าคันโท,Tha Khantho,461104,กุดจิก,Kut Chik,46190
3837,ภาคตะวันออกเฉียงเหนือ,46,กาฬสินธุ์,Kalasin,4611,ท่าคันโท,Tha Khantho,461105,นาตาล,Na Tan,46190
3838,ภาคตะวันออกเฉียงเหนือ,46,กาฬสินธุ์,Kalasin,4611,ท่าคันโท,Tha Khantho,461106,ดงสมบูรณ์,Dong Sombun,46190
3839,ภาคตะวันออกเฉียงเหนือ,46,กาฬสินธุ์,Kalasin,4612,หนองกุงศรี,Nong Kung Si,461201,หนองกุงศรี,Nong Kung Si,46220
3840,ภาคตะวันออกเฉียงเหนือ,46,กาฬสินธุ์,Kalasin,4612,หนองกุงศรี,Nong Kung Si,461202,หนองบัว,Nong Bua,46220
3841,ภาคตะวันออกเฉียงเหนือ,46,กาฬสินธุ์,Kalasin,4612,หนองกุงศรี,Nong Kung Si,461203,โคกเครือ,Khok Khruea,46220
3842,ภาคตะวันออกเฉียงเหนือ,46,กาฬสินธุ์,Kalasin,4612,หนองกุงศรี,Nong Kung Si,461204,หนองสรวง,Nong Suang,46220
3843,ภาคตะวันออกเฉียงเหนือ,46,กาฬสินธุ์,Kalasin,4612,หนองกุงศรี,Nong Kung Si,461205,เสาเล้า,Sao Lao,46220
3844,ภาคตะวันออกเฉียงเหนือ,46,กาฬสินธุ์,Kalasin,4612,หนองกุงศรี,Nong Kung Si,461206,หนองใหญ่,Nong Yai,46220
3845,ภาคตะวันออกเฉียงเหนือ,46,กาฬสินธุ์,Kalasin,4612,หนองกุงศรี,Nong Kung Si,461207,ดงมูล,Dong Mun,46220
3846,ภาคตะวันออกเฉียงเหนือ,46,กาฬสินธุ์,Kalasin,4612,หนองกุงศรี,Nong Kung Si,461208,ลำหนองแสน,Lam Nong Saen,46220
3847,ภาคตะวันออกเฉียงเหนือ,46,กาฬสินธุ์,Kalasin,4612,หนองกุงศรี,Nong Kung Si,461209,หนองหิน,Nong Hin,46220
3848,ภาคตะวันออกเฉียงเหนือ,46,กาฬสินธุ์,Kalasin,4613,สมเด็จ,Somdet,461301,สมเด็จ,Somdet,46150
3849,ภาคตะวันออกเฉียงเหนือ,46,กาฬสินธุ์,Kalasin,4613,สมเด็จ,Somdet,461302,หนองแวง,Nong Waeng,46150
3850,ภาคตะวันออกเฉียงเหนือ,46,กาฬสินธุ์,Kalasin,4613,สมเด็จ,Somdet,461303,แซงบาดาล,Saeng Badan,46150
3851,ภาคตะวันออกเฉียงเหนือ,46,กาฬสินธุ์,Kalasin,4613,สมเด็จ,Somdet,461304,มหาไชย,Mahachai,46150
3852,ภาคตะวันออกเฉียงเหนือ,46,กาฬสินธุ์,Kalasin,4613,สมเด็จ,Somdet,461305,หมูม่น,Mu Mon,46150
3853,ภาคตะวันออกเฉียงเหนือ,46,กาฬสินธุ์,Kalasin,4613,สมเด็จ,Somdet,461306,ผาเสวย,Pha Sawoei,46150
3854,ภาคตะวันออกเฉียงเหนือ,46,กาฬสินธุ์,Kalasin,4613,สมเด็จ,Somdet,461307,ศรีสมเด็จ,Si Somdet,46150
3855,ภาคตะวันออกเฉียงเหนือ,46,กาฬสินธุ์,Kalasin,4613,สมเด็จ,Somdet,461308,ลำห้วยหลัว,Lam Huai Lua,46150
3856,ภาคตะวันออกเฉียงเหนือ,46,กาฬสินธุ์,Kalasin,4614,ห้วยผึ้ง,Huai Phueng,461401,คำบง,Kham Bong,46240
3857,ภาคตะวันออกเฉียงเหนือ,46,กาฬสินธุ์,Kalasin,4614,ห้วยผึ้ง,Huai Phueng,461402,ไค้นุ่น,Khai Nun,46240
3858,ภาคตะวันออกเฉียงเหนือ,46,กาฬสินธุ์,Kalasin,4614,ห้วยผึ้ง,Huai Phueng,461403,นิคมห้วยผึ้ง,Nikhom Huai Phueng,46240
3859,ภาคตะวันออกเฉียงเหนือ,46,กาฬสินธุ์,Kalasin,4614,ห้วยผึ้ง,Huai Phueng,461404,หนองอีบุตร,Nong I But,46240
3860,ภาคตะวันออกเฉียงเหนือ,46,กาฬสินธุ์,Kalasin,4615,สามชัย,Sam Chai,461501,สำราญ,Samran,46180
3861,ภาคตะวันออกเฉียงเหนือ,46,กาฬสินธุ์,Kalasin,4615,สามชัย,Sam Chai,461502,สำราญใต้,Samran Tai,46180
3862,ภาคตะวันออกเฉียงเหนือ,46,กาฬสินธุ์,Kalasin,4615,สามชัย,Sam Chai,461503,คำสร้างเที่ยง,Kham Sang Thiang,46180
3863,ภาคตะวันออกเฉียงเหนือ,46,กาฬสินธุ์,Kalasin,4615,สามชัย,Sam Chai,461504,หนองช้าง,Nong Chang,46180
3864,ภาคตะวันออกเฉียงเหนือ,46,กาฬสินธุ์,Kalasin,4616,นาคู,Na Khu,461601,นาคู,Na Khu,46160
3865,ภาคตะวันออกเฉียงเหนือ,46,กาฬสินธุ์,Kalasin,4616,นาคู,Na Khu,461602,สายนาวัง,Sai Na Wang,46160
3866,ภาคตะวันออกเฉียงเหนือ,46,กาฬสินธุ์,Kalasin,4616,นาคู,Na Khu,461603,โนนนาจาน,Non Na Chan,46160
3867,ภาคตะวันออกเฉียงเหนือ,46,กาฬสินธุ์,Kalasin,4616,นาคู,Na Khu,461604,บ่อแก้ว,Bo Kaeo,46160
3868,ภาคตะวันออกเฉียงเหนือ,46,กาฬสินธุ์,Kalasin,4616,นาคู,Na Khu,461605,ภูแล่นช้าง,Phu Laen Chang,46160
3869,ภาคตะวันออกเฉียงเหนือ,46,กาฬสินธุ์,Kalasin,4617,ดอนจาน,Don Chan,461701,ดอนจาน,Don Chan,46000
3870,ภาคตะวันออกเฉียงเหนือ,46,กาฬสินธุ์,Kalasin,4617,ดอนจาน,Don Chan,461702,สะอาดไชยศรี,Sa-At Chai Si,46000
3871,ภาคตะวันออกเฉียงเหนือ,46,กาฬสินธุ์,Kalasin,4617,ดอนจาน,Don Chan,461703,ดงพยุง,Dong Phayung,46000
3872,ภาคตะวันออกเฉียงเหนือ,46,กาฬสินธุ์,Kalasin,4617,ดอนจาน,Don Chan,461704,ม่วงนา,Muang Na,46000
3873,ภาคตะวันออกเฉียงเหนือ,46,กาฬสินธุ์,Kalasin,4617,ดอนจาน,Don Chan,461705,นาจำปา,Na Champa,46000
3874,ภาคตะวันออกเฉียงเหนือ,46,กาฬสินธุ์,Kalasin,4618,ฆ้องชัย,Khong Chai,461801,ฆ้องชัยพัฒนา,Khong Chai Phatthana,46130
3875,ภาคตะวันออกเฉียงเหนือ,46,กาฬสินธุ์,Kalasin,4618,ฆ้องชัย,Khong Chai,461802,เหล่ากลาง,Lao Klang,46130
3876,ภาคตะวันออกเฉียงเหนือ,46,กาฬสินธุ์,Kalasin,4618,ฆ้องชัย,Khong Chai,461803,โคกสะอาด,Khok Sa-At,46130
3877,ภาคตะวันออกเฉียงเหนือ,46,กาฬสินธุ์,Kalasin,4618,ฆ้องชัย,Khong Chai,461804,โนนศิลาเลิง,Non Sila Loeng,46130
3878,ภาคตะวันออกเฉียงเหนือ,46,กาฬสินธุ์,Kalasin,4618,ฆ้องชัย,Khong Chai,461805,ลำชี,Lam Chi,46130
3879,ภาคตะวันออกเฉียงเหนือ,47,สกลนคร,Sakon Nakhon,4701,เมืองสกลนคร,Mueang Sakon Nakhon,470101,ธาตุเชิงชุม,That Choengchum,47000
3880,ภาคตะวันออกเฉียงเหนือ,47,สกลนคร,Sakon Nakhon,4701,เมืองสกลนคร,Mueang Sakon Nakhon,470102,ขมิ้น,Khamin,47220
3881,ภาคตะวันออกเฉียงเหนือ,47,สกลนคร,Sakon Nakhon,4701,เมืองสกลนคร,Mueang Sakon Nakhon,470103,งิ้วด่อน,Ngio Don,47000
3882,ภาคตะวันออกเฉียงเหนือ,47,สกลนคร,Sakon Nakhon,4701,เมืองสกลนคร,Mueang Sakon Nakhon,470104,โนนหอม,Non Hom,47000
3883,ภาคตะวันออกเฉียงเหนือ,47,สกลนคร,Sakon Nakhon,4701,เมืองสกลนคร,Mueang Sakon Nakhon,470106,เชียงเครือ,Chiang Khruea,47000
3884,ภาคตะวันออกเฉียงเหนือ,47,สกลนคร,Sakon Nakhon,4701,เมืองสกลนคร,Mueang Sakon Nakhon,470107,ท่าแร่,Tha Rae,47000
3885,ภาคตะวันออกเฉียงเหนือ,47,สกลนคร,Sakon Nakhon,4701,เมืองสกลนคร,Mueang Sakon Nakhon,470109,ม่วงลาย,Muang Lai,47000
3886,ภาคตะวันออกเฉียงเหนือ,47,สกลนคร,Sakon Nakhon,4701,เมืองสกลนคร,Mueang Sakon Nakhon,470111,ดงชน,Dong Chon,47000
3887,ภาคตะวันออกเฉียงเหนือ,47,สกลนคร,Sakon Nakhon,4701,เมืองสกลนคร,Mueang Sakon Nakhon,470112,ห้วยยาง,Huai Yang,47000
3888,ภาคตะวันออกเฉียงเหนือ,47,สกลนคร,Sakon Nakhon,4701,เมืองสกลนคร,Mueang Sakon Nakhon,470113,พังขว้าง,Phang Khwang,47000
3889,ภาคตะวันออกเฉียงเหนือ,47,สกลนคร,Sakon Nakhon,4701,เมืองสกลนคร,Mueang Sakon Nakhon,470115,ดงมะไฟ,Dong Mafai,47000
3890,ภาคตะวันออกเฉียงเหนือ,47,สกลนคร,Sakon Nakhon,4701,เมืองสกลนคร,Mueang Sakon Nakhon,470116,ธาตุนาเวง,That Naweng,47000
3891,ภาคตะวันออกเฉียงเหนือ,47,สกลนคร,Sakon Nakhon,4701,เมืองสกลนคร,Mueang Sakon Nakhon,470117,เหล่าปอแดง,Lao Po Daeng,47000
3892,ภาคตะวันออกเฉียงเหนือ,47,สกลนคร,Sakon Nakhon,4701,เมืองสกลนคร,Mueang Sakon Nakhon,470118,หนองลาด,Nong Lat,47220
3893,ภาคตะวันออกเฉียงเหนือ,47,สกลนคร,Sakon Nakhon,4701,เมืองสกลนคร,Mueang Sakon Nakhon,470120,ฮางโฮง,Hang Hong,47000
3894,ภาคตะวันออกเฉียงเหนือ,47,สกลนคร,Sakon Nakhon,4701,เมืองสกลนคร,Mueang Sakon Nakhon,470121,โคกก่อง,Khok Kong,47000
3895,ภาคตะวันออกเฉียงเหนือ,47,สกลนคร,Sakon Nakhon,4702,กุสุมาลย์,Kusuman,470201,กุสุมาลย์,Kusuman,47210
3896,ภาคตะวันออกเฉียงเหนือ,47,สกลนคร,Sakon Nakhon,4702,กุสุมาลย์,Kusuman,470202,นาโพธิ์,Na Pho,47210
3897,ภาคตะวันออกเฉียงเหนือ,47,สกลนคร,Sakon Nakhon,4702,กุสุมาลย์,Kusuman,470203,นาเพียง,Na Phiang,47230
3898,ภาคตะวันออกเฉียงเหนือ,47,สกลนคร,Sakon Nakhon,4702,กุสุมาลย์,Kusuman,470204,โพธิไพศาล,Pho Phisan,47210
3899,ภาคตะวันออกเฉียงเหนือ,47,สกลนคร,Sakon Nakhon,4702,กุสุมาลย์,Kusuman,470205,อุ่มจาน,Um Chan,47230
3900,ภาคตะวันออกเฉียงเหนือ,47,สกลนคร,Sakon Nakhon,4703,กุดบาก,Kut Bak,470301,กุดบาก,Kut Bak,47180
3901,ภาคตะวันออกเฉียงเหนือ,47,สกลนคร,Sakon Nakhon,4703,กุดบาก,Kut Bak,470303,นาม่อง,Na Mong,47180
3902,ภาคตะวันออกเฉียงเหนือ,47,สกลนคร,Sakon Nakhon,4703,กุดบาก,Kut Bak,470305,กุดไห,Kut Hai,47180
3903,ภาคตะวันออกเฉียงเหนือ,47,สกลนคร,Sakon Nakhon,4704,พรรณานิคม,Phanna Nikhom,470401,พรรณา,Phanna,47130
3904,ภาคตะวันออกเฉียงเหนือ,47,สกลนคร,Sakon Nakhon,4704,พรรณานิคม,Phanna Nikhom,470402,วังยาง,Wang Yang,47130
3905,ภาคตะวันออกเฉียงเหนือ,47,สกลนคร,Sakon Nakhon,4704,พรรณานิคม,Phanna Nikhom,470403,พอกน้อย,Phok Noi,47220
3906,ภาคตะวันออกเฉียงเหนือ,47,สกลนคร,Sakon Nakhon,4704,พรรณานิคม,Phanna Nikhom,470404,นาหัวบ่อ,Na Hua Bo,47220
3907,ภาคตะวันออกเฉียงเหนือ,47,สกลนคร,Sakon Nakhon,4704,พรรณานิคม,Phanna Nikhom,470405,ไร่,Rai,47130
3908,ภาคตะวันออกเฉียงเหนือ,47,สกลนคร,Sakon Nakhon,4704,พรรณานิคม,Phanna Nikhom,470406,ช้างมิ่ง,Chang Ming,47130
3909,ภาคตะวันออกเฉียงเหนือ,47,สกลนคร,Sakon Nakhon,4704,พรรณานิคม,Phanna Nikhom,470407,นาใน,Na Nai,47130
3910,ภาคตะวันออกเฉียงเหนือ,47,สกลนคร,Sakon Nakhon,4704,พรรณานิคม,Phanna Nikhom,470408,สว่าง,Sawang,47130
3911,ภาคตะวันออกเฉียงเหนือ,47,สกลนคร,Sakon Nakhon,4704,พรรณานิคม,Phanna Nikhom,470409,บะฮี,Bahi,47130
3912,ภาคตะวันออกเฉียงเหนือ,47,สกลนคร,Sakon Nakhon,4704,พรรณานิคม,Phanna Nikhom,470410,เชิงชุม,Choeng Chum,47130
3913,ภาคตะวันออกเฉียงเหนือ,47,สกลนคร,Sakon Nakhon,4705,พังโคน,Phanh Khon,470501,พังโคน,Phang Khon,47160
3914,ภาคตะวันออกเฉียงเหนือ,47,สกลนคร,Sakon Nakhon,4705,พังโคน,Phanh Khon,470502,ม่วงไข่,Muang Khai,47160
3915,ภาคตะวันออกเฉียงเหนือ,47,สกลนคร,Sakon Nakhon,4705,พังโคน,Phanh Khon,470503,แร่,Rae,47160
3916,ภาคตะวันออกเฉียงเหนือ,47,สกลนคร,Sakon Nakhon,4705,พังโคน,Phanh Khon,470504,ไฮหย่อง,Hai Yong,47160
3917,ภาคตะวันออกเฉียงเหนือ,47,สกลนคร,Sakon Nakhon,4705,พังโคน,Phanh Khon,470505,ต้นผึ้ง,Ton Phueng,47160
3918,ภาคตะวันออกเฉียงเหนือ,47,สกลนคร,Sakon Nakhon,4706,วาริชภูมิ,Waritchaphum,470601,วาริชภูมิ,Waritchaphum,47150
3919,ภาคตะวันออกเฉียงเหนือ,47,สกลนคร,Sakon Nakhon,4706,วาริชภูมิ,Waritchaphum,470602,ปลาโหล,Pla Lo,47150
3920,ภาคตะวันออกเฉียงเหนือ,47,สกลนคร,Sakon Nakhon,4706,วาริชภูมิ,Waritchaphum,470603,หนองลาด,Nong Lat,47150
3921,ภาคตะวันออกเฉียงเหนือ,47,สกลนคร,Sakon Nakhon,4706,วาริชภูมิ,Waritchaphum,470604,คำบ่อ,Kham Bo,47150
3922,ภาคตะวันออกเฉียงเหนือ,47,สกลนคร,Sakon Nakhon,4706,วาริชภูมิ,Waritchaphum,470605,ค้อเขียว,Kho Khiao,47150
3923,ภาคตะวันออกเฉียงเหนือ,47,สกลนคร,Sakon Nakhon,4707,นิคมน้ำอูน,Nikhom Nam Un,470701,นิคมน้ำอูน,Nikhom Nam Un,47270
3924,ภาคตะวันออกเฉียงเหนือ,47,สกลนคร,Sakon Nakhon,4707,นิคมน้ำอูน,Nikhom Nam Un,470702,หนองปลิง,Nong Pling,47270
3925,ภาคตะวันออกเฉียงเหนือ,47,สกลนคร,Sakon Nakhon,4707,นิคมน้ำอูน,Nikhom Nam Un,470703,หนองบัว,Nong Bua,47270
3926,ภาคตะวันออกเฉียงเหนือ,47,สกลนคร,Sakon Nakhon,4707,นิคมน้ำอูน,Nikhom Nam Un,470704,สุวรรณคาม,Suwanakham,47270
3927,ภาคตะวันออกเฉียงเหนือ,47,สกลนคร,Sakon Nakhon,4708,วานรนิวาส,Wanon Niwat,470801,วานรนิวาส,Wanon Niwat,47120
3928,ภาคตะวันออกเฉียงเหนือ,47,สกลนคร,Sakon Nakhon,4708,วานรนิวาส,Wanon Niwat,470802,เดื่อศรีคันไชย,Duea Si Khan Chai,47120
3929,ภาคตะวันออกเฉียงเหนือ,47,สกลนคร,Sakon Nakhon,4708,วานรนิวาส,Wanon Niwat,470803,ขัวก่าย,Khua Kai,47120
3930,ภาคตะวันออกเฉียงเหนือ,47,สกลนคร,Sakon Nakhon,4708,วานรนิวาส,Wanon Niwat,470804,หนองสนม,Nong Sanom,47120
3931,ภาคตะวันออกเฉียงเหนือ,47,สกลนคร,Sakon Nakhon,4708,วานรนิวาส,Wanon Niwat,470805,คูสะคาม,Khu Sakham,47120
3932,ภาคตะวันออกเฉียงเหนือ,47,สกลนคร,Sakon Nakhon,4708,วานรนิวาส,Wanon Niwat,470806,ธาตุ,That,47120
3933,ภาคตะวันออกเฉียงเหนือ,47,สกลนคร,Sakon Nakhon,4708,วานรนิวาส,Wanon Niwat,470807,หนองแวง,Nong Waeng,47120
3934,ภาคตะวันออกเฉียงเหนือ,47,สกลนคร,Sakon Nakhon,4708,วานรนิวาส,Wanon Niwat,470808,ศรีวิชัย,Si Wichai,47120
3935,ภาคตะวันออกเฉียงเหนือ,47,สกลนคร,Sakon Nakhon,4708,วานรนิวาส,Wanon Niwat,470809,นาซอ,Na So,47120
3936,ภาคตะวันออกเฉียงเหนือ,47,สกลนคร,Sakon Nakhon,4708,วานรนิวาส,Wanon Niwat,470810,อินทร์แปลง,In Plaeng,47120
3937,ภาคตะวันออกเฉียงเหนือ,47,สกลนคร,Sakon Nakhon,4708,วานรนิวาส,Wanon Niwat,470811,นาคำ,Na Kham,47120
3938,ภาคตะวันออกเฉียงเหนือ,47,สกลนคร,Sakon Nakhon,4708,วานรนิวาส,Wanon Niwat,470812,คอนสวรรค์,Khon Sawan,47120
3939,ภาคตะวันออกเฉียงเหนือ,47,สกลนคร,Sakon Nakhon,4708,วานรนิวาส,Wanon Niwat,470813,กุดเรือคำ,Kut Ruea Kham,47120
3940,ภาคตะวันออกเฉียงเหนือ,47,สกลนคร,Sakon Nakhon,4708,วานรนิวาส,Wanon Niwat,470814,หนองแวงใต้,Nong Waeng Tai,47120
3941,ภาคตะวันออกเฉียงเหนือ,47,สกลนคร,Sakon Nakhon,4709,คำตากล้า,Kham Ta Kla,470901,คำตากล้า,Kham Ta Kla,47250
3942,ภาคตะวันออกเฉียงเหนือ,47,สกลนคร,Sakon Nakhon,4709,คำตากล้า,Kham Ta Kla,470902,หนองบัวสิม,Nong Bua Sim,47250
3943,ภาคตะวันออกเฉียงเหนือ,47,สกลนคร,Sakon Nakhon,4709,คำตากล้า,Kham Ta Kla,470903,นาแต้,Na Tae,47250
3944,ภาคตะวันออกเฉียงเหนือ,47,สกลนคร,Sakon Nakhon,4709,คำตากล้า,Kham Ta Kla,470904,แพด,Phaet,47250
3945,ภาคตะวันออกเฉียงเหนือ,47,สกลนคร,Sakon Nakhon,4710,บ้านม่วง,Ban Muang,471001,ม่วง,Muang,47140
3946,ภาคตะวันออกเฉียงเหนือ,47,สกลนคร,Sakon Nakhon,4710,บ้านม่วง,Ban Muang,471002,มาย,Mai,47140
3947,ภาคตะวันออกเฉียงเหนือ,47,สกลนคร,Sakon Nakhon,4710,บ้านม่วง,Ban Muang,471003,ดงหม้อทอง,Dong Mo Thong,47140
3948,ภาคตะวันออกเฉียงเหนือ,47,สกลนคร,Sakon Nakhon,4710,บ้านม่วง,Ban Muang,471004,ดงเหนือ,Dong Nuea,47140
3949,ภาคตะวันออกเฉียงเหนือ,47,สกลนคร,Sakon Nakhon,4710,บ้านม่วง,Ban Muang,471005,ดงหม้อทองใต้,Dong Mo Thong Tai,47140
3950,ภาคตะวันออกเฉียงเหนือ,47,สกลนคร,Sakon Nakhon,4710,บ้านม่วง,Ban Muang,471006,ห้วยหลัว,Huai Lua,47140
3951,ภาคตะวันออกเฉียงเหนือ,47,สกลนคร,Sakon Nakhon,4710,บ้านม่วง,Ban Muang,471007,โนนสะอาด,Non Sa-At,47140
3952,ภาคตะวันออกเฉียงเหนือ,47,สกลนคร,Sakon Nakhon,4710,บ้านม่วง,Ban Muang,471008,หนองกวั่ง,Nong Kwang,47140
3953,ภาคตะวันออกเฉียงเหนือ,47,สกลนคร,Sakon Nakhon,4710,บ้านม่วง,Ban Muang,471009,บ่อแก้ว,Bo Kaeo,47140
3954,ภาคตะวันออกเฉียงเหนือ,47,สกลนคร,Sakon Nakhon,4711,อากาศอำนวย,Akat Amnuai,471101,อากาศ,Akat,47170
3955,ภาคตะวันออกเฉียงเหนือ,47,สกลนคร,Sakon Nakhon,4711,อากาศอำนวย,Akat Amnuai,471102,โพนแพง,Phon Phaeng,47170
3956,ภาคตะวันออกเฉียงเหนือ,47,สกลนคร,Sakon Nakhon,4711,อากาศอำนวย,Akat Amnuai,471103,วาใหญ่,Wa Yai,47170
3957,ภาคตะวันออกเฉียงเหนือ,47,สกลนคร,Sakon Nakhon,4711,อากาศอำนวย,Akat Amnuai,471104,โพนงาม,Phon Ngam,47170
3958,ภาคตะวันออกเฉียงเหนือ,47,สกลนคร,Sakon Nakhon,4711,อากาศอำนวย,Akat Amnuai,471105,ท่าก้อน,Tha Kon,47170
3959,ภาคตะวันออกเฉียงเหนือ,47,สกลนคร,Sakon Nakhon,4711,อากาศอำนวย,Akat Amnuai,471106,นาฮี,Na Hi,47170
3960,ภาคตะวันออกเฉียงเหนือ,47,สกลนคร,Sakon Nakhon,4711,อากาศอำนวย,Akat Amnuai,471107,บะหว้า,Bawa,47170
3961,ภาคตะวันออกเฉียงเหนือ,47,สกลนคร,Sakon Nakhon,4711,อากาศอำนวย,Akat Amnuai,471108,สามัคคีพัฒนา,Samakkhi Phatthana,47170
3962,ภาคตะวันออกเฉียงเหนือ,47,สกลนคร,Sakon Nakhon,4712,สว่างแดนดิน,Sawang Daen Din,471201,สว่างแดนดิน,Sawang Daen Din,47110
3963,ภาคตะวันออกเฉียงเหนือ,47,สกลนคร,Sakon Nakhon,4712,สว่างแดนดิน,Sawang Daen Din,471203,คำสะอาด,Kham Sa-At,47110
3964,ภาคตะวันออกเฉียงเหนือ,47,สกลนคร,Sakon Nakhon,4712,สว่างแดนดิน,Sawang Daen Din,471204,บ้านต้าย,Ban Tai,47110
3965,ภาคตะวันออกเฉียงเหนือ,47,สกลนคร,Sakon Nakhon,4712,สว่างแดนดิน,Sawang Daen Din,471206,บงเหนือ,Bong Nuea,47110
3966,ภาคตะวันออกเฉียงเหนือ,47,สกลนคร,Sakon Nakhon,4712,สว่างแดนดิน,Sawang Daen Din,471207,โพนสูง,Phon Sung,47110
3967,ภาคตะวันออกเฉียงเหนือ,47,สกลนคร,Sakon Nakhon,4712,สว่างแดนดิน,Sawang Daen Din,471208,โคกสี,Khok Si,47110
3968,ภาคตะวันออกเฉียงเหนือ,47,สกลนคร,Sakon Nakhon,4712,สว่างแดนดิน,Sawang Daen Din,471210,หนองหลวง,Nong Luang,47110
3969,ภาคตะวันออกเฉียงเหนือ,47,สกลนคร,Sakon Nakhon,4712,สว่างแดนดิน,Sawang Daen Din,471211,บงใต้,Bong Tai,47110
3970,ภาคตะวันออกเฉียงเหนือ,47,สกลนคร,Sakon Nakhon,4712,สว่างแดนดิน,Sawang Daen Din,471212,ค้อใต้,Kho Tai,47110
3971,ภาคตะวันออกเฉียงเหนือ,47,สกลนคร,Sakon Nakhon,4712,สว่างแดนดิน,Sawang Daen Din,471213,พันนา,Phan Na,47240
3972,ภาคตะวันออกเฉียงเหนือ,47,สกลนคร,Sakon Nakhon,4712,สว่างแดนดิน,Sawang Daen Din,471214,แวง,Waeng,47240
3973,ภาคตะวันออกเฉียงเหนือ,47,สกลนคร,Sakon Nakhon,4712,สว่างแดนดิน,Sawang Daen Din,471215,ทรายมูล,Sai Mun,47110
3974,ภาคตะวันออกเฉียงเหนือ,47,สกลนคร,Sakon Nakhon,4712,สว่างแดนดิน,Sawang Daen Din,471216,ตาลโกน,Tan Kon,47240
3975,ภาคตะวันออกเฉียงเหนือ,47,สกลนคร,Sakon Nakhon,4712,สว่างแดนดิน,Sawang Daen Din,471217,ตาลเนิ้ง,Tan Noeng,47240
3976,ภาคตะวันออกเฉียงเหนือ,47,สกลนคร,Sakon Nakhon,4712,สว่างแดนดิน,Sawang Daen Din,471220,ธาตุทอง,That Thong,47240
3977,ภาคตะวันออกเฉียงเหนือ,47,สกลนคร,Sakon Nakhon,4712,สว่างแดนดิน,Sawang Daen Din,471221,บ้านถ่อน,Ban Thon,47110
3978,ภาคตะวันออกเฉียงเหนือ,47,สกลนคร,Sakon Nakhon,4713,ส่องดาว,Song Dao,471301,ส่องดาว,Song Dao,47190
3979,ภาคตะวันออกเฉียงเหนือ,47,สกลนคร,Sakon Nakhon,4713,ส่องดาว,Song Dao,471302,ท่าศิลา,Tha Sila,47190
3980,ภาคตะวันออกเฉียงเหนือ,47,สกลนคร,Sakon Nakhon,4713,ส่องดาว,Song Dao,471303,วัฒนา,Watthana,47190
3981,ภาคตะวันออกเฉียงเหนือ,47,สกลนคร,Sakon Nakhon,4713,ส่องดาว,Song Dao,471304,ปทุมวาปี,Pathum Wapi,47190
3982,ภาคตะวันออกเฉียงเหนือ,47,สกลนคร,Sakon Nakhon,4714,เต่างอย,Tao Ngoi,471401,เต่างอย,Tao Ngoi,47260
3983,ภาคตะวันออกเฉียงเหนือ,47,สกลนคร,Sakon Nakhon,4714,เต่างอย,Tao Ngoi,471402,บึงทวาย,Bueng Thawai,47260
3984,ภาคตะวันออกเฉียงเหนือ,47,สกลนคร,Sakon Nakhon,4714,เต่างอย,Tao Ngoi,471403,นาตาล,Na Tan,47260
3985,ภาคตะวันออกเฉียงเหนือ,47,สกลนคร,Sakon Nakhon,4714,เต่างอย,Tao Ngoi,471404,จันทร์เพ็ญ,Chan Phen,47260
3986,ภาคตะวันออกเฉียงเหนือ,47,สกลนคร,Sakon Nakhon,4715,โคกศรีสุพรรณ,Khok Si Suphan,471501,ตองโขบ,Tong Khop,47280
3987,ภาคตะวันออกเฉียงเหนือ,47,สกลนคร,Sakon Nakhon,4715,โคกศรีสุพรรณ,Khok Si Suphan,471502,เหล่าโพนค้อ,Lao Phon Kho,47280
3988,ภาคตะวันออกเฉียงเหนือ,47,สกลนคร,Sakon Nakhon,4715,โคกศรีสุพรรณ,Khok Si Suphan,471503,ด่านม่วงคำ,Dan Muang Kham,47280
3989,ภาคตะวันออกเฉียงเหนือ,47,สกลนคร,Sakon Nakhon,4715,โคกศรีสุพรรณ,Khok Si Suphan,471504,แมดนาท่ม,Maet Na Thom,47280
3990,ภาคตะวันออกเฉียงเหนือ,47,สกลนคร,Sakon Nakhon,4716,เจริญศิลป์,Charoen Sin,471601,บ้านเหล่า,Ban Lao,47290
3991,ภาคตะวันออกเฉียงเหนือ,47,สกลนคร,Sakon Nakhon,4716,เจริญศิลป์,Charoen Sin,471602,เจริญศิลป์,Charoen Sin,47290
3992,ภาคตะวันออกเฉียงเหนือ,47,สกลนคร,Sakon Nakhon,4716,เจริญศิลป์,Charoen Sin,471603,ทุ่งแก,Thung Kae,47290
3993,ภาคตะวันออกเฉียงเหนือ,47,สกลนคร,Sakon Nakhon,4716,เจริญศิลป์,Charoen Sin,471604,โคกศิลา,Khok Sila,47290
3994,ภาคตะวันออกเฉียงเหนือ,47,สกลนคร,Sakon Nakhon,4716,เจริญศิลป์,Charoen Sin,471605,หนองแปน,Nong Paen,47290
3995,ภาคตะวันออกเฉียงเหนือ,47,สกลนคร,Sakon Nakhon,4717,โพนนาแก้ว,Phon Na Kaeo,471701,บ้านโพน,Ban Phon,47230
3996,ภาคตะวันออกเฉียงเหนือ,47,สกลนคร,Sakon Nakhon,4717,โพนนาแก้ว,Phon Na Kaeo,471702,นาแก้ว,Na Kaeo,47230
3997,ภาคตะวันออกเฉียงเหนือ,47,สกลนคร,Sakon Nakhon,4717,โพนนาแก้ว,Phon Na Kaeo,471703,นาตงวัฒนา,Na Tong Watthana,47230
3998,ภาคตะวันออกเฉียงเหนือ,47,สกลนคร,Sakon Nakhon,4717,โพนนาแก้ว,Phon Na Kaeo,471704,บ้านแป้น,Ban Paen,47230
3999,ภาคตะวันออกเฉียงเหนือ,47,สกลนคร,Sakon Nakhon,4717,โพนนาแก้ว,Phon Na Kaeo,471705,เชียงสือ,Chiang Sue,47230
4000,ภาคตะวันออกเฉียงเหนือ,47,สกลนคร,Sakon Nakhon,4718,ภูพาน,Phu Phan,471801,สร้างค้อ,Sang Kho,47180
4001,ภาคตะวันออกเฉียงเหนือ,47,สกลนคร,Sakon Nakhon,4718,ภูพาน,Phu Phan,471802,หลุบเลา,Luplao,47180
4002,ภาคตะวันออกเฉียงเหนือ,47,สกลนคร,Sakon Nakhon,4718,ภูพาน,Phu Phan,471803,โคกภู,Khok Phu,47180
4003,ภาคตะวันออกเฉียงเหนือ,47,สกลนคร,Sakon Nakhon,4718,ภูพาน,Phu Phan,471804,กกปลาซิว,Kok Pla Sio,47180
4004,ภาคตะวันออกเฉียงเหนือ,48,นครพนม,Nakhon Phanom,4801,เมืองนครพนม,Mueang Nakhon Phanom,480101,ในเมือง,Nai Mueang,48000
4005,ภาคตะวันออกเฉียงเหนือ,48,นครพนม,Nakhon Phanom,4801,เมืองนครพนม,Mueang Nakhon Phanom,480102,หนองแสง,Nong Saeng,48000
4006,ภาคตะวันออกเฉียงเหนือ,48,นครพนม,Nakhon Phanom,4801,เมืองนครพนม,Mueang Nakhon Phanom,480103,นาทราย,Na Sai,48000
4007,ภาคตะวันออกเฉียงเหนือ,48,นครพนม,Nakhon Phanom,4801,เมืองนครพนม,Mueang Nakhon Phanom,480104,นาราชควาย,Na Ratchakhwai,48000
4008,ภาคตะวันออกเฉียงเหนือ,48,นครพนม,Nakhon Phanom,4801,เมืองนครพนม,Mueang Nakhon Phanom,480105,กุรุคุ,Kurukhu,48000
4009,ภาคตะวันออกเฉียงเหนือ,48,นครพนม,Nakhon Phanom,4801,เมืองนครพนม,Mueang Nakhon Phanom,480106,บ้านผึ้ง,Ban Phueng,48000
4010,ภาคตะวันออกเฉียงเหนือ,48,นครพนม,Nakhon Phanom,4801,เมืองนครพนม,Mueang Nakhon Phanom,480107,อาจสามารถ,At Samat,48000
4011,ภาคตะวันออกเฉียงเหนือ,48,นครพนม,Nakhon Phanom,4801,เมืองนครพนม,Mueang Nakhon Phanom,480108,ขามเฒ่า,Kham Thao,48000
4012,ภาคตะวันออกเฉียงเหนือ,48,นครพนม,Nakhon Phanom,4801,เมืองนครพนม,Mueang Nakhon Phanom,480109,บ้านกลาง,Ban Klang,48000
4013,ภาคตะวันออกเฉียงเหนือ,48,นครพนม,Nakhon Phanom,4801,เมืองนครพนม,Mueang Nakhon Phanom,480110,ท่าค้อ,Tha Kho,48000
4014,ภาคตะวันออกเฉียงเหนือ,48,นครพนม,Nakhon Phanom,4801,เมืองนครพนม,Mueang Nakhon Phanom,480111,คำเตย,Kham Toei,48000
4015,ภาคตะวันออกเฉียงเหนือ,48,นครพนม,Nakhon Phanom,4801,เมืองนครพนม,Mueang Nakhon Phanom,480112,หนองญาติ,Nong Yat,48000
4016,ภาคตะวันออกเฉียงเหนือ,48,นครพนม,Nakhon Phanom,4801,เมืองนครพนม,Mueang Nakhon Phanom,480113,ดงขวาง,Dong Khwang,48000
4017,ภาคตะวันออกเฉียงเหนือ,48,นครพนม,Nakhon Phanom,4801,เมืองนครพนม,Mueang Nakhon Phanom,480114,วังตามัว,Wang Ta Mua,48000
4018,ภาคตะวันออกเฉียงเหนือ,48,นครพนม,Nakhon Phanom,4801,เมืองนครพนม,Mueang Nakhon Phanom,480115,โพธิ์ตาก,Pho Tak,48000
4019,ภาคตะวันออกเฉียงเหนือ,48,นครพนม,Nakhon Phanom,4802,ปลาปาก,Pla Pak,480201,ปลาปาก,Pla Pak,48160
4020,ภาคตะวันออกเฉียงเหนือ,48,นครพนม,Nakhon Phanom,4802,ปลาปาก,Pla Pak,480202,หนองฮี,Nong Hi,48160
4021,ภาคตะวันออกเฉียงเหนือ,48,นครพนม,Nakhon Phanom,4802,ปลาปาก,Pla Pak,480203,กุตาไก้,Kut Takai,48160
4022,ภาคตะวันออกเฉียงเหนือ,48,นครพนม,Nakhon Phanom,4802,ปลาปาก,Pla Pak,480204,โคกสว่าง,Khok Sawang,48160
4023,ภาคตะวันออกเฉียงเหนือ,48,นครพนม,Nakhon Phanom,4802,ปลาปาก,Pla Pak,480205,โคกสูง,Khok Sung,48160
4024,ภาคตะวันออกเฉียงเหนือ,48,นครพนม,Nakhon Phanom,4802,ปลาปาก,Pla Pak,480206,มหาชัย,Mahachai,48160
4025,ภาคตะวันออกเฉียงเหนือ,48,นครพนม,Nakhon Phanom,4802,ปลาปาก,Pla Pak,480207,นามะเขือ,Na Makhuea,48160
4026,ภาคตะวันออกเฉียงเหนือ,48,นครพนม,Nakhon Phanom,4802,ปลาปาก,Pla Pak,480208,หนองเทาใหญ่,Nong Thao Yai,48160
4027,ภาคตะวันออกเฉียงเหนือ,48,นครพนม,Nakhon Phanom,4803,ท่าอุเทน,Tha Uthen,480301,ท่าอุเทน,Tha Uthen,48120
4028,ภาคตะวันออกเฉียงเหนือ,48,นครพนม,Nakhon Phanom,4803,ท่าอุเทน,Tha Uthen,480302,โนนตาล,Non Tan,48120
4029,ภาคตะวันออกเฉียงเหนือ,48,นครพนม,Nakhon Phanom,4803,ท่าอุเทน,Tha Uthen,480303,ท่าจำปา,Tha Champa,48120
4030,ภาคตะวันออกเฉียงเหนือ,48,นครพนม,Nakhon Phanom,4803,ท่าอุเทน,Tha Uthen,480304,ไชยบุรี,Chai Buri,48120
4031,ภาคตะวันออกเฉียงเหนือ,48,นครพนม,Nakhon Phanom,4803,ท่าอุเทน,Tha Uthen,480305,พนอม,Phanom,48120
4032,ภาคตะวันออกเฉียงเหนือ,48,นครพนม,Nakhon Phanom,4803,ท่าอุเทน,Tha Uthen,480306,พะทาย,Phathai,48120
4033,ภาคตะวันออกเฉียงเหนือ,48,นครพนม,Nakhon Phanom,4803,ท่าอุเทน,Tha Uthen,480311,เวินพระบาท,Woen Phrabat,48120
4034,ภาคตะวันออกเฉียงเหนือ,48,นครพนม,Nakhon Phanom,4803,ท่าอุเทน,Tha Uthen,480312,รามราช,Rammarat,48120
4035,ภาคตะวันออกเฉียงเหนือ,48,นครพนม,Nakhon Phanom,4803,ท่าอุเทน,Tha Uthen,480314,หนองเทา,Nong Thao,48120
4036,ภาคตะวันออกเฉียงเหนือ,48,นครพนม,Nakhon Phanom,4804,บ้านแพง,Ban Phaeng,480401,บ้านแพง,Ban Phaeng,48140
4037,ภาคตะวันออกเฉียงเหนือ,48,นครพนม,Nakhon Phanom,4804,บ้านแพง,Ban Phaeng,480402,ไผ่ล้อม,Phai Lom,48140
4038,ภาคตะวันออกเฉียงเหนือ,48,นครพนม,Nakhon Phanom,4804,บ้านแพง,Ban Phaeng,480403,โพนทอง,Phon Thong,48140
4039,ภาคตะวันออกเฉียงเหนือ,48,นครพนม,Nakhon Phanom,4804,บ้านแพง,Ban Phaeng,480404,หนองแวง,Nong Waeng,48140
4040,ภาคตะวันออกเฉียงเหนือ,48,นครพนม,Nakhon Phanom,4804,บ้านแพง,Ban Phaeng,480408,นางัว,Na Ngua,48140
4041,ภาคตะวันออกเฉียงเหนือ,48,นครพนม,Nakhon Phanom,4804,บ้านแพง,Ban Phaeng,480409,นาเข,Na Khe,48140
4042,ภาคตะวันออกเฉียงเหนือ,48,นครพนม,Nakhon Phanom,4805,ธาตุพนม,That Phanom,480501,ธาตุพนม,That Phanom,48110
4043,ภาคตะวันออกเฉียงเหนือ,48,นครพนม,Nakhon Phanom,4805,ธาตุพนม,That Phanom,480502,ฝั่งแดง,Fang Daeng,48110
4044,ภาคตะวันออกเฉียงเหนือ,48,นครพนม,Nakhon Phanom,4805,ธาตุพนม,That Phanom,480503,โพนแพง,Phon Phaeng,48110
4045,ภาคตะวันออกเฉียงเหนือ,48,นครพนม,Nakhon Phanom,4805,ธาตุพนม,That Phanom,480504,พระกลางทุ่ง,Phra Klang Thung,48110
4046,ภาคตะวันออกเฉียงเหนือ,48,นครพนม,Nakhon Phanom,4805,ธาตุพนม,That Phanom,480505,นาถ่อน,Na Thon,48110
4047,ภาคตะวันออกเฉียงเหนือ,48,นครพนม,Nakhon Phanom,4805,ธาตุพนม,That Phanom,480506,แสนพัน,Saen Phan,48110
4048,ภาคตะวันออกเฉียงเหนือ,48,นครพนม,Nakhon Phanom,4805,ธาตุพนม,That Phanom,480507,ดอนนางหงส์,Don Nang Hong,48110
4049,ภาคตะวันออกเฉียงเหนือ,48,นครพนม,Nakhon Phanom,4805,ธาตุพนม,That Phanom,480508,น้ำก่ำ,Nam Kam,48110
4050,ภาคตะวันออกเฉียงเหนือ,48,นครพนม,Nakhon Phanom,4805,ธาตุพนม,That Phanom,480509,อุ่มเหม้า,Um Mao,48110
4051,ภาคตะวันออกเฉียงเหนือ,48,นครพนม,Nakhon Phanom,4805,ธาตุพนม,That Phanom,480510,นาหนาด,Na Nat,48110
4052,ภาคตะวันออกเฉียงเหนือ,48,นครพนม,Nakhon Phanom,4805,ธาตุพนม,That Phanom,480511,กุดฉิม,Kut Chim,48110
4053,ภาคตะวันออกเฉียงเหนือ,48,นครพนม,Nakhon Phanom,4805,ธาตุพนม,That Phanom,480512,ธาตุพนมเหนือ,That Phanom Nuea,48110
4054,ภาคตะวันออกเฉียงเหนือ,48,นครพนม,Nakhon Phanom,4806,เรณูนคร,Renu Nakhon,480601,เรณู,Renu,48170
4055,ภาคตะวันออกเฉียงเหนือ,48,นครพนม,Nakhon Phanom,4806,เรณูนคร,Renu Nakhon,480602,โพนทอง,Phon Thong,48170
4056,ภาคตะวันออกเฉียงเหนือ,48,นครพนม,Nakhon Phanom,4806,เรณูนคร,Renu Nakhon,480603,ท่าลาด,Tha Lat,48170
4057,ภาคตะวันออกเฉียงเหนือ,48,นครพนม,Nakhon Phanom,4806,เรณูนคร,Renu Nakhon,480604,นางาม,Na Ngam,48170
4058,ภาคตะวันออกเฉียงเหนือ,48,นครพนม,Nakhon Phanom,4806,เรณูนคร,Renu Nakhon,480605,โคกหินแฮ่,Khok Hin Hae,48170
4059,ภาคตะวันออกเฉียงเหนือ,48,นครพนม,Nakhon Phanom,4806,เรณูนคร,Renu Nakhon,480607,หนองย่างชิ้น,Nong Yang Chin,48170
4060,ภาคตะวันออกเฉียงเหนือ,48,นครพนม,Nakhon Phanom,4806,เรณูนคร,Renu Nakhon,480608,เรณูใต้,Renu Tai,48170
4061,ภาคตะวันออกเฉียงเหนือ,48,นครพนม,Nakhon Phanom,4806,เรณูนคร,Renu Nakhon,480609,นาขาม,Nakham,48170
4062,ภาคตะวันออกเฉียงเหนือ,48,นครพนม,Nakhon Phanom,4807,นาแก,Na Kae,480701,นาแก,Na Kae,48130
4063,ภาคตะวันออกเฉียงเหนือ,48,นครพนม,Nakhon Phanom,4807,นาแก,Na Kae,480702,พระซอง,Phra Song,48130
4064,ภาคตะวันออกเฉียงเหนือ,48,นครพนม,Nakhon Phanom,4807,นาแก,Na Kae,480703,หนองสังข์,Nong Sang,48130
4065,ภาคตะวันออกเฉียงเหนือ,48,นครพนม,Nakhon Phanom,4807,นาแก,Na Kae,480704,นาคู่,Na Khu,48130
4066,ภาคตะวันออกเฉียงเหนือ,48,นครพนม,Nakhon Phanom,4807,นาแก,Na Kae,480705,พิมาน,Phiman,48130
4067,ภาคตะวันออกเฉียงเหนือ,48,นครพนม,Nakhon Phanom,4807,นาแก,Na Kae,480706,พุ่มแก,Phum Kae,48130
4068,ภาคตะวันออกเฉียงเหนือ,48,นครพนม,Nakhon Phanom,4807,นาแก,Na Kae,480707,ก้านเหลือง,Kan Lueang,48130
4069,ภาคตะวันออกเฉียงเหนือ,48,นครพนม,Nakhon Phanom,4807,นาแก,Na Kae,480708,หนองบ่อ,Nong Bo,48130
4070,ภาคตะวันออกเฉียงเหนือ,48,นครพนม,Nakhon Phanom,4807,นาแก,Na Kae,480709,นาเลียง,Na Liang,48130
4071,ภาคตะวันออกเฉียงเหนือ,48,นครพนม,Nakhon Phanom,4807,นาแก,Na Kae,480712,บ้านแก้ง,Ban Kaeng,48130
4072,ภาคตะวันออกเฉียงเหนือ,48,นครพนม,Nakhon Phanom,4807,นาแก,Na Kae,480713,คำพี้,Kham Phi,48130
4073,ภาคตะวันออกเฉียงเหนือ,48,นครพนม,Nakhon Phanom,4807,นาแก,Na Kae,480715,สีชมพู,Si Chomphu,48130
4074,ภาคตะวันออกเฉียงเหนือ,48,นครพนม,Nakhon Phanom,4808,ศรีสงคราม,Si Songkhram,480801,ศรีสงคราม,Si Songkhram,48150
4075,ภาคตะวันออกเฉียงเหนือ,48,นครพนม,Nakhon Phanom,4808,ศรีสงคราม,Si Songkhram,480802,นาเดื่อ,Na Duea,48150
4076,ภาคตะวันออกเฉียงเหนือ,48,นครพนม,Nakhon Phanom,4808,ศรีสงคราม,Si Songkhram,480803,บ้านเอื้อง,Ban Ueang,48150
4077,ภาคตะวันออกเฉียงเหนือ,48,นครพนม,Nakhon Phanom,4808,ศรีสงคราม,Si Songkhram,480804,สามผง,Sam Phong,48150
4078,ภาคตะวันออกเฉียงเหนือ,48,นครพนม,Nakhon Phanom,4808,ศรีสงคราม,Si Songkhram,480805,ท่าบ่อสงคราม,Tha Bo Songkhram,48150
4079,ภาคตะวันออกเฉียงเหนือ,48,นครพนม,Nakhon Phanom,4808,ศรีสงคราม,Si Songkhram,480806,บ้านข่า,Ban Kha,48150
4080,ภาคตะวันออกเฉียงเหนือ,48,นครพนม,Nakhon Phanom,4808,ศรีสงคราม,Si Songkhram,480807,นาคำ,Na Kham,48150
4081,ภาคตะวันออกเฉียงเหนือ,48,นครพนม,Nakhon Phanom,4808,ศรีสงคราม,Si Songkhram,480808,โพนสว่าง,Phon Sawang,48150
4082,ภาคตะวันออกเฉียงเหนือ,48,นครพนม,Nakhon Phanom,4808,ศรีสงคราม,Si Songkhram,480809,หาดแพง,Hat Phaeng,48150
4083,ภาคตะวันออกเฉียงเหนือ,48,นครพนม,Nakhon Phanom,4809,นาหว้า,Na Wa,480901,นาหว้า,Na Wa,48180
4084,ภาคตะวันออกเฉียงเหนือ,48,นครพนม,Nakhon Phanom,4809,นาหว้า,Na Wa,480902,นางัว,Na Ngua,48180
4085,ภาคตะวันออกเฉียงเหนือ,48,นครพนม,Nakhon Phanom,4809,นาหว้า,Na Wa,480903,บ้านเสียว,Ban Siao,48180
4086,ภาคตะวันออกเฉียงเหนือ,48,นครพนม,Nakhon Phanom,4809,นาหว้า,Na Wa,480904,นาคูณใหญ่,Na Khun Yai,48180
4087,ภาคตะวันออกเฉียงเหนือ,48,นครพนม,Nakhon Phanom,4809,นาหว้า,Na Wa,480905,เหล่าพัฒนา,Lao Phathana,48180
4088,ภาคตะวันออกเฉียงเหนือ,48,นครพนม,Nakhon Phanom,4809,นาหว้า,Na Wa,480906,ท่าเรือ,Tha Ruea,48180
4089,ภาคตะวันออกเฉียงเหนือ,48,นครพนม,Nakhon Phanom,4810,โพนสวรรค์,Phon Sawan,481001,โพนสวรรค์,Phon Sawan,48190
4090,ภาคตะวันออกเฉียงเหนือ,48,นครพนม,Nakhon Phanom,4810,โพนสวรรค์,Phon Sawan,481002,นาหัวบ่อ,Na Hua Bo,48190
4091,ภาคตะวันออกเฉียงเหนือ,48,นครพนม,Nakhon Phanom,4810,โพนสวรรค์,Phon Sawan,481003,นาขมิ้น,Na Khamin,48190
4092,ภาคตะวันออกเฉียงเหนือ,48,นครพนม,Nakhon Phanom,4810,โพนสวรรค์,Phon Sawan,481004,โพนบก,Phon Bok,48190
4093,ภาคตะวันออกเฉียงเหนือ,48,นครพนม,Nakhon Phanom,4810,โพนสวรรค์,Phon Sawan,481005,บ้านค้อ,Ban Kho,48190
4094,ภาคตะวันออกเฉียงเหนือ,48,นครพนม,Nakhon Phanom,4810,โพนสวรรค์,Phon Sawan,481006,โพนจาน,Phon Chan,48190
4095,ภาคตะวันออกเฉียงเหนือ,48,นครพนม,Nakhon Phanom,4810,โพนสวรรค์,Phon Sawan,481007,นาใน,Na Nai,48190
4096,ภาคตะวันออกเฉียงเหนือ,48,นครพนม,Nakhon Phanom,4811,นาทม,Na Thom,481101,นาทม,Na Thom,48140
4097,ภาคตะวันออกเฉียงเหนือ,48,นครพนม,Nakhon Phanom,4811,นาทม,Na Thom,481102,หนองซน,Nong Son,48140
4098,ภาคตะวันออกเฉียงเหนือ,48,นครพนม,Nakhon Phanom,4811,นาทม,Na Thom,481103,ดอนเตย,Don Toei,48140
4099,ภาคตะวันออกเฉียงเหนือ,48,นครพนม,Nakhon Phanom,4812,วังยาง,Wang Yang,481201,วังยาง,Wang Yang,48130
4100,ภาคตะวันออกเฉียงเหนือ,48,นครพนม,Nakhon Phanom,4812,วังยาง,Wang Yang,481202,โคกสี,Khok Si,48130
4101,ภาคตะวันออกเฉียงเหนือ,48,นครพนม,Nakhon Phanom,4812,วังยาง,Wang Yang,481203,ยอดชาด,Yot Chat,48130
4102,ภาคตะวันออกเฉียงเหนือ,48,นครพนม,Nakhon Phanom,4812,วังยาง,Wang Yang,481204,หนองโพธิ์,Nong Pho,48130
4103,ภาคตะวันออกเฉียงเหนือ,49,มุกดาหาร,Mukdahan,4901,เมืองมุกดาหาร,Mueang Mukdahan,490101,มุกดาหาร,Mukdahan,49000
4104,ภาคตะวันออกเฉียงเหนือ,49,มุกดาหาร,Mukdahan,4901,เมืองมุกดาหาร,Mueang Mukdahan,490102,ศรีบุญเรือง,Si Bunrueang,49000
4105,ภาคตะวันออกเฉียงเหนือ,49,มุกดาหาร,Mukdahan,4901,เมืองมุกดาหาร,Mueang Mukdahan,490103,บ้านโคก,Ban Khok,49000
4106,ภาคตะวันออกเฉียงเหนือ,49,มุกดาหาร,Mukdahan,4901,เมืองมุกดาหาร,Mueang Mukdahan,490104,บางทรายใหญ่,Bang Sai Yai,49000
4107,ภาคตะวันออกเฉียงเหนือ,49,มุกดาหาร,Mukdahan,4901,เมืองมุกดาหาร,Mueang Mukdahan,490105,โพนทราย,Phon Sai,49000
4108,ภาคตะวันออกเฉียงเหนือ,49,มุกดาหาร,Mukdahan,4901,เมืองมุกดาหาร,Mueang Mukdahan,490106,ผึ่งแดด,Phueng Daet,49000
4109,ภาคตะวันออกเฉียงเหนือ,49,มุกดาหาร,Mukdahan,4901,เมืองมุกดาหาร,Mueang Mukdahan,490107,นาโสก,Na Sok,49000
4110,ภาคตะวันออกเฉียงเหนือ,49,มุกดาหาร,Mukdahan,4901,เมืองมุกดาหาร,Mueang Mukdahan,490108,นาสีนวน,Na Si Nuan,49000
4111,ภาคตะวันออกเฉียงเหนือ,49,มุกดาหาร,Mukdahan,4901,เมืองมุกดาหาร,Mueang Mukdahan,490109,คำป่าหลาย,Kham Pa Lai,49000
4112,ภาคตะวันออกเฉียงเหนือ,49,มุกดาหาร,Mukdahan,4901,เมืองมุกดาหาร,Mueang Mukdahan,490110,คำอาฮวน,Kham A Huan,49000
4113,ภาคตะวันออกเฉียงเหนือ,49,มุกดาหาร,Mukdahan,4901,เมืองมุกดาหาร,Mueang Mukdahan,490111,ดงเย็น,Dong Yen,49000
4114,ภาคตะวันออกเฉียงเหนือ,49,มุกดาหาร,Mukdahan,4901,เมืองมุกดาหาร,Mueang Mukdahan,490112,ดงมอน,Dong Mon,49000
4115,ภาคตะวันออกเฉียงเหนือ,49,มุกดาหาร,Mukdahan,4901,เมืองมุกดาหาร,Mueang Mukdahan,490113,กุดแข้,Kut Khae,49000
4116,ภาคตะวันออกเฉียงเหนือ,49,มุกดาหาร,Mukdahan,4902,นิคมคำสร้อย,Nikhom Kham Soi,490201,นิคมคำสร้อย,Nikhom Kham Soi,49130
4117,ภาคตะวันออกเฉียงเหนือ,49,มุกดาหาร,Mukdahan,4902,นิคมคำสร้อย,Nikhom Kham Soi,490202,นากอก,Na Kok,49130
4118,ภาคตะวันออกเฉียงเหนือ,49,มุกดาหาร,Mukdahan,4902,นิคมคำสร้อย,Nikhom Kham Soi,490203,หนองแวง,Nong Waeng,49130
4119,ภาคตะวันออกเฉียงเหนือ,49,มุกดาหาร,Mukdahan,4902,นิคมคำสร้อย,Nikhom Kham Soi,490204,กกแดง,Kok Daeng,49130
4120,ภาคตะวันออกเฉียงเหนือ,49,มุกดาหาร,Mukdahan,4902,นิคมคำสร้อย,Nikhom Kham Soi,490205,นาอุดม,Na Udom,49130
4121,ภาคตะวันออกเฉียงเหนือ,49,มุกดาหาร,Mukdahan,4902,นิคมคำสร้อย,Nikhom Kham Soi,490206,โชคชัย,Chok Chai,49130
4122,ภาคตะวันออกเฉียงเหนือ,49,มุกดาหาร,Mukdahan,4902,นิคมคำสร้อย,Nikhom Kham Soi,490207,ร่มเกล้า,Romklao,49130
4123,ภาคตะวันออกเฉียงเหนือ,49,มุกดาหาร,Mukdahan,4903,ดอนตาล,Don Tan,490301,ดอนตาล,Don Tan,49120
4124,ภาคตะวันออกเฉียงเหนือ,49,มุกดาหาร,Mukdahan,4903,ดอนตาล,Don Tan,490302,โพธิ์ไทร,Pho Sai,49120
4125,ภาคตะวันออกเฉียงเหนือ,49,มุกดาหาร,Mukdahan,4903,ดอนตาล,Don Tan,490303,ป่าไร่,Pa Rai,49120
4126,ภาคตะวันออกเฉียงเหนือ,49,มุกดาหาร,Mukdahan,4903,ดอนตาล,Don Tan,490304,เหล่าหมี,Lao Mi,49120
4127,ภาคตะวันออกเฉียงเหนือ,49,มุกดาหาร,Mukdahan,4903,ดอนตาล,Don Tan,490305,บ้านบาก,Ban Bak,49120
4128,ภาคตะวันออกเฉียงเหนือ,49,มุกดาหาร,Mukdahan,4903,ดอนตาล,Don Tan,490306,นาสะเม็ง,Na Sameng,49120
4129,ภาคตะวันออกเฉียงเหนือ,49,มุกดาหาร,Mukdahan,4903,ดอนตาล,Don Tan,490307,บ้านแก้ง,Ban Kaeng,49120
4130,ภาคตะวันออกเฉียงเหนือ,49,มุกดาหาร,Mukdahan,4904,ดงหลวง,Don Tan,490401,ดงหลวง,Dong Luang,49140
4131,ภาคตะวันออกเฉียงเหนือ,49,มุกดาหาร,Mukdahan,4904,ดงหลวง,Don Tan,490402,หนองบัว,Nong Bua,49140
4132,ภาคตะวันออกเฉียงเหนือ,49,มุกดาหาร,Mukdahan,4904,ดงหลวง,Don Tan,490403,กกตูม,Kok Tum,49140
4133,ภาคตะวันออกเฉียงเหนือ,49,มุกดาหาร,Mukdahan,4904,ดงหลวง,Don Tan,490404,หนองแคน,Nong Khaen,49140
4134,ภาคตะวันออกเฉียงเหนือ,49,มุกดาหาร,Mukdahan,4904,ดงหลวง,Don Tan,490405,ชะโนดน้อย,Chanot Noi,49140
4135,ภาคตะวันออกเฉียงเหนือ,49,มุกดาหาร,Mukdahan,4904,ดงหลวง,Don Tan,490406,พังแดง,Phang Daeng,49140
4136,ภาคตะวันออกเฉียงเหนือ,49,มุกดาหาร,Mukdahan,4905,คำชะอี,Khamcha-I,490503,บ้านซ่ง,Ban Shong,49110
4137,ภาคตะวันออกเฉียงเหนือ,49,มุกดาหาร,Mukdahan,4905,คำชะอี,Khamcha-I,490504,คำชะอี,Kham Cha-I,49110
4138,ภาคตะวันออกเฉียงเหนือ,49,มุกดาหาร,Mukdahan,4905,คำชะอี,Khamcha-I,490505,หนองเอี่ยน,Nong Ian,49110
4139,ภาคตะวันออกเฉียงเหนือ,49,มุกดาหาร,Mukdahan,4905,คำชะอี,Khamcha-I,490506,บ้านค้อ,Ban Kho,49110
4140,ภาคตะวันออกเฉียงเหนือ,49,มุกดาหาร,Mukdahan,4905,คำชะอี,Khamcha-I,490507,บ้านเหล่า,Ban Lao,49110
4141,ภาคตะวันออกเฉียงเหนือ,49,มุกดาหาร,Mukdahan,4905,คำชะอี,Khamcha-I,490508,โพนงาม,Phon Ngam,49110
4142,ภาคตะวันออกเฉียงเหนือ,49,มุกดาหาร,Mukdahan,4905,คำชะอี,Khamcha-I,490511,เหล่าสร้างถ่อ,Lao Sang Tho,49110
4143,ภาคตะวันออกเฉียงเหนือ,49,มุกดาหาร,Mukdahan,4905,คำชะอี,Khamcha-I,490512,คำบก,Kham Bok,49110
4144,ภาคตะวันออกเฉียงเหนือ,49,มุกดาหาร,Mukdahan,4905,คำชะอี,Khamcha-I,490514,น้ำเที่ยง,Nam Thiang,49110
4145,ภาคตะวันออกเฉียงเหนือ,49,มุกดาหาร,Mukdahan,4906,หว้านใหญ่,Wan Yai,490601,หว้านใหญ่,Wan Yai,49150
4146,ภาคตะวันออกเฉียงเหนือ,49,มุกดาหาร,Mukdahan,4906,หว้านใหญ่,Wan Yai,490602,ป่งขาม,Pong Kham,49150
4147,ภาคตะวันออกเฉียงเหนือ,49,มุกดาหาร,Mukdahan,4906,หว้านใหญ่,Wan Yai,490603,บางทรายน้อย,Bang Sai Noi,49150
4148,ภาคตะวันออกเฉียงเหนือ,49,มุกดาหาร,Mukdahan,4906,หว้านใหญ่,Wan Yai,490604,ชะโนด,Chanot,49150
4149,ภาคตะวันออกเฉียงเหนือ,49,มุกดาหาร,Mukdahan,4906,หว้านใหญ่,Wan Yai,490605,ดงหมู,Dong Mu,49150
4150,ภาคตะวันออกเฉียงเหนือ,49,มุกดาหาร,Mukdahan,4907,หนองสูง,Nong Sung,490701,หนองสูง,Nong Sung,49160
4151,ภาคตะวันออกเฉียงเหนือ,49,มุกดาหาร,Mukdahan,4907,หนองสูง,Nong Sung,490702,โนนยาง,Non Yang,49160
4152,ภาคตะวันออกเฉียงเหนือ,49,มุกดาหาร,Mukdahan,4907,หนองสูง,Nong Sung,490703,ภูวง,Phu Wong,49160
4153,ภาคตะวันออกเฉียงเหนือ,49,มุกดาหาร,Mukdahan,4907,หนองสูง,Nong Sung,490704,บ้านเป้า,Ban Pao,49160
4154,ภาคตะวันออกเฉียงเหนือ,49,มุกดาหาร,Mukdahan,4907,หนองสูง,Nong Sung,490705,หนองสูงใต้,Nong Sung Tai,49160
4155,ภาคตะวันออกเฉียงเหนือ,49,มุกดาหาร,Mukdahan,4907,หนองสูง,Nong Sung,490706,หนองสูงเหนือ,Nong Sung Nuea,49160
4156,ภาคเหนือ,50,เชียงใหม่,Chiang Mai,5001,เมืองเชียงใหม่,Mueang Chiang Mai,500101,ศรีภูมิ,Si Phum,50200
4157,ภาคเหนือ,50,เชียงใหม่,Chiang Mai,5001,เมืองเชียงใหม่,Mueang Chiang Mai,500102,พระสิงห์,Phra Sing,50200
4158,ภาคเหนือ,50,เชียงใหม่,Chiang Mai,5001,เมืองเชียงใหม่,Mueang Chiang Mai,500103,หายยา,Hai Ya,50100
4159,ภาคเหนือ,50,เชียงใหม่,Chiang Mai,5001,เมืองเชียงใหม่,Mueang Chiang Mai,500104,ช้างม่อย,Chang Moi,50300
4160,ภาคเหนือ,50,เชียงใหม่,Chiang Mai,5001,เมืองเชียงใหม่,Mueang Chiang Mai,500105,ช้างคลาน,Chang Khlan,50100
4161,ภาคเหนือ,50,เชียงใหม่,Chiang Mai,5001,เมืองเชียงใหม่,Mueang Chiang Mai,500106,วัดเกต,Wat Ket,50000
4162,ภาคเหนือ,50,เชียงใหม่,Chiang Mai,5001,เมืองเชียงใหม่,Mueang Chiang Mai,500107,ช้างเผือก,Chang Phueak,50300
4163,ภาคเหนือ,50,เชียงใหม่,Chiang Mai,5001,เมืองเชียงใหม่,Mueang Chiang Mai,500108,สุเทพ,Su Thep,50200
4164,ภาคเหนือ,50,เชียงใหม่,Chiang Mai,5001,เมืองเชียงใหม่,Mueang Chiang Mai,500109,แม่เหียะ,Mae Hia,50100
4165,ภาคเหนือ,50,เชียงใหม่,Chiang Mai,5001,เมืองเชียงใหม่,Mueang Chiang Mai,500110,ป่าแดด,Pa Daet,50100
4166,ภาคเหนือ,50,เชียงใหม่,Chiang Mai,5001,เมืองเชียงใหม่,Mueang Chiang Mai,500111,หนองหอย,Nong Hoi,50000
4167,ภาคเหนือ,50,เชียงใหม่,Chiang Mai,5001,เมืองเชียงใหม่,Mueang Chiang Mai,500112,ท่าศาลา,Tha Sala,50000
4168,ภาคเหนือ,50,เชียงใหม่,Chiang Mai,5001,เมืองเชียงใหม่,Mueang Chiang Mai,500113,หนองป่าครั่ง,Nong Pa Khrang,50000
4169,ภาคเหนือ,50,เชียงใหม่,Chiang Mai,5001,เมืองเชียงใหม่,Mueang Chiang Mai,500114,ฟ้าฮ่าม,Fa Ham,50000
4170,ภาคเหนือ,50,เชียงใหม่,Chiang Mai,5001,เมืองเชียงใหม่,Mueang Chiang Mai,500115,ป่าตัน,Pa Tan,50300
4171,ภาคเหนือ,50,เชียงใหม่,Chiang Mai,5001,เมืองเชียงใหม่,Mueang Chiang Mai,500116,สันผีเสื้อ,San Phisuea,50300
4172,ภาคเหนือ,50,เชียงใหม่,Chiang Mai,5002,จอมทอง,Chom Thong,500203,บ้านหลวง,Ban Luang,50160
4173,ภาคเหนือ,50,เชียงใหม่,Chiang Mai,5002,จอมทอง,Chom Thong,500204,ข่วงเปา,Khuang Pao,50160
4174,ภาคเหนือ,50,เชียงใหม่,Chiang Mai,5002,จอมทอง,Chom Thong,500205,สบเตี๊ยะ,Sop Tia,50160
4175,ภาคเหนือ,50,เชียงใหม่,Chiang Mai,5002,จอมทอง,Chom Thong,500206,บ้านแปะ,Ban Pae,50240
4176,ภาคเหนือ,50,เชียงใหม่,Chiang Mai,5002,จอมทอง,Chom Thong,500207,ดอยแก้ว,Doi Kaeo,50160
4177,ภาคเหนือ,50,เชียงใหม่,Chiang Mai,5002,จอมทอง,Chom Thong,500209,แม่สอย,Mae Soi,50240
4178,ภาคเหนือ,50,เชียงใหม่,Chiang Mai,5003,แม่แจ่ม,Mae Chaem,500301,ช่างเคิ่ง,Chang Khoeng,50270
4179,ภาคเหนือ,50,เชียงใหม่,Chiang Mai,5003,แม่แจ่ม,Mae Chaem,500302,ท่าผา,Tha Pha,50270
4180,ภาคเหนือ,50,เชียงใหม่,Chiang Mai,5003,แม่แจ่ม,Mae Chaem,500303,บ้านทับ,Ban Thap,50270
4181,ภาคเหนือ,50,เชียงใหม่,Chiang Mai,5003,แม่แจ่ม,Mae Chaem,500304,แม่ศึก,Mae Suek,50270
4182,ภาคเหนือ,50,เชียงใหม่,Chiang Mai,5003,แม่แจ่ม,Mae Chaem,500305,แม่นาจร,Mae Na Chon,50270
4183,ภาคเหนือ,50,เชียงใหม่,Chiang Mai,5003,แม่แจ่ม,Mae Chaem,500307,ปางหินฝน,Pang Hin Fon,50270
4184,ภาคเหนือ,50,เชียงใหม่,Chiang Mai,5003,แม่แจ่ม,Mae Chaem,500308,กองแขก,Kong Khaek,50270
4185,ภาคเหนือ,50,เชียงใหม่,Chiang Mai,5004,เชียงดาว,Chiang Dao,500401,เชียงดาว,Chiang Dao,50170
4186,ภาคเหนือ,50,เชียงใหม่,Chiang Mai,5004,เชียงดาว,Chiang Dao,500402,เมืองนะ,Mueang Na,50170
4187,ภาคเหนือ,50,เชียงใหม่,Chiang Mai,5004,เชียงดาว,Chiang Dao,500403,เมืองงาย,Mueang Ngai,50170
4188,ภาคเหนือ,50,เชียงใหม่,Chiang Mai,5004,เชียงดาว,Chiang Dao,500404,แม่นะ,Mae Na,50170
4189,ภาคเหนือ,50,เชียงใหม่,Chiang Mai,5004,เชียงดาว,Chiang Dao,500405,เมืองคอง,Mueang Khong,50170
4190,ภาคเหนือ,50,เชียงใหม่,Chiang Mai,5004,เชียงดาว,Chiang Dao,500406,ปิงโค้ง,Ping Khong,50170
4191,ภาคเหนือ,50,เชียงใหม่,Chiang Mai,5004,เชียงดาว,Chiang Dao,500407,ทุ่งข้าวพวง,Thung Khao Phuang,50170
4192,ภาคเหนือ,50,เชียงใหม่,Chiang Mai,5005,ดอยสะเก็ด,Doi Saket,500501,เชิงดอย,Choeng Doi,50220
4193,ภาคเหนือ,50,เชียงใหม่,Chiang Mai,5005,ดอยสะเก็ด,Doi Saket,500502,สันปูเลย,San Pu Loei,50220
4194,ภาคเหนือ,50,เชียงใหม่,Chiang Mai,5005,ดอยสะเก็ด,Doi Saket,500503,ลวงเหนือ,Luang Nuea,50220
4195,ภาคเหนือ,50,เชียงใหม่,Chiang Mai,5005,ดอยสะเก็ด,Doi Saket,500504,ป่าป้อง,Pa Pong,50220
4196,ภาคเหนือ,50,เชียงใหม่,Chiang Mai,5005,ดอยสะเก็ด,Doi Saket,500505,สง่าบ้าน,Sa-Nga Ban,50220
4197,ภาคเหนือ,50,เชียงใหม่,Chiang Mai,5005,ดอยสะเก็ด,Doi Saket,500506,ป่าลาน,Pa Lan,50220
4198,ภาคเหนือ,50,เชียงใหม่,Chiang Mai,5005,ดอยสะเก็ด,Doi Saket,500507,ตลาดขวัญ,Talat Khwan,50220
4199,ภาคเหนือ,50,เชียงใหม่,Chiang Mai,5005,ดอยสะเก็ด,Doi Saket,500508,สำราญราษฎร์,Samran Rat,50220
4200,ภาคเหนือ,50,เชียงใหม่,Chiang Mai,5005,ดอยสะเก็ด,Doi Saket,500509,แม่คือ,Mae Khue,50220
4201,ภาคเหนือ,50,เชียงใหม่,Chiang Mai,5005,ดอยสะเก็ด,Doi Saket,500510,ตลาดใหญ่,Talat Yai,50220
4202,ภาคเหนือ,50,เชียงใหม่,Chiang Mai,5005,ดอยสะเก็ด,Doi Saket,500511,แม่ฮ้อยเงิน,Mae Hoi Ngoen,50220
4203,ภาคเหนือ,50,เชียงใหม่,Chiang Mai,5005,ดอยสะเก็ด,Doi Saket,500512,แม่โป่ง,Mae Pong,50220
4204,ภาคเหนือ,50,เชียงใหม่,Chiang Mai,5005,ดอยสะเก็ด,Doi Saket,500513,ป่าเมี่ยง,Pa Miang,50220
4205,ภาคเหนือ,50,เชียงใหม่,Chiang Mai,5005,ดอยสะเก็ด,Doi Saket,500514,เทพเสด็จ,Thep Sadet,50220
4206,ภาคเหนือ,50,เชียงใหม่,Chiang Mai,5006,แม่แตง,Mae Taeng,500601,สันมหาพน,San Mahaphon,50150
4207,ภาคเหนือ,50,เชียงใหม่,Chiang Mai,5006,แม่แตง,Mae Taeng,500602,แม่แตง,Mae Taeng,50150
4208,ภาคเหนือ,50,เชียงใหม่,Chiang Mai,5006,แม่แตง,Mae Taeng,500603,ขี้เหล็ก,Khi Lek,50150
4209,ภาคเหนือ,50,เชียงใหม่,Chiang Mai,5006,แม่แตง,Mae Taeng,500604,ช่อแล,Cho Lae,50150
4210,ภาคเหนือ,50,เชียงใหม่,Chiang Mai,5006,แม่แตง,Mae Taeng,500605,แม่หอพระ,Mae Ho Phra,50150
4211,ภาคเหนือ,50,เชียงใหม่,Chiang Mai,5006,แม่แตง,Mae Taeng,500606,สบเปิง,Sop Poeng,50150
4212,ภาคเหนือ,50,เชียงใหม่,Chiang Mai,5006,แม่แตง,Mae Taeng,500607,บ้านเป้า,Ban Pao,50150
4213,ภาคเหนือ,50,เชียงใหม่,Chiang Mai,5006,แม่แตง,Mae Taeng,500608,สันป่ายาง,San Pa Yang,50330
4214,ภาคเหนือ,50,เชียงใหม่,Chiang Mai,5006,แม่แตง,Mae Taeng,500609,ป่าแป๋,Pa Pae,50150
4215,ภาคเหนือ,50,เชียงใหม่,Chiang Mai,5006,แม่แตง,Mae Taeng,500610,เมืองก๋าย,Mueang Kai,50150
4216,ภาคเหนือ,50,เชียงใหม่,Chiang Mai,5006,แม่แตง,Mae Taeng,500611,บ้านช้าง,Ban Chang,50150
4217,ภาคเหนือ,50,เชียงใหม่,Chiang Mai,5006,แม่แตง,Mae Taeng,500612,กื้ดช้าง,Kuet Chang,50150
4218,ภาคเหนือ,50,เชียงใหม่,Chiang Mai,5006,แม่แตง,Mae Taeng,500613,อินทขิล,Inthakhin,50150
4219,ภาคเหนือ,50,เชียงใหม่,Chiang Mai,5007,แม่ริม,Mae Rim,500701,ริมใต้,Rim Tai,50180
4220,ภาคเหนือ,50,เชียงใหม่,Chiang Mai,5007,แม่ริม,Mae Rim,500702,ริมเหนือ,Rim Nuea,50180
4221,ภาคเหนือ,50,เชียงใหม่,Chiang Mai,5007,แม่ริม,Mae Rim,500703,สันโป่ง,San Pong,50180
4222,ภาคเหนือ,50,เชียงใหม่,Chiang Mai,5007,แม่ริม,Mae Rim,500704,ขี้เหล็ก,Khi Lek,50180
4223,ภาคเหนือ,50,เชียงใหม่,Chiang Mai,5007,แม่ริม,Mae Rim,500705,สะลวง,Saluang,50330
4224,ภาคเหนือ,50,เชียงใหม่,Chiang Mai,5007,แม่ริม,Mae Rim,500706,ห้วยทราย,Huai Sai,50180
4225,ภาคเหนือ,50,เชียงใหม่,Chiang Mai,5007,แม่ริม,Mae Rim,500707,แม่แรม,Mae Raem,50180
4226,ภาคเหนือ,50,เชียงใหม่,Chiang Mai,5007,แม่ริม,Mae Rim,500708,โป่งแยง,Pong Yaeng,50180
4227,ภาคเหนือ,50,เชียงใหม่,Chiang Mai,5007,แม่ริม,Mae Rim,500709,แม่สา,Mae Sa,50180
4228,ภาคเหนือ,50,เชียงใหม่,Chiang Mai,5007,แม่ริม,Mae Rim,500710,ดอนแก้ว,Don Kaeo,50180
4229,ภาคเหนือ,50,เชียงใหม่,Chiang Mai,5007,แม่ริม,Mae Rim,500711,เหมืองแก้ว,Mueang Kaeo,50180
4230,ภาคเหนือ,50,เชียงใหม่,Chiang Mai,5008,สะเมิง,Samoeng,500801,สะเมิงใต้,Samoeng Tai,50250
4231,ภาคเหนือ,50,เชียงใหม่,Chiang Mai,5008,สะเมิง,Samoeng,500802,สะเมิงเหนือ,Samoeng Nuea,50250
4232,ภาคเหนือ,50,เชียงใหม่,Chiang Mai,5008,สะเมิง,Samoeng,500803,แม่สาบ,Mae Sap,50250
4233,ภาคเหนือ,50,เชียงใหม่,Chiang Mai,5008,สะเมิง,Samoeng,500804,บ่อแก้ว,Bo Kaeo,50250
4234,ภาคเหนือ,50,เชียงใหม่,Chiang Mai,5008,สะเมิง,Samoeng,500805,ยั้งเมิน,Yung Moen,50250
4235,ภาคเหนือ,50,เชียงใหม่,Chiang Mai,5009,ฝาง,Fang,500901,เวียง,Wiang,50110
4236,ภาคเหนือ,50,เชียงใหม่,Chiang Mai,5009,ฝาง,Fang,500903,ม่อนปิ่น,Mon Pin,50110
4237,ภาคเหนือ,50,เชียงใหม่,Chiang Mai,5009,ฝาง,Fang,500904,แม่งอน,Mae Ngon,50320
4238,ภาคเหนือ,50,เชียงใหม่,Chiang Mai,5009,ฝาง,Fang,500905,แม่สูน,Mae Soon,50110
4239,ภาคเหนือ,50,เชียงใหม่,Chiang Mai,5009,ฝาง,Fang,500906,สันทราย,San Sai,50110
4240,ภาคเหนือ,50,เชียงใหม่,Chiang Mai,5009,ฝาง,Fang,500910,แม่คะ,Mae Kha,50110
4241,ภาคเหนือ,50,เชียงใหม่,Chiang Mai,5009,ฝาง,Fang,500911,แม่ข่า,Mae Kha,50320
4242,ภาคเหนือ,50,เชียงใหม่,Chiang Mai,5009,ฝาง,Fang,500912,โป่งน้ำร้อน,Pong Nam Ron,50110
4243,ภาคเหนือ,50,เชียงใหม่,Chiang Mai,5010,แม่อาย,Mae Ai,501001,แม่อาย,Mae Ai,50280
4244,ภาคเหนือ,50,เชียงใหม่,Chiang Mai,5010,แม่อาย,Mae Ai,501002,แม่สาว,Mae Sao,50280
4245,ภาคเหนือ,50,เชียงใหม่,Chiang Mai,5010,แม่อาย,Mae Ai,501003,สันต้นหมื้อ,San Ton Mue,50280
4246,ภาคเหนือ,50,เชียงใหม่,Chiang Mai,5010,แม่อาย,Mae Ai,501004,แม่นาวาง,Mae Na Wang,50280
4247,ภาคเหนือ,50,เชียงใหม่,Chiang Mai,5010,แม่อาย,Mae Ai,501005,ท่าตอน,Tha Ton,50280
4248,ภาคเหนือ,50,เชียงใหม่,Chiang Mai,5010,แม่อาย,Mae Ai,501006,บ้านหลวง,Ban Luang,50280
4249,ภาคเหนือ,50,เชียงใหม่,Chiang Mai,5010,แม่อาย,Mae Ai,501007,มะลิกา,Malika,50280
4250,ภาคเหนือ,50,เชียงใหม่,Chiang Mai,5011,พร้าว,Phrao,501101,เวียง,Wiang,50190
4251,ภาคเหนือ,50,เชียงใหม่,Chiang Mai,5011,พร้าว,Phrao,501102,ทุ่งหลวง,Thung Luang,50190
4252,ภาคเหนือ,50,เชียงใหม่,Chiang Mai,5011,พร้าว,Phrao,501103,ป่าตุ้ม,Pa Tum,50190
4253,ภาคเหนือ,50,เชียงใหม่,Chiang Mai,5011,พร้าว,Phrao,501104,ป่าไหน่,Pa Nai,50190
4254,ภาคเหนือ,50,เชียงใหม่,Chiang Mai,5011,พร้าว,Phrao,501105,สันทราย,San Sai,50190
4255,ภาคเหนือ,50,เชียงใหม่,Chiang Mai,5011,พร้าว,Phrao,501106,บ้านโป่ง,Ban Pong,50190
4256,ภาคเหนือ,50,เชียงใหม่,Chiang Mai,5011,พร้าว,Phrao,501107,น้ำแพร่,Nam Phrae,50190
4257,ภาคเหนือ,50,เชียงใหม่,Chiang Mai,5011,พร้าว,Phrao,501108,เขื่อนผาก,Khuean Phak,50190
4258,ภาคเหนือ,50,เชียงใหม่,Chiang Mai,5011,พร้าว,Phrao,501109,แม่แวน,Mae Waen,50190
4259,ภาคเหนือ,50,เชียงใหม่,Chiang Mai,5011,พร้าว,Phrao,501110,แม่ปั๋ง,Mae Pang,50190
4260,ภาคเหนือ,50,เชียงใหม่,Chiang Mai,5011,พร้าว,Phrao,501111,โหล่งขอด,Long Khot,50190
4261,ภาคเหนือ,50,เชียงใหม่,Chiang Mai,5012,สันป่าตอง,San Pa Tong,501201,ยุหว่า,Yu Wa,50120
4262,ภาคเหนือ,50,เชียงใหม่,Chiang Mai,5012,สันป่าตอง,San Pa Tong,501202,สันกลาง,San Klang,50120
4263,ภาคเหนือ,50,เชียงใหม่,Chiang Mai,5012,สันป่าตอง,San Pa Tong,501203,ท่าวังพร้าว,Tha Wang Phrao,50120
4264,ภาคเหนือ,50,เชียงใหม่,Chiang Mai,5012,สันป่าตอง,San Pa Tong,501204,มะขามหลวง,Makham Luang,50120
4265,ภาคเหนือ,50,เชียงใหม่,Chiang Mai,5012,สันป่าตอง,San Pa Tong,501205,แม่ก๊า,Mae Ka,50120
4266,ภาคเหนือ,50,เชียงใหม่,Chiang Mai,5012,สันป่าตอง,San Pa Tong,501206,บ้านแม,Ban Mae,50120
4267,ภาคเหนือ,50,เชียงใหม่,Chiang Mai,5012,สันป่าตอง,San Pa Tong,501207,บ้านกลาง,Ban Klang,50120
4268,ภาคเหนือ,50,เชียงใหม่,Chiang Mai,5012,สันป่าตอง,San Pa Tong,501208,ทุ่งสะโตก,Thung Satok,50120
4269,ภาคเหนือ,50,เชียงใหม่,Chiang Mai,5012,สันป่าตอง,San Pa Tong,501210,ทุ่งต้อม,Thung Tom,50120
4270,ภาคเหนือ,50,เชียงใหม่,Chiang Mai,5012,สันป่าตอง,San Pa Tong,501214,น้ำบ่อหลวง,Nam Bo Luang,50120
4271,ภาคเหนือ,50,เชียงใหม่,Chiang Mai,5012,สันป่าตอง,San Pa Tong,501215,มะขุนหวาน,Makhun Wan,50120
4272,ภาคเหนือ,50,เชียงใหม่,Chiang Mai,5013,สันกำแพง,San Kamphaeng,501301,สันกำแพง,San Kamphaeng,50130
4273,ภาคเหนือ,50,เชียงใหม่,Chiang Mai,5013,สันกำแพง,San Kamphaeng,501302,ทรายมูล,Sai Mun,50130
4274,ภาคเหนือ,50,เชียงใหม่,Chiang Mai,5013,สันกำแพง,San Kamphaeng,501303,ร้องวัวแดง,Rong Wua Daeng,50130
4275,ภาคเหนือ,50,เชียงใหม่,Chiang Mai,5013,สันกำแพง,San Kamphaeng,501304,บวกค้าง,Buak Khang,50130
4276,ภาคเหนือ,50,เชียงใหม่,Chiang Mai,5013,สันกำแพง,San Kamphaeng,501305,แช่ช้าง,Chae Chang,50130
4277,ภาคเหนือ,50,เชียงใหม่,Chiang Mai,5013,สันกำแพง,San Kamphaeng,501306,ออนใต้,On Tai,50130
4278,ภาคเหนือ,50,เชียงใหม่,Chiang Mai,5013,สันกำแพง,San Kamphaeng,501310,แม่ปูคา,Mae Pu Kha,50130
4279,ภาคเหนือ,50,เชียงใหม่,Chiang Mai,5013,สันกำแพง,San Kamphaeng,501311,ห้วยทราย,Huai Sai,50130
4280,ภาคเหนือ,50,เชียงใหม่,Chiang Mai,5013,สันกำแพง,San Kamphaeng,501312,ต้นเปา,Ton Pao,50130
4281,ภาคเหนือ,50,เชียงใหม่,Chiang Mai,5013,สันกำแพง,San Kamphaeng,501313,สันกลาง,San Klang,50130
4282,ภาคเหนือ,50,เชียงใหม่,Chiang Mai,5014,สันทราย,San Sai,501401,สันทรายหลวง,San Sai Luang,50210
4283,ภาคเหนือ,50,เชียงใหม่,Chiang Mai,5014,สันทราย,San Sai,501402,สันทรายน้อย,San Sai Noi,50210
4284,ภาคเหนือ,50,เชียงใหม่,Chiang Mai,5014,สันทราย,San Sai,501403,สันพระเนตร,San Phranet,50210
4285,ภาคเหนือ,50,เชียงใหม่,Chiang Mai,5014,สันทราย,San Sai,501404,สันนาเม็ง,San Na Meng,50210
4286,ภาคเหนือ,50,เชียงใหม่,Chiang Mai,5014,สันทราย,San Sai,501405,สันป่าเปา,San Pa Pao,50210
4287,ภาคเหนือ,50,เชียงใหม่,Chiang Mai,5014,สันทราย,San Sai,501406,หนองแหย่ง,Nong Yaeng,50210
4288,ภาคเหนือ,50,เชียงใหม่,Chiang Mai,5014,สันทราย,San Sai,501407,หนองจ๊อม,Nong Chom,50210
4289,ภาคเหนือ,50,เชียงใหม่,Chiang Mai,5014,สันทราย,San Sai,501408,หนองหาร,Nong Han,50290
4290,ภาคเหนือ,50,เชียงใหม่,Chiang Mai,5014,สันทราย,San Sai,501409,แม่แฝก,Mae Faek,50290
4291,ภาคเหนือ,50,เชียงใหม่,Chiang Mai,5014,สันทราย,San Sai,501410,แม่แฝกใหม่,Mae Faek Mai,50290
4292,ภาคเหนือ,50,เชียงใหม่,Chiang Mai,5014,สันทราย,San Sai,501411,เมืองเล็น,Mueang Len,50210
4293,ภาคเหนือ,50,เชียงใหม่,Chiang Mai,5014,สันทราย,San Sai,501412,ป่าไผ่,Pa Phai,50210
4294,ภาคเหนือ,50,เชียงใหม่,Chiang Mai,5015,หางดง,Hang Dong,501501,หางดง,Hang Dong,50230
4295,ภาคเหนือ,50,เชียงใหม่,Chiang Mai,5015,หางดง,Hang Dong,501502,หนองแก๋ว,Nong Kaeo,50230
4296,ภาคเหนือ,50,เชียงใหม่,Chiang Mai,5015,หางดง,Hang Dong,501503,หารแก้ว,Han Kaeo,50230
4297,ภาคเหนือ,50,เชียงใหม่,Chiang Mai,5015,หางดง,Hang Dong,501504,หนองตอง,Nong Tong,50340
4298,ภาคเหนือ,50,เชียงใหม่,Chiang Mai,5015,หางดง,Hang Dong,501505,ขุนคง,Khun Khong,50230
4299,ภาคเหนือ,50,เชียงใหม่,Chiang Mai,5015,หางดง,Hang Dong,501506,สบแม่ข่า,Sop Mae Kha,50230
4300,ภาคเหนือ,50,เชียงใหม่,Chiang Mai,5015,หางดง,Hang Dong,501507,บ้านแหวน,Ban Waen,50230
4301,ภาคเหนือ,50,เชียงใหม่,Chiang Mai,5015,หางดง,Hang Dong,501508,สันผักหวาน,San Phak Wan,50230
4302,ภาคเหนือ,50,เชียงใหม่,Chiang Mai,5015,หางดง,Hang Dong,501509,หนองควาย,Nong Khwai,50230
4303,ภาคเหนือ,50,เชียงใหม่,Chiang Mai,5015,หางดง,Hang Dong,501510,บ้านปง,Ban Pong,50230
4304,ภาคเหนือ,50,เชียงใหม่,Chiang Mai,5015,หางดง,Hang Dong,501511,น้ำแพร่,Nam Phrae,50230
4305,ภาคเหนือ,50,เชียงใหม่,Chiang Mai,5016,ฮอด,Hot,501601,หางดง,Hang Dong,50240
4306,ภาคเหนือ,50,เชียงใหม่,Chiang Mai,5016,ฮอด,Hot,501602,ฮอด,Hot,50240
4307,ภาคเหนือ,50,เชียงใหม่,Chiang Mai,5016,ฮอด,Hot,501603,บ้านตาล,Ban Tan,50240
4308,ภาคเหนือ,50,เชียงใหม่,Chiang Mai,5016,ฮอด,Hot,501604,บ่อหลวง,Bo Luang,50240
4309,ภาคเหนือ,50,เชียงใหม่,Chiang Mai,5016,ฮอด,Hot,501605,บ่อสลี,Bo Sali,50240
4310,ภาคเหนือ,50,เชียงใหม่,Chiang Mai,5016,ฮอด,Hot,501606,นาคอเรือ,Na Kho Ruea,50240
4311,ภาคเหนือ,50,เชียงใหม่,Chiang Mai,5017,ดอยเต่า,Doi Tao,501701,ดอยเต่า,Doi Tao,50260
4312,ภาคเหนือ,50,เชียงใหม่,Chiang Mai,5017,ดอยเต่า,Doi Tao,501702,ท่าเดื่อ,Tha Duea,50260
4313,ภาคเหนือ,50,เชียงใหม่,Chiang Mai,5017,ดอยเต่า,Doi Tao,501703,มืดกา,Muet Ka,50260
4314,ภาคเหนือ,50,เชียงใหม่,Chiang Mai,5017,ดอยเต่า,Doi Tao,501704,บ้านแอ่น,Ban Aen,50260
4315,ภาคเหนือ,50,เชียงใหม่,Chiang Mai,5017,ดอยเต่า,Doi Tao,501705,บงตัน,Bong Tan,50260
4316,ภาคเหนือ,50,เชียงใหม่,Chiang Mai,5017,ดอยเต่า,Doi Tao,501706,โปงทุ่ง,Pong Thung,50260
4317,ภาคเหนือ,50,เชียงใหม่,Chiang Mai,5018,อมก๋อย,Omkoi,501801,อมก๋อย,Omkoi,50310
4318,ภาคเหนือ,50,เชียงใหม่,Chiang Mai,5018,อมก๋อย,Omkoi,501802,ยางเปียง,Yang Piang,50310
4319,ภาคเหนือ,50,เชียงใหม่,Chiang Mai,5018,อมก๋อย,Omkoi,501803,แม่ตื่น,Mae Tuen,50310
4320,ภาคเหนือ,50,เชียงใหม่,Chiang Mai,5018,อมก๋อย,Omkoi,501804,ม่อนจอง,Mon Chong,50310
4321,ภาคเหนือ,50,เชียงใหม่,Chiang Mai,5018,อมก๋อย,Omkoi,501805,แม่หลอง,Sop Khong,50310
4322,ภาคเหนือ,50,เชียงใหม่,Chiang Mai,5018,อมก๋อย,Omkoi,501806,นาเกียน,Na Kian,50310
4323,ภาคเหนือ,50,เชียงใหม่,Chiang Mai,5019,สารภี,Saraphi,501901,ยางเนิ้ง,Yang Noeng,50140
4324,ภาคเหนือ,50,เชียงใหม่,Chiang Mai,5019,สารภี,Saraphi,501902,สารภี,Saraphi,50140
4325,ภาคเหนือ,50,เชียงใหม่,Chiang Mai,5019,สารภี,Saraphi,501903,ชมภู,Chomphu,50140
4326,ภาคเหนือ,50,เชียงใหม่,Chiang Mai,5019,สารภี,Saraphi,501904,ไชยสถาน,Chaiya Sathan,50140
4327,ภาคเหนือ,50,เชียงใหม่,Chiang Mai,5019,สารภี,Saraphi,501905,ขัวมุง,Khua Mung,50140
4328,ภาคเหนือ,50,เชียงใหม่,Chiang Mai,5019,สารภี,Saraphi,501906,หนองแฝก,Nong Faek,50140
4329,ภาคเหนือ,50,เชียงใหม่,Chiang Mai,5019,สารภี,Saraphi,501907,หนองผึ้ง,Nong Phueng,50140
4330,ภาคเหนือ,50,เชียงใหม่,Chiang Mai,5019,สารภี,Saraphi,501908,ท่ากว้าง,Tha Kwang,50140
4331,ภาคเหนือ,50,เชียงใหม่,Chiang Mai,5019,สารภี,Saraphi,501909,ดอนแก้ว,Don Kaeo,50140
4332,ภาคเหนือ,50,เชียงใหม่,Chiang Mai,5019,สารภี,Saraphi,501910,ท่าวังตาล,Tha Wang Tan,50140
4333,ภาคเหนือ,50,เชียงใหม่,Chiang Mai,5019,สารภี,Saraphi,501911,สันทราย,San Sai,50140
4334,ภาคเหนือ,50,เชียงใหม่,Chiang Mai,5019,สารภี,Saraphi,501912,ป่าบง,Pa Bong,50140
4335,ภาคเหนือ,50,เชียงใหม่,Chiang Mai,5020,เวียงแหง,Wiang Haeng,502001,เมืองแหง,Mueang Haeng,50350
4336,ภาคเหนือ,50,เชียงใหม่,Chiang Mai,5020,เวียงแหง,Wiang Haeng,502002,เปียงหลวง,Piang Luang,50350
4337,ภาคเหนือ,50,เชียงใหม่,Chiang Mai,5020,เวียงแหง,Wiang Haeng,502003,แสนไห,Saen Hai,50350
4338,ภาคเหนือ,50,เชียงใหม่,Chiang Mai,5021,ไชยปราการ,Chai Prakan,502101,ปงตำ,Pong Tam,50320
4339,ภาคเหนือ,50,เชียงใหม่,Chiang Mai,5021,ไชยปราการ,Chai Prakan,502102,ศรีดงเย็น,Si Dong Yen,50320
4340,ภาคเหนือ,50,เชียงใหม่,Chiang Mai,5021,ไชยปราการ,Chai Prakan,502103,แม่ทะลบ,Mae Thalop,50320
4341,ภาคเหนือ,50,เชียงใหม่,Chiang Mai,5021,ไชยปราการ,Chai Prakan,502104,หนองบัว,Nong Bua,50320
4342,ภาคเหนือ,50,เชียงใหม่,Chiang Mai,5022,แม่วาง,Mae Wang,502201,บ้านกาด,Ban Kat,50360
4343,ภาคเหนือ,50,เชียงใหม่,Chiang Mai,5022,แม่วาง,Mae Wang,502202,ทุ่งปี๊,Thung Pi,50360
4344,ภาคเหนือ,50,เชียงใหม่,Chiang Mai,5022,แม่วาง,Mae Wang,502203,ทุ่งรวงทอง,Thung Ruang Thong,50360
4345,ภาคเหนือ,50,เชียงใหม่,Chiang Mai,5022,แม่วาง,Mae Wang,502204,แม่วิน,Mae Win,50360
4346,ภาคเหนือ,50,เชียงใหม่,Chiang Mai,5022,แม่วาง,Mae Wang,502205,ดอนเปา,Don Pao,50360
4347,ภาคเหนือ,50,เชียงใหม่,Chiang Mai,5023,แม่ออน,Mae On,502301,ออนเหนือ,On Nuea,50130
4348,ภาคเหนือ,50,เชียงใหม่,Chiang Mai,5023,แม่ออน,Mae On,502302,ออนกลาง,On Klang,50130
4349,ภาคเหนือ,50,เชียงใหม่,Chiang Mai,5023,แม่ออน,Mae On,502303,บ้านสหกรณ์,Ban Sahakon,50130
4350,ภาคเหนือ,50,เชียงใหม่,Chiang Mai,5023,แม่ออน,Mae On,502304,ห้วยแก้ว,Huai Kaeo,50130
4351,ภาคเหนือ,50,เชียงใหม่,Chiang Mai,5023,แม่ออน,Mae On,502305,แม่ทา,Mae Tha,50130
4352,ภาคเหนือ,50,เชียงใหม่,Chiang Mai,5023,แม่ออน,Mae On,502306,ทาเหนือ,Tha Nuea,50130
4353,ภาคเหนือ,50,เชียงใหม่,Chiang Mai,5024,ดอยหล่อ,Doi Lo,502401,ดอยหล่อ,Doi Lo,50160
4354,ภาคเหนือ,50,เชียงใหม่,Chiang Mai,5024,ดอยหล่อ,Doi Lo,502402,สองแคว,Song Khwae,50160
4355,ภาคเหนือ,50,เชียงใหม่,Chiang Mai,5024,ดอยหล่อ,Doi Lo,502403,ยางคราม,Yang Khram,50160
4356,ภาคเหนือ,50,เชียงใหม่,Chiang Mai,5024,ดอยหล่อ,Doi Lo,502404,สันติสุข,Santi Suk,50160
4357,ภาคเหนือ,50,เชียงใหม่,Chiang Mai,5025,กัลยาณิวัฒนา,Kanlayaniwatthana,502501,บ้านจันทร์,Ban Chan,58130
4358,ภาคเหนือ,50,เชียงใหม่,Chiang Mai,5025,กัลยาณิวัฒนา,Kanlayaniwatthana,502502,แม่แดด,Mae Dad,58130
4359,ภาคเหนือ,50,เชียงใหม่,Chiang Mai,5025,กัลยาณิวัฒนา,Kanlayaniwatthana,502503,แจ่มหลวง,Jam Luang,58130
4360,ภาคเหนือ,51,ลำพูน,Lamphun,5101,เมืองลำพูน,Mueang Lamphun,510101,ในเมือง,Nai Mueang,51000
4361,ภาคเหนือ,51,ลำพูน,Lamphun,5101,เมืองลำพูน,Mueang Lamphun,510102,เหมืองง่า,Mueang Nga,51000
4362,ภาคเหนือ,51,ลำพูน,Lamphun,5101,เมืองลำพูน,Mueang Lamphun,510103,อุโมงค์,Umong,51150
4363,ภาคเหนือ,51,ลำพูน,Lamphun,5101,เมืองลำพูน,Mueang Lamphun,510104,หนองช้างคืน,Nong Chang Khuen,51150
4364,ภาคเหนือ,51,ลำพูน,Lamphun,5101,เมืองลำพูน,Mueang Lamphun,510105,ประตูป่า,Pratu Pa,51000
4365,ภาคเหนือ,51,ลำพูน,Lamphun,5101,เมืองลำพูน,Mueang Lamphun,510106,ริมปิง,Rim Ping,51000
4366,ภาคเหนือ,51,ลำพูน,Lamphun,5101,เมืองลำพูน,Mueang Lamphun,510107,ต้นธง,Ton Thong,51000
4367,ภาคเหนือ,51,ลำพูน,Lamphun,5101,เมืองลำพูน,Mueang Lamphun,510108,บ้านแป้น,Ban Paen,51000
4368,ภาคเหนือ,51,ลำพูน,Lamphun,5101,เมืองลำพูน,Mueang Lamphun,510109,เหมืองจี้,Mueang Chi,51000
4369,ภาคเหนือ,51,ลำพูน,Lamphun,5101,เมืองลำพูน,Mueang Lamphun,510110,ป่าสัก,Pa Sak,51000
4370,ภาคเหนือ,51,ลำพูน,Lamphun,5101,เมืองลำพูน,Mueang Lamphun,510111,เวียงยอง,Wiang Yong,51000
4371,ภาคเหนือ,51,ลำพูน,Lamphun,5101,เมืองลำพูน,Mueang Lamphun,510112,บ้านกลาง,Ban Klang,51000
4372,ภาคเหนือ,51,ลำพูน,Lamphun,5101,เมืองลำพูน,Mueang Lamphun,510113,มะเขือแจ้,Makhuea Chae,51000
4373,ภาคเหนือ,51,ลำพูน,Lamphun,5101,เมืองลำพูน,Mueang Lamphun,510116,ศรีบัวบาน,Si Bua Ban,51000
4374,ภาคเหนือ,51,ลำพูน,Lamphun,5101,เมืองลำพูน,Mueang Lamphun,510117,หนองหนาม,Nong Nam,51000
4375,ภาคเหนือ,51,ลำพูน,Lamphun,5102,แม่ทา,Mae Tha,510201,ทาปลาดุก,Tha Pla Duk,51140
4376,ภาคเหนือ,51,ลำพูน,Lamphun,5102,แม่ทา,Mae Tha,510202,ทาสบเส้า,Tha Sopsao,51140
4377,ภาคเหนือ,51,ลำพูน,Lamphun,5102,แม่ทา,Mae Tha,510203,ทากาศ,Tha Kat,51170
4378,ภาคเหนือ,51,ลำพูน,Lamphun,5102,แม่ทา,Mae Tha,510204,ทาขุมเงิน,Tha Khum Ngoen,51170
4379,ภาคเหนือ,51,ลำพูน,Lamphun,5102,แม่ทา,Mae Tha,510205,ทาทุ่งหลวง,Tha Thung Luang,51170
4380,ภาคเหนือ,51,ลำพูน,Lamphun,5102,แม่ทา,Mae Tha,510206,ทาแม่ลอบ,Tha Mae Lop,51170
4381,ภาคเหนือ,51,ลำพูน,Lamphun,5103,บ้านโฮ่ง,Ban Hong,510301,บ้านโฮ่ง,Ban Hong,51130
4382,ภาคเหนือ,51,ลำพูน,Lamphun,5103,บ้านโฮ่ง,Ban Hong,510302,ป่าพลู,Pa Phlu,51130
4383,ภาคเหนือ,51,ลำพูน,Lamphun,5103,บ้านโฮ่ง,Ban Hong,510303,เหล่ายาว,Lao Yao,51130
4384,ภาคเหนือ,51,ลำพูน,Lamphun,5103,บ้านโฮ่ง,Ban Hong,510304,ศรีเตี้ย,Si Tia,51130
4385,ภาคเหนือ,51,ลำพูน,Lamphun,5103,บ้านโฮ่ง,Ban Hong,510305,หนองปลาสะวาย,Nong Pla Sawai,51130
4386,ภาคเหนือ,51,ลำพูน,Lamphun,5104,ลี้,Li,510401,ลี้,Li,51110
4387,ภาคเหนือ,51,ลำพูน,Lamphun,5104,ลี้,Li,510402,แม่ตืน,Mae Tuen,51110
4388,ภาคเหนือ,51,ลำพูน,Lamphun,5104,ลี้,Li,510403,นาทราย,Na Sai,51110
4389,ภาคเหนือ,51,ลำพูน,Lamphun,5104,ลี้,Li,510404,ดงดำ,Dong Dam,51110
4390,ภาคเหนือ,51,ลำพูน,Lamphun,5104,ลี้,Li,510405,ก้อ,Ko,51110
4391,ภาคเหนือ,51,ลำพูน,Lamphun,5104,ลี้,Li,510406,แม่ลาน,Mae Lan,51110
4392,ภาคเหนือ,51,ลำพูน,Lamphun,5104,ลี้,Li,510408,ป่าไผ่,Pa Phai,51110
4393,ภาคเหนือ,51,ลำพูน,Lamphun,5104,ลี้,Li,510409,ศรีวิชัย,Si Wichai,51110
4394,ภาคเหนือ,51,ลำพูน,Lamphun,5105,ทุ่งหัวช้าง,Thung Hua Chang,510501,ทุ่งหัวช้าง,Thung Hua Chang,51160
4395,ภาคเหนือ,51,ลำพูน,Lamphun,5105,ทุ่งหัวช้าง,Thung Hua Chang,510502,บ้านปวง,Ban Puang,51160
4396,ภาคเหนือ,51,ลำพูน,Lamphun,5105,ทุ่งหัวช้าง,Thung Hua Chang,510503,ตะเคียนปม,Takhian Pom,51160
4397,ภาคเหนือ,51,ลำพูน,Lamphun,5106,ป่าซาง,Pa Sang,510601,ปากบ่อง,Pak Bong,51120
4398,ภาคเหนือ,51,ลำพูน,Lamphun,5106,ป่าซาง,Pa Sang,510602,ป่าซาง,Pa Sang,51120
4399,ภาคเหนือ,51,ลำพูน,Lamphun,5106,ป่าซาง,Pa Sang,510603,แม่แรง,Mae Raeng,51120
4400,ภาคเหนือ,51,ลำพูน,Lamphun,5106,ป่าซาง,Pa Sang,510604,ม่วงน้อย,Muang Noi,51120
4401,ภาคเหนือ,51,ลำพูน,Lamphun,5106,ป่าซาง,Pa Sang,510605,บ้านเรือน,Ban Ruean,51120
4402,ภาคเหนือ,51,ลำพูน,Lamphun,5106,ป่าซาง,Pa Sang,510606,มะกอก,Makok,51120
4403,ภาคเหนือ,51,ลำพูน,Lamphun,5106,ป่าซาง,Pa Sang,510607,ท่าตุ้ม,Tha Tum,51120
4404,ภาคเหนือ,51,ลำพูน,Lamphun,5106,ป่าซาง,Pa Sang,510608,น้ำดิบ,Nam Dip,51120
4405,ภาคเหนือ,51,ลำพูน,Lamphun,5106,ป่าซาง,Pa Sang,510611,นครเจดีย์,Nakhon Chedi,51120
4406,ภาคเหนือ,51,ลำพูน,Lamphun,5107,บ้านธิ,Ban Thi,510701,บ้านธิ,Ban Thi,51180
4407,ภาคเหนือ,51,ลำพูน,Lamphun,5107,บ้านธิ,Ban Thi,510702,ห้วยยาบ,Huai Yap,51180
4408,ภาคเหนือ,51,ลำพูน,Lamphun,5108,เวียงหนองล่อง,Wiang Nong Long,510801,หนองล่อง,Nong Long,51120
4409,ภาคเหนือ,51,ลำพูน,Lamphun,5108,เวียงหนองล่อง,Wiang Nong Long,510802,หนองยวง,Nong Yuang,51120
4410,ภาคเหนือ,51,ลำพูน,Lamphun,5108,เวียงหนองล่อง,Wiang Nong Long,510803,วังผาง,Wang Phang,51120
4411,ภาคเหนือ,52,ลำปาง,Lampang,5201,เมืองลำปาง,Mueang Lampang,520101,เวียงเหนือ,Wiang Nuea,52000
4412,ภาคเหนือ,52,ลำปาง,Lampang,5201,เมืองลำปาง,Mueang Lampang,520102,หัวเวียง,Hua Wiang,52000
4413,ภาคเหนือ,52,ลำปาง,Lampang,5201,เมืองลำปาง,Mueang Lampang,520103,สวนดอก,Suan Dok,52100
4414,ภาคเหนือ,52,ลำปาง,Lampang,5201,เมืองลำปาง,Mueang Lampang,520104,สบตุ๋ย,Sop Tui,52100
4415,ภาคเหนือ,52,ลำปาง,Lampang,5201,เมืองลำปาง,Mueang Lampang,520105,พระบาท,Phrabat,52000
4416,ภาคเหนือ,52,ลำปาง,Lampang,5201,เมืองลำปาง,Mueang Lampang,520106,ชมพู,Chomphu,52100
4417,ภาคเหนือ,52,ลำปาง,Lampang,5201,เมืองลำปาง,Mueang Lampang,520107,กล้วยแพะ,Kluai Phae,52000
4418,ภาคเหนือ,52,ลำปาง,Lampang,5201,เมืองลำปาง,Mueang Lampang,520108,ปงแสนทอง,Pong Saen Thong,52100
4419,ภาคเหนือ,52,ลำปาง,Lampang,5201,เมืองลำปาง,Mueang Lampang,520109,บ้านแลง,Ban Laeng,52000
4420,ภาคเหนือ,52,ลำปาง,Lampang,5201,เมืองลำปาง,Mueang Lampang,520110,บ้านเสด็จ,Ban Sadet,52000
4421,ภาคเหนือ,52,ลำปาง,Lampang,5201,เมืองลำปาง,Mueang Lampang,520111,พิชัย,Phichai,52000
4422,ภาคเหนือ,52,ลำปาง,Lampang,5201,เมืองลำปาง,Mueang Lampang,520112,ทุ่งฝาย,Thung Fai,52000
4423,ภาคเหนือ,52,ลำปาง,Lampang,5201,เมืองลำปาง,Mueang Lampang,520113,บ้านเอื้อม,Ban Ueam,52100
4424,ภาคเหนือ,52,ลำปาง,Lampang,5201,เมืองลำปาง,Mueang Lampang,520114,บ้านเป้า,Ban Pao,52100
4425,ภาคเหนือ,52,ลำปาง,Lampang,5201,เมืองลำปาง,Mueang Lampang,520115,บ้านค่า,Ban Kha,52100
4426,ภาคเหนือ,52,ลำปาง,Lampang,5201,เมืองลำปาง,Mueang Lampang,520116,บ่อแฮ้ว,Bo Haeo,52100
4427,ภาคเหนือ,52,ลำปาง,Lampang,5201,เมืองลำปาง,Mueang Lampang,520117,ต้นธงชัย,Ton Thong Chai,52000
4428,ภาคเหนือ,52,ลำปาง,Lampang,5201,เมืองลำปาง,Mueang Lampang,520118,นิคมพัฒนา,Nikhom Phatthana,52000
4429,ภาคเหนือ,52,ลำปาง,Lampang,5201,เมืองลำปาง,Mueang Lampang,520119,บุญนาคพัฒนา,Bunnak Phatthana,52000
4430,ภาคเหนือ,52,ลำปาง,Lampang,5202,แม่เมาะ,Mae Mo,520201,บ้านดง,Ban Dong,52220
4431,ภาคเหนือ,52,ลำปาง,Lampang,5202,แม่เมาะ,Mae Mo,520202,นาสัก,Na Sak,52220
4432,ภาคเหนือ,52,ลำปาง,Lampang,5202,แม่เมาะ,Mae Mo,520203,จางเหนือ,Chang Nuea,52220
4433,ภาคเหนือ,52,ลำปาง,Lampang,5202,แม่เมาะ,Mae Mo,520204,แม่เมาะ,Mae Mo,52220
4434,ภาคเหนือ,52,ลำปาง,Lampang,5202,แม่เมาะ,Mae Mo,520205,สบป้าด,Sop Pat,52220
4435,ภาคเหนือ,52,ลำปาง,Lampang,5203,เกาะคา,Ko Kha,520301,ลำปางหลวง,Lampang Luang,52130
4436,ภาคเหนือ,52,ลำปาง,Lampang,5203,เกาะคา,Ko Kha,520302,นาแก้ว,Na Kaeo,52130
4437,ภาคเหนือ,52,ลำปาง,Lampang,5203,เกาะคา,Ko Kha,520303,ไหล่หิน,Lai Hin,52130
4438,ภาคเหนือ,52,ลำปาง,Lampang,5203,เกาะคา,Ko Kha,520304,วังพร้าว,Wang Phrao,52130
4439,ภาคเหนือ,52,ลำปาง,Lampang,5203,เกาะคา,Ko Kha,520305,ศาลา,Sala,52130
4440,ภาคเหนือ,52,ลำปาง,Lampang,5203,เกาะคา,Ko Kha,520306,เกาะคา,Ko Kha,52130
4441,ภาคเหนือ,52,ลำปาง,Lampang,5203,เกาะคา,Ko Kha,520307,นาแส่ง,Na Saeng,52130
4442,ภาคเหนือ,52,ลำปาง,Lampang,5203,เกาะคา,Ko Kha,520308,ท่าผา,Tha Pha,52130
4443,ภาคเหนือ,52,ลำปาง,Lampang,5203,เกาะคา,Ko Kha,520309,ใหม่พัฒนา,Mai Phatthana,52130
4444,ภาคเหนือ,52,ลำปาง,Lampang,5204,เสริมงาม,Soem Ngam,520401,ทุ่งงาม,Thung Ngam,52210
4445,ภาคเหนือ,52,ลำปาง,Lampang,5204,เสริมงาม,Soem Ngam,520402,เสริมขวา,Soem Khwa,52210
4446,ภาคเหนือ,52,ลำปาง,Lampang,5204,เสริมงาม,Soem Ngam,520403,เสริมซ้าย,Soem Sai,52210
4447,ภาคเหนือ,52,ลำปาง,Lampang,5204,เสริมงาม,Soem Ngam,520404,เสริมกลาง,Soem Klang,52210
4448,ภาคเหนือ,52,ลำปาง,Lampang,5205,งาว,Ngao,520501,หลวงเหนือ,Luang Nuea,52110
4449,ภาคเหนือ,52,ลำปาง,Lampang,5205,งาว,Ngao,520502,หลวงใต้,Luang Tai,52110
4450,ภาคเหนือ,52,ลำปาง,Lampang,5205,งาว,Ngao,520503,บ้านโป่ง,Ban Pong,52110
4451,ภาคเหนือ,52,ลำปาง,Lampang,5205,งาว,Ngao,520504,บ้านร้อง,Ban Rong,52110
4452,ภาคเหนือ,52,ลำปาง,Lampang,5205,งาว,Ngao,520505,ปงเตา,Pong Tao,52110
4453,ภาคเหนือ,52,ลำปาง,Lampang,5205,งาว,Ngao,520506,นาแก,Na Kae,52110
4454,ภาคเหนือ,52,ลำปาง,Lampang,5205,งาว,Ngao,520507,บ้านอ้อน,Ban On,52110
4455,ภาคเหนือ,52,ลำปาง,Lampang,5205,งาว,Ngao,520508,บ้านแหง,Ban Haeng,52110
4456,ภาคเหนือ,52,ลำปาง,Lampang,5205,งาว,Ngao,520509,บ้านหวด,Ban Huat,52110
4457,ภาคเหนือ,52,ลำปาง,Lampang,5205,งาว,Ngao,520510,แม่ตีบ,Mae Tip,52110
4458,ภาคเหนือ,52,ลำปาง,Lampang,5206,แจ้ห่ม,Chae Hom,520601,แจ้ห่ม,Chae Hom,52120
4459,ภาคเหนือ,52,ลำปาง,Lampang,5206,แจ้ห่ม,Chae Hom,520602,บ้านสา,Ban Sa,52120
4460,ภาคเหนือ,52,ลำปาง,Lampang,5206,แจ้ห่ม,Chae Hom,520603,ปงดอน,Pong Don,52120
4461,ภาคเหนือ,52,ลำปาง,Lampang,5206,แจ้ห่ม,Chae Hom,520604,แม่สุก,Mae Suk,52120
4462,ภาคเหนือ,52,ลำปาง,Lampang,5206,แจ้ห่ม,Chae Hom,520605,เมืองมาย,Mueang Mai,52120
4463,ภาคเหนือ,52,ลำปาง,Lampang,5206,แจ้ห่ม,Chae Hom,520606,ทุ่งผึ้ง,Thung Phueng,52120
4464,ภาคเหนือ,52,ลำปาง,Lampang,5206,แจ้ห่ม,Chae Hom,520607,วิเชตนคร,Wichet Nakhon,52120
4465,ภาคเหนือ,52,ลำปาง,Lampang,5207,วังเหนือ,Wang Nuea,520701,ทุ่งฮั้ว,Thung Hua,52140
4466,ภาคเหนือ,52,ลำปาง,Lampang,5207,วังเหนือ,Wang Nuea,520702,วังเหนือ,Wang Nuea,52140
4467,ภาคเหนือ,52,ลำปาง,Lampang,5207,วังเหนือ,Wang Nuea,520703,วังใต้,Wang Tai,52140
4468,ภาคเหนือ,52,ลำปาง,Lampang,5207,วังเหนือ,Wang Nuea,520704,ร่องเคาะ,Rong Kho,52140
4469,ภาคเหนือ,52,ลำปาง,Lampang,5207,วังเหนือ,Wang Nuea,520705,วังทอง,Wang Thong,52140
4470,ภาคเหนือ,52,ลำปาง,Lampang,5207,วังเหนือ,Wang Nuea,520706,วังซ้าย,Wang Sai,52140
4471,ภาคเหนือ,52,ลำปาง,Lampang,5207,วังเหนือ,Wang Nuea,520707,วังแก้ว,Wang Kaeo,52140
4472,ภาคเหนือ,52,ลำปาง,Lampang,5207,วังเหนือ,Wang Nuea,520708,วังทรายคำ,Wang Sai Thong,52140
4473,ภาคเหนือ,52,ลำปาง,Lampang,5208,เถิน,Thoen,520801,ล้อมแรด,Lom Raet,52160
4474,ภาคเหนือ,52,ลำปาง,Lampang,5208,เถิน,Thoen,520802,แม่วะ,Mae Wa,52230
4475,ภาคเหนือ,52,ลำปาง,Lampang,5208,เถิน,Thoen,520803,แม่ปะ,Mae Pa,52160
4476,ภาคเหนือ,52,ลำปาง,Lampang,5208,เถิน,Thoen,520804,แม่มอก,Mae Mok,52160
4477,ภาคเหนือ,52,ลำปาง,Lampang,5208,เถิน,Thoen,520805,เวียงมอก,Wiang Mok,52160
4478,ภาคเหนือ,52,ลำปาง,Lampang,5208,เถิน,Thoen,520806,นาโป่ง,Na Pong,52160
4479,ภาคเหนือ,52,ลำปาง,Lampang,5208,เถิน,Thoen,520807,แม่ถอด,Mae Thot,52160
4480,ภาคเหนือ,52,ลำปาง,Lampang,5208,เถิน,Thoen,520808,เถินบุรี,Thoen Buri,52160
4481,ภาคเหนือ,52,ลำปาง,Lampang,5209,แม่พริก,Mae Phrik,520901,แม่พริก,Mae Phrik,52180
4482,ภาคเหนือ,52,ลำปาง,Lampang,5209,แม่พริก,Mae Phrik,520902,ผาปัง,Pha Pang,52180
4483,ภาคเหนือ,52,ลำปาง,Lampang,5209,แม่พริก,Mae Phrik,520903,แม่ปุ,Mae Pu,52180
4484,ภาคเหนือ,52,ลำปาง,Lampang,5209,แม่พริก,Mae Phrik,520904,พระบาทวังตวง,Phrabat Wang Tuang,52180
4485,ภาคเหนือ,52,ลำปาง,Lampang,5210,แม่ทะ,Mae Tha,521001,แม่ทะ,Mae Tha,52150
4486,ภาคเหนือ,52,ลำปาง,Lampang,5210,แม่ทะ,Mae Tha,521002,นาครัว,Na Khrua,52150
4487,ภาคเหนือ,52,ลำปาง,Lampang,5210,แม่ทะ,Mae Tha,521003,ป่าตัน,Pa Tan,52150
4488,ภาคเหนือ,52,ลำปาง,Lampang,5210,แม่ทะ,Mae Tha,521004,บ้านกิ่ว,Ban Kio,52150
4489,ภาคเหนือ,52,ลำปาง,Lampang,5210,แม่ทะ,Mae Tha,521005,บ้านบอม,Ban Bom,52150
4490,ภาคเหนือ,52,ลำปาง,Lampang,5210,แม่ทะ,Mae Tha,521006,น้ำโจ้,Nam Cho,52150
4491,ภาคเหนือ,52,ลำปาง,Lampang,5210,แม่ทะ,Mae Tha,521007,ดอนไฟ,Don Fai,52150
4492,ภาคเหนือ,52,ลำปาง,Lampang,5210,แม่ทะ,Mae Tha,521008,หัวเสือ,Hua Suea,52150
4493,ภาคเหนือ,52,ลำปาง,Lampang,5210,แม่ทะ,Mae Tha,521010,วังเงิน,Wang Ngoen,52150
4494,ภาคเหนือ,52,ลำปาง,Lampang,5210,แม่ทะ,Mae Tha,521011,สันดอนแก้ว,San Don Kaeo,52150
4495,ภาคเหนือ,52,ลำปาง,Lampang,5211,สบปราบ,Sop Prap,521101,สบปราบ,Sop Prap,52170
4496,ภาคเหนือ,52,ลำปาง,Lampang,5211,สบปราบ,Sop Prap,521102,สมัย,Samai,52170
4497,ภาคเหนือ,52,ลำปาง,Lampang,5211,สบปราบ,Sop Prap,521103,แม่กัวะ,Mae Kua,52170
4498,ภาคเหนือ,52,ลำปาง,Lampang,5211,สบปราบ,Sop Prap,521104,นายาง,Na Yang,52170
4499,ภาคเหนือ,52,ลำปาง,Lampang,5212,ห้างฉัตร,Hang Chat,521201,ห้างฉัตร,Hang Chat,52190
4500,ภาคเหนือ,52,ลำปาง,Lampang,5212,ห้างฉัตร,Hang Chat,521202,หนองหล่ม,Nong Lom,52190
4501,ภาคเหนือ,52,ลำปาง,Lampang,5212,ห้างฉัตร,Hang Chat,521203,เมืองยาว,Mueang Yao,52190
4502,ภาคเหนือ,52,ลำปาง,Lampang,5212,ห้างฉัตร,Hang Chat,521204,ปงยางคก,Pong Yang Khok,52190
4503,ภาคเหนือ,52,ลำปาง,Lampang,5212,ห้างฉัตร,Hang Chat,521205,เวียงตาล,Wiang Tan,52190
4504,ภาคเหนือ,52,ลำปาง,Lampang,5212,ห้างฉัตร,Hang Chat,521206,แม่สัน,Mae San,52190
4505,ภาคเหนือ,52,ลำปาง,Lampang,5212,ห้างฉัตร,Hang Chat,521207,วอแก้ว,Wo Kaeo,52190
4506,ภาคเหนือ,52,ลำปาง,Lampang,5213,เมืองปาน,Mueang Pan,521301,เมืองปาน,Mueang Pan,52240
4507,ภาคเหนือ,52,ลำปาง,Lampang,5213,เมืองปาน,Mueang Pan,521302,บ้านขอ,Ban Kho,52240
4508,ภาคเหนือ,52,ลำปาง,Lampang,5213,เมืองปาน,Mueang Pan,521303,ทุ่งกว๋าว,Thung Khwao,52240
4509,ภาคเหนือ,52,ลำปาง,Lampang,5213,เมืองปาน,Mueang Pan,521304,แจ้ซ้อน,Chae Son,52240
4510,ภาคเหนือ,52,ลำปาง,Lampang,5213,เมืองปาน,Mueang Pan,521305,หัวเมือง,Hua Mueang,52240
4511,ภาคเหนือ,53,อุตรดิตถ์,Uttaradit,5301,เมืองอุตรดิตถ์,Mueang Uttaradit,530101,ท่าอิฐ,Tha It,53000
4512,ภาคเหนือ,53,อุตรดิตถ์,Uttaradit,5301,เมืองอุตรดิตถ์,Mueang Uttaradit,530102,ท่าเสา,Tha Sao,53000
4513,ภาคเหนือ,53,อุตรดิตถ์,Uttaradit,5301,เมืองอุตรดิตถ์,Mueang Uttaradit,530103,บ้านเกาะ,Ban Ko,53000
4514,ภาคเหนือ,53,อุตรดิตถ์,Uttaradit,5301,เมืองอุตรดิตถ์,Mueang Uttaradit,530104,ป่าเซ่า,Pa Sao,53000
4515,ภาคเหนือ,53,อุตรดิตถ์,Uttaradit,5301,เมืองอุตรดิตถ์,Mueang Uttaradit,530105,คุ้งตะเภา,Khung Taphao,53000
4516,ภาคเหนือ,53,อุตรดิตถ์,Uttaradit,5301,เมืองอุตรดิตถ์,Mueang Uttaradit,530106,วังกะพี้,Wang Kaphi,53170
4517,ภาคเหนือ,53,อุตรดิตถ์,Uttaradit,5301,เมืองอุตรดิตถ์,Mueang Uttaradit,530107,หาดกรวด,Hat Kruat,53000
4518,ภาคเหนือ,53,อุตรดิตถ์,Uttaradit,5301,เมืองอุตรดิตถ์,Mueang Uttaradit,530108,น้ำริด,Nam Rit,53000
4519,ภาคเหนือ,53,อุตรดิตถ์,Uttaradit,5301,เมืองอุตรดิตถ์,Mueang Uttaradit,530109,งิ้วงาม,Ngio Ngam,53000
4520,ภาคเหนือ,53,อุตรดิตถ์,Uttaradit,5301,เมืองอุตรดิตถ์,Mueang Uttaradit,530110,บ้านด่านนาขาม,Ban Dan Na Kham,53000
4521,ภาคเหนือ,53,อุตรดิตถ์,Uttaradit,5301,เมืองอุตรดิตถ์,Mueang Uttaradit,530111,บ้านด่าน,Ban Dan,53000
4522,ภาคเหนือ,53,อุตรดิตถ์,Uttaradit,5301,เมืองอุตรดิตถ์,Mueang Uttaradit,530112,ผาจุก,Pha Chuk,53000
4523,ภาคเหนือ,53,อุตรดิตถ์,Uttaradit,5301,เมืองอุตรดิตถ์,Mueang Uttaradit,530113,วังดิน,Wang Din,53000
4524,ภาคเหนือ,53,อุตรดิตถ์,Uttaradit,5301,เมืองอุตรดิตถ์,Mueang Uttaradit,530114,แสนตอ,Saen To,53000
4525,ภาคเหนือ,53,อุตรดิตถ์,Uttaradit,5301,เมืองอุตรดิตถ์,Mueang Uttaradit,530115,หาดงิ้ว,Hat Ngio,53000
4526,ภาคเหนือ,53,อุตรดิตถ์,Uttaradit,5301,เมืองอุตรดิตถ์,Mueang Uttaradit,530116,ขุนฝาง,Khun Fang,53000
4527,ภาคเหนือ,53,อุตรดิตถ์,Uttaradit,5301,เมืองอุตรดิตถ์,Mueang Uttaradit,530117,ถ้ำฉลอง,Tham Chalong,53000
4528,ภาคเหนือ,53,อุตรดิตถ์,Uttaradit,5302,ตรอน,Tron,530201,วังแดง,Wang Daeng,53140
4529,ภาคเหนือ,53,อุตรดิตถ์,Uttaradit,5302,ตรอน,Tron,530202,บ้านแก่ง,Ban Kaeng,53140
4530,ภาคเหนือ,53,อุตรดิตถ์,Uttaradit,5302,ตรอน,Tron,530203,หาดสองแคว,Hat Song Khwae,53140
4531,ภาคเหนือ,53,อุตรดิตถ์,Uttaradit,5302,ตรอน,Tron,530204,น้ำอ่าง,Nam Ang,53140
4532,ภาคเหนือ,53,อุตรดิตถ์,Uttaradit,5302,ตรอน,Tron,530205,ข่อยสูง,Khoi Sung,53140
4533,ภาคเหนือ,53,อุตรดิตถ์,Uttaradit,5303,ท่าปลา,Tha Pla,530301,ท่าปลา,Tha Pla,53150
4534,ภาคเหนือ,53,อุตรดิตถ์,Uttaradit,5303,ท่าปลา,Tha Pla,530302,หาดล้า,Hat La,53150
4535,ภาคเหนือ,53,อุตรดิตถ์,Uttaradit,5303,ท่าปลา,Tha Pla,530303,ผาเลือด,Pha Lueat,53190
4536,ภาคเหนือ,53,อุตรดิตถ์,Uttaradit,5303,ท่าปลา,Tha Pla,530304,จริม,Charim,53150
4537,ภาคเหนือ,53,อุตรดิตถ์,Uttaradit,5303,ท่าปลา,Tha Pla,530305,น้ำหมัน,Nam Man,53150
4538,ภาคเหนือ,53,อุตรดิตถ์,Uttaradit,5303,ท่าปลา,Tha Pla,530307,นางพญา,Nang Phaya,53150
4539,ภาคเหนือ,53,อุตรดิตถ์,Uttaradit,5303,ท่าปลา,Tha Pla,530308,ร่วมจิต,Ruam Chit,53190
4540,ภาคเหนือ,53,อุตรดิตถ์,Uttaradit,5304,น้ำปาด,Nam Pat,530401,แสนตอ,Saen To,53110
4541,ภาคเหนือ,53,อุตรดิตถ์,Uttaradit,5304,น้ำปาด,Nam Pat,530402,บ้านฝาย,Ban Fai,53110
4542,ภาคเหนือ,53,อุตรดิตถ์,Uttaradit,5304,น้ำปาด,Nam Pat,530403,เด่นเหล็ก,Den Lek,53110
4543,ภาคเหนือ,53,อุตรดิตถ์,Uttaradit,5304,น้ำปาด,Nam Pat,530404,น้ำไคร้,Nam Khrai,53110
4544,ภาคเหนือ,53,อุตรดิตถ์,Uttaradit,5304,น้ำปาด,Nam Pat,530405,น้ำไผ่,Nam Phai,53110
4545,ภาคเหนือ,53,อุตรดิตถ์,Uttaradit,5304,น้ำปาด,Nam Pat,530406,ห้วยมุ่น,Huai Mun,53110
4546,ภาคเหนือ,53,อุตรดิตถ์,Uttaradit,5304,น้ำปาด,Nam Pat,530407,ท่าแฝก,Tha Faek,53110
4547,ภาคเหนือ,53,อุตรดิตถ์,Uttaradit,5305,ฟากท่า,Fak Tha,530501,ฟากท่า,Fak Tha,53160
4548,ภาคเหนือ,53,อุตรดิตถ์,Uttaradit,5305,ฟากท่า,Fak Tha,530502,สองคอน,Song Khon,53160
4549,ภาคเหนือ,53,อุตรดิตถ์,Uttaradit,5305,ฟากท่า,Fak Tha,530503,บ้านเสี้ยว,Ban Siao,53160
4550,ภาคเหนือ,53,อุตรดิตถ์,Uttaradit,5305,ฟากท่า,Fak Tha,530504,สองห้อง,Song Hong,53160
4551,ภาคเหนือ,53,อุตรดิตถ์,Uttaradit,5306,บ้านโคก,Ban Khok,530601,ม่วงเจ็ดต้น,Muang Chet Ton,53180
4552,ภาคเหนือ,53,อุตรดิตถ์,Uttaradit,5306,บ้านโคก,Ban Khok,530602,บ้านโคก,Ban Khok,53180
4553,ภาคเหนือ,53,อุตรดิตถ์,Uttaradit,5306,บ้านโคก,Ban Khok,530603,นาขุม,Na Khum,53180
4554,ภาคเหนือ,53,อุตรดิตถ์,Uttaradit,5306,บ้านโคก,Ban Khok,530604,บ่อเบี้ย,Bo Bia,53180
4555,ภาคเหนือ,53,อุตรดิตถ์,Uttaradit,5307,พิชัย,Phichai,530701,ในเมือง,Nai Mueang,53120
4556,ภาคเหนือ,53,อุตรดิตถ์,Uttaradit,5307,พิชัย,Phichai,530702,บ้านดารา,Ban Dara,53220
4557,ภาคเหนือ,53,อุตรดิตถ์,Uttaradit,5307,พิชัย,Phichai,530703,ไร่อ้อย,Rai Oi,53120
4558,ภาคเหนือ,53,อุตรดิตถ์,Uttaradit,5307,พิชัย,Phichai,530704,ท่าสัก,Tha Sak,53220
4559,ภาคเหนือ,53,อุตรดิตถ์,Uttaradit,5307,พิชัย,Phichai,530705,คอรุม,Kho Rum,53120
4560,ภาคเหนือ,53,อุตรดิตถ์,Uttaradit,5307,พิชัย,Phichai,530706,บ้านหม้อ,Ban Mo,53120
4561,ภาคเหนือ,53,อุตรดิตถ์,Uttaradit,5307,พิชัย,Phichai,530707,ท่ามะเฟือง,Tha Mafueang,53120
4562,ภาคเหนือ,53,อุตรดิตถ์,Uttaradit,5307,พิชัย,Phichai,530708,บ้านโคน,Ban Khon,53120
4563,ภาคเหนือ,53,อุตรดิตถ์,Uttaradit,5307,พิชัย,Phichai,530709,พญาแมน,Phaya Maen,53120
4564,ภาคเหนือ,53,อุตรดิตถ์,Uttaradit,5307,พิชัย,Phichai,530710,นาอิน,Na In,53120
4565,ภาคเหนือ,53,อุตรดิตถ์,Uttaradit,5307,พิชัย,Phichai,530711,นายาง,Na Yang,53120
4566,ภาคเหนือ,53,อุตรดิตถ์,Uttaradit,5308,ลับแล,Laplae,530801,ศรีพนมมาศ,Si Phanom Mat,53130
4567,ภาคเหนือ,53,อุตรดิตถ์,Uttaradit,5308,ลับแล,Laplae,530802,แม่พูล,Mae Phun,53130
4568,ภาคเหนือ,53,อุตรดิตถ์,Uttaradit,5308,ลับแล,Laplae,530803,นานกกก,Na Nok Kok,53130
4569,ภาคเหนือ,53,อุตรดิตถ์,Uttaradit,5308,ลับแล,Laplae,530804,ฝายหลวง,Fai Luang,53130
4570,ภาคเหนือ,53,อุตรดิตถ์,Uttaradit,5308,ลับแล,Laplae,530805,ชัยจุมพล,Chai Chumphon,53130
4571,ภาคเหนือ,53,อุตรดิตถ์,Uttaradit,5308,ลับแล,Laplae,530806,ไผ่ล้อม,Phai Lom,53210
4572,ภาคเหนือ,53,อุตรดิตถ์,Uttaradit,5308,ลับแล,Laplae,530807,ทุ่งยั้ง,Thung Yang,53210
4573,ภาคเหนือ,53,อุตรดิตถ์,Uttaradit,5308,ลับแล,Laplae,530808,ด่านแม่คำมัน,Dan Mae Kham Man,53210
4574,ภาคเหนือ,53,อุตรดิตถ์,Uttaradit,5309,ทองแสนขัน,Thong Saen Khan,530901,ผักขวง,Phak Khuang,53230
4575,ภาคเหนือ,53,อุตรดิตถ์,Uttaradit,5309,ทองแสนขัน,Thong Saen Khan,530902,บ่อทอง,Bo Thong,53230
4576,ภาคเหนือ,53,อุตรดิตถ์,Uttaradit,5309,ทองแสนขัน,Thong Saen Khan,530903,ป่าคาย,Pa Khai,53230
4577,ภาคเหนือ,53,อุตรดิตถ์,Uttaradit,5309,ทองแสนขัน,Thong Saen Khan,530904,น้ำพี้,Namphi,53230
4578,ภาคเหนือ,54,แพร่,Phrae,5401,เมืองแพร่,Mueang Phrae,540101,ในเวียง,Nai Wiang,54000
4579,ภาคเหนือ,54,แพร่,Phrae,5401,เมืองแพร่,Mueang Phrae,540102,นาจักร,Na Chak,54000
4580,ภาคเหนือ,54,แพร่,Phrae,5401,เมืองแพร่,Mueang Phrae,540103,น้ำชำ,Nam Cham,54000
4581,ภาคเหนือ,54,แพร่,Phrae,5401,เมืองแพร่,Mueang Phrae,540104,ป่าแดง,Pa Daeng,54000
4582,ภาคเหนือ,54,แพร่,Phrae,5401,เมืองแพร่,Mueang Phrae,540105,ทุ่งโฮ้ง,Thung Hong,54000
4583,ภาคเหนือ,54,แพร่,Phrae,5401,เมืองแพร่,Mueang Phrae,540106,เหมืองหม้อ,Mueang Mo,54000
4584,ภาคเหนือ,54,แพร่,Phrae,5401,เมืองแพร่,Mueang Phrae,540107,วังธง,Wang Thong,54000
4585,ภาคเหนือ,54,แพร่,Phrae,5401,เมืองแพร่,Mueang Phrae,540108,แม่หล่าย,Mae Lai,54000
4586,ภาคเหนือ,54,แพร่,Phrae,5401,เมืองแพร่,Mueang Phrae,540109,ห้วยม้า,Huai Ma,54000
4587,ภาคเหนือ,54,แพร่,Phrae,5401,เมืองแพร่,Mueang Phrae,540110,ป่าแมต,Pa Maet,54000
4588,ภาคเหนือ,54,แพร่,Phrae,5401,เมืองแพร่,Mueang Phrae,540111,บ้านถิ่น,Ban Thin,54000
4589,ภาคเหนือ,54,แพร่,Phrae,5401,เมืองแพร่,Mueang Phrae,540112,สวนเขื่อน,Suan Khuean,54000
4590,ภาคเหนือ,54,แพร่,Phrae,5401,เมืองแพร่,Mueang Phrae,540113,วังหงส์,Wang Hong,54000
4591,ภาคเหนือ,54,แพร่,Phrae,5401,เมืองแพร่,Mueang Phrae,540114,แม่คำมี,Mae Kham Mi,54000
4592,ภาคเหนือ,54,แพร่,Phrae,5401,เมืองแพร่,Mueang Phrae,540115,ทุ่งกวาว,Thung Kwao,54000
4593,ภาคเหนือ,54,แพร่,Phrae,5401,เมืองแพร่,Mueang Phrae,540116,ท่าข้าม,Tha Kham,54000
4594,ภาคเหนือ,54,แพร่,Phrae,5401,เมืองแพร่,Mueang Phrae,540117,แม่ยม,Mae Yom,54000
4595,ภาคเหนือ,54,แพร่,Phrae,5401,เมืองแพร่,Mueang Phrae,540118,ช่อแฮ,Cho Hae,54000
4596,ภาคเหนือ,54,แพร่,Phrae,5401,เมืองแพร่,Mueang Phrae,540119,ร่องฟอง,Rong Fong,54000
4597,ภาคเหนือ,54,แพร่,Phrae,5401,เมืองแพร่,Mueang Phrae,540120,กาญจนา,Kanchana,54000
4598,ภาคเหนือ,54,แพร่,Phrae,5402,ร้องกวาง,Mueang Phrae,540201,ร้องกวาง,Rong Kwang,54140
4599,ภาคเหนือ,54,แพร่,Phrae,5402,ร้องกวาง,Mueang Phrae,540204,ร้องเข็ม,Si Narong,54140
4600,ภาคเหนือ,54,แพร่,Phrae,5402,ร้องกวาง,Mueang Phrae,540205,น้ำเลา,Nam Lao,54140
4601,ภาคเหนือ,54,แพร่,Phrae,5402,ร้องกวาง,Mueang Phrae,540206,บ้านเวียง,Ban Wiang,54140
4602,ภาคเหนือ,54,แพร่,Phrae,5402,ร้องกวาง,Mueang Phrae,540207,ทุ่งศรี,Rong Khem,54140
4603,ภาคเหนือ,54,แพร่,Phrae,5402,ร้องกวาง,Mueang Phrae,540208,แม่ยางตาล,Mae Yang Tan,54140
4604,ภาคเหนือ,54,แพร่,Phrae,5402,ร้องกวาง,Mueang Phrae,540209,แม่ยางฮ่อ,Mae Yang Ho,54140
4605,ภาคเหนือ,54,แพร่,Phrae,5402,ร้องกวาง,Mueang Phrae,540210,ไผ่โทน,Phai Thon,54140
4606,ภาคเหนือ,54,แพร่,Phrae,5402,ร้องกวาง,Mueang Phrae,540213,ห้วยโรง,Huai Rong,54140
4607,ภาคเหนือ,54,แพร่,Phrae,5402,ร้องกวาง,Mueang Phrae,540214,แม่ทราย,Mae Sai,54140
4608,ภาคเหนือ,54,แพร่,Phrae,5402,ร้องกวาง,Mueang Phrae,540215,แม่ยางร้อง,Mae Yang Rong,54140
4609,ภาคเหนือ,54,แพร่,Phrae,5403,ลอง,Long,540301,ห้วยอ้อ,Huai O,54150
4610,ภาคเหนือ,54,แพร่,Phrae,5403,ลอง,Long,540302,บ้านปิน,Ban Pin,54150
4611,ภาคเหนือ,54,แพร่,Phrae,5403,ลอง,Long,540303,ต้าผามอก,Ta Pha Mok,54150
4612,ภาคเหนือ,54,แพร่,Phrae,5403,ลอง,Long,540304,เวียงต้า,Wiang Ta,54150
4613,ภาคเหนือ,54,แพร่,Phrae,5403,ลอง,Long,540305,ปากกาง,Pak Kang,54150
4614,ภาคเหนือ,54,แพร่,Phrae,5403,ลอง,Long,540306,หัวทุ่ง,Hua Thung,54150
4615,ภาคเหนือ,54,แพร่,Phrae,5403,ลอง,Long,540307,ทุ่งแล้ง,Thung Laeng,54150
4616,ภาคเหนือ,54,แพร่,Phrae,5403,ลอง,Long,540308,บ่อเหล็กลอง,Bo Lek Long,54150
4617,ภาคเหนือ,54,แพร่,Phrae,5403,ลอง,Long,540309,แม่ปาน,Mae Pan,54150
4618,ภาคเหนือ,54,แพร่,Phrae,5404,สูงเม่น,Sung Men,540401,สูงเม่น,Sung Men,54130
4619,ภาคเหนือ,54,แพร่,Phrae,5404,สูงเม่น,Sung Men,540402,น้ำชำ,Nam Cham,54130
4620,ภาคเหนือ,54,แพร่,Phrae,5404,สูงเม่น,Sung Men,540403,หัวฝาย,Hua Fai,54130
4621,ภาคเหนือ,54,แพร่,Phrae,5404,สูงเม่น,Sung Men,540404,ดอนมูล,Don Mun,54130
4622,ภาคเหนือ,54,แพร่,Phrae,5404,สูงเม่น,Sung Men,540405,บ้านเหล่า,Ban Lao,54130
4623,ภาคเหนือ,54,แพร่,Phrae,5404,สูงเม่น,Sung Men,540406,บ้านกวาง,Ban Kwang,54130
4624,ภาคเหนือ,54,แพร่,Phrae,5404,สูงเม่น,Sung Men,540407,บ้านปง,Ban Pong,54130
4625,ภาคเหนือ,54,แพร่,Phrae,5404,สูงเม่น,Sung Men,540408,บ้านกาศ,Ban Kat,54130
4626,ภาคเหนือ,54,แพร่,Phrae,5404,สูงเม่น,Sung Men,540409,ร่องกาศ,Rong Kat,54130
4627,ภาคเหนือ,54,แพร่,Phrae,5404,สูงเม่น,Sung Men,540410,สบสาย,Sop Sai,54130
4628,ภาคเหนือ,54,แพร่,Phrae,5404,สูงเม่น,Sung Men,540411,เวียงทอง,Wiang Thong,54000
4629,ภาคเหนือ,54,แพร่,Phrae,5404,สูงเม่น,Sung Men,540412,พระหลวง,Phra Luang,54130
4630,ภาคเหนือ,54,แพร่,Phrae,5405,เด่นชัย,Den Chai,540501,เด่นชัย,Den Chai,54110
4631,ภาคเหนือ,54,แพร่,Phrae,5405,เด่นชัย,Den Chai,540502,แม่จั๊วะ,Mae Chua,54110
4632,ภาคเหนือ,54,แพร่,Phrae,5405,เด่นชัย,Den Chai,540503,ไทรย้อย,Sai Yoi,54110
4633,ภาคเหนือ,54,แพร่,Phrae,5405,เด่นชัย,Den Chai,540504,ห้วยไร่,Huai Rai,54110
4634,ภาคเหนือ,54,แพร่,Phrae,5405,เด่นชัย,Den Chai,540505,ปงป่าหวาย,Pong Pa Wai,54110
4635,ภาคเหนือ,54,แพร่,Phrae,5406,สอง,Song,540601,บ้านหนุน,Ban Nun,54120
4636,ภาคเหนือ,54,แพร่,Phrae,5406,สอง,Song,540602,บ้านกลาง,Ban Klang,54120
4637,ภาคเหนือ,54,แพร่,Phrae,5406,สอง,Song,540603,ห้วยหม้าย,Huai Mai,54120
4638,ภาคเหนือ,54,แพร่,Phrae,5406,สอง,Song,540604,เตาปูน,Tao Pun,54120
4639,ภาคเหนือ,54,แพร่,Phrae,5406,สอง,Song,540605,หัวเมือง,Hua Mueang,54120
4640,ภาคเหนือ,54,แพร่,Phrae,5406,สอง,Song,540606,สะเอียบ,Sa-Iap,54120
4641,ภาคเหนือ,54,แพร่,Phrae,5406,สอง,Song,540607,แดนชุมพล,Daen Chumphon,54120
4642,ภาคเหนือ,54,แพร่,Phrae,5406,สอง,Song,540608,ทุ่งน้าว,Thung Nao,54120
4643,ภาคเหนือ,54,แพร่,Phrae,5407,วังชิ้น,Wang Chin,540701,วังชิ้น,Wang Chin,54160
4644,ภาคเหนือ,54,แพร่,Phrae,5407,วังชิ้น,Wang Chin,540702,สรอย,Soi,54160
4645,ภาคเหนือ,54,แพร่,Phrae,5407,วังชิ้น,Wang Chin,540703,แม่ป้าก,Mae Pak,54160
4646,ภาคเหนือ,54,แพร่,Phrae,5407,วังชิ้น,Wang Chin,540704,นาพูน,Na Phun,54160
4647,ภาคเหนือ,54,แพร่,Phrae,5407,วังชิ้น,Wang Chin,540705,แม่พุง,Mae Phung,54160
4648,ภาคเหนือ,54,แพร่,Phrae,5407,วังชิ้น,Wang Chin,540706,ป่าสัก,Pa Sak,54160
4649,ภาคเหนือ,54,แพร่,Phrae,5407,วังชิ้น,Wang Chin,540707,แม่เกิ๋ง,Mae Koeng,54160
4650,ภาคเหนือ,54,แพร่,Phrae,5408,หนองม่วงไข่,Nong Muang Khai,540801,แม่คำมี,Mae Kham Mi,54170
4651,ภาคเหนือ,54,แพร่,Phrae,5408,หนองม่วงไข่,Nong Muang Khai,540802,หนองม่วงไข่,Nong Muang Khai,54170
4652,ภาคเหนือ,54,แพร่,Phrae,5408,หนองม่วงไข่,Nong Muang Khai,540803,น้ำรัด,Nam Rat,54170
4653,ภาคเหนือ,54,แพร่,Phrae,5408,หนองม่วงไข่,Nong Muang Khai,540804,วังหลวง,Wang Luang,54170
4654,ภาคเหนือ,54,แพร่,Phrae,5408,หนองม่วงไข่,Nong Muang Khai,540805,ตำหนักธรรม,Tamnak Tham,54170
4655,ภาคเหนือ,54,แพร่,Phrae,5408,หนองม่วงไข่,Nong Muang Khai,540806,ทุ่งแค้ว,Thung Khaeo,54170
4656,ภาคเหนือ,55,น่าน,Nan,5501,เมืองน่าน,Mueang Nan,550101,ในเวียง,Nai Wiang,55000
4657,ภาคเหนือ,55,น่าน,Nan,5501,เมืองน่าน,Mueang Nan,550102,บ่อ,Bo,55000
4658,ภาคเหนือ,55,น่าน,Nan,5501,เมืองน่าน,Mueang Nan,550103,ผาสิงห์,Pha Sing,55000
4659,ภาคเหนือ,55,น่าน,Nan,5501,เมืองน่าน,Mueang Nan,550104,ไชยสถาน,Chaiya Sathan,55000
4660,ภาคเหนือ,55,น่าน,Nan,5501,เมืองน่าน,Mueang Nan,550105,ถืมตอง,Thuem Thong,55000
4661,ภาคเหนือ,55,น่าน,Nan,5501,เมืองน่าน,Mueang Nan,550106,เรือง,Rueang,55000
4662,ภาคเหนือ,55,น่าน,Nan,5501,เมืองน่าน,Mueang Nan,550107,นาซาว,Na Sao,55000
4663,ภาคเหนือ,55,น่าน,Nan,5501,เมืองน่าน,Mueang Nan,550108,ดู่ใต้,Du Tai,55000
4664,ภาคเหนือ,55,น่าน,Nan,5501,เมืองน่าน,Mueang Nan,550109,กองควาย,Kong Khwai,55000
4665,ภาคเหนือ,55,น่าน,Nan,5501,เมืองน่าน,Mueang Nan,550116,บ่อสวก,Suak,55000
4666,ภาคเหนือ,55,น่าน,Nan,5501,เมืองน่าน,Mueang Nan,550117,สะเนียน,Sanian,55000
4667,ภาคเหนือ,55,น่าน,Nan,5502,แม่จริม,Mae Charim,550202,หนองแดง,Nong Daeng,55170
4668,ภาคเหนือ,55,น่าน,Nan,5502,แม่จริม,Mae Charim,550203,หมอเมือง,Mo Mueang,55170
4669,ภาคเหนือ,55,น่าน,Nan,5502,แม่จริม,Mae Charim,550204,น้ำพาง,Nam Phang,55170
4670,ภาคเหนือ,55,น่าน,Nan,5502,แม่จริม,Mae Charim,550205,น้ำปาย,Nam Pai,55170
4671,ภาคเหนือ,55,น่าน,Nan,5502,แม่จริม,Mae Charim,550206,แม่จริม,Mae Charim,55170
4672,ภาคเหนือ,55,น่าน,Nan,5503,บ้านหลวง,Ban Luang,550301,บ้านฟ้า,Ban Fa,55190
4673,ภาคเหนือ,55,น่าน,Nan,5503,บ้านหลวง,Ban Luang,550302,ป่าคาหลวง,Pa Kha Luang,55190
4674,ภาคเหนือ,55,น่าน,Nan,5503,บ้านหลวง,Ban Luang,550303,สวด,Suat,55190
4675,ภาคเหนือ,55,น่าน,Nan,5503,บ้านหลวง,Ban Luang,550304,บ้านพี้,Ban Phi,55190
4676,ภาคเหนือ,55,น่าน,Nan,5504,นาน้อย,Na Noi,550401,นาน้อย,Na Noi,55150
4677,ภาคเหนือ,55,น่าน,Nan,5504,นาน้อย,Na Noi,550402,เชียงของ,Chiang Khong,55150
4678,ภาคเหนือ,55,น่าน,Nan,5504,นาน้อย,Na Noi,550403,ศรีษะเกษ,Sisa Ket,55150
4679,ภาคเหนือ,55,น่าน,Nan,5504,นาน้อย,Na Noi,550404,สถาน,Sathan,55150
4680,ภาคเหนือ,55,น่าน,Nan,5504,นาน้อย,Na Noi,550405,สันทะ,Santha,55150
4681,ภาคเหนือ,55,น่าน,Nan,5504,นาน้อย,Na Noi,550406,บัวใหญ่,Bua Yai,55150
4682,ภาคเหนือ,55,น่าน,Nan,5504,นาน้อย,Na Noi,550407,น้ำตก,Namtok,55150
4683,ภาคเหนือ,55,น่าน,Nan,5505,ปัว,Pua,550501,ปัว,Pua,55120
4684,ภาคเหนือ,55,น่าน,Nan,5505,ปัว,Pua,550502,แงง,Ngaeng,55120
4685,ภาคเหนือ,55,น่าน,Nan,5505,ปัว,Pua,550503,สถาน,Sathan,55120
4686,ภาคเหนือ,55,น่าน,Nan,5505,ปัว,Pua,550504,ศิลาแลง,Sila Laeng,55120
4687,ภาคเหนือ,55,น่าน,Nan,5505,ปัว,Pua,550505,ศิลาเพชร,Sila Phet,55120
4688,ภาคเหนือ,55,น่าน,Nan,5505,ปัว,Pua,550506,อวน,Ouan,55120
4689,ภาคเหนือ,55,น่าน,Nan,5505,ปัว,Pua,550509,ไชยวัฒนา,Chai Watthana,55120
4690,ภาคเหนือ,55,น่าน,Nan,5505,ปัว,Pua,550510,เจดีย์ชัย,Chedi Chai,55120
4691,ภาคเหนือ,55,น่าน,Nan,5505,ปัว,Pua,550511,ภูคา,Phu Kha,55120
4692,ภาคเหนือ,55,น่าน,Nan,5505,ปัว,Pua,550512,สกาด,Sakat,55120
4693,ภาคเหนือ,55,น่าน,Nan,5505,ปัว,Pua,550513,ป่ากลาง,Pa Klang,55120
4694,ภาคเหนือ,55,น่าน,Nan,5505,ปัว,Pua,550514,วรนคร,Wara Nakhon,55120
4695,ภาคเหนือ,55,น่าน,Nan,5506,ท่าวังผา,Tha Wang Pha,550601,ริม,Rim,55140
4696,ภาคเหนือ,55,น่าน,Nan,5506,ท่าวังผา,Tha Wang Pha,550602,ป่าคา,Pa Kha,55140
4697,ภาคเหนือ,55,น่าน,Nan,5506,ท่าวังผา,Tha Wang Pha,550603,ผาตอ,Pha To,55140
4698,ภาคเหนือ,55,น่าน,Nan,5506,ท่าวังผา,Tha Wang Pha,550604,ยม,Yom,55140
4699,ภาคเหนือ,55,น่าน,Nan,5506,ท่าวังผา,Tha Wang Pha,550605,ตาลชุม,Tan Chum,55140
4700,ภาคเหนือ,55,น่าน,Nan,5506,ท่าวังผา,Tha Wang Pha,550606,ศรีภูมิ,Si Phum,55140
4701,ภาคเหนือ,55,น่าน,Nan,5506,ท่าวังผา,Tha Wang Pha,550607,จอมพระ,Chom Phra,55140
4702,ภาคเหนือ,55,น่าน,Nan,5506,ท่าวังผา,Tha Wang Pha,550608,แสนทอง,Saen Thong,55140
4703,ภาคเหนือ,55,น่าน,Nan,5506,ท่าวังผา,Tha Wang Pha,550609,ท่าวังผา,Tha Wang Pha,55140
4704,ภาคเหนือ,55,น่าน,Nan,5506,ท่าวังผา,Tha Wang Pha,550610,ผาทอง,Pha Thong,55140
4705,ภาคเหนือ,55,น่าน,Nan,5507,เวียงสา,Wiang Sa,550701,กลางเวียง,Klang Wiang,55110
4706,ภาคเหนือ,55,น่าน,Nan,5507,เวียงสา,Wiang Sa,550702,ขึ่ง,Khueng,55110
4707,ภาคเหนือ,55,น่าน,Nan,5507,เวียงสา,Wiang Sa,550703,ไหล่น่าน,Lai Nan,55110
4708,ภาคเหนือ,55,น่าน,Nan,5507,เวียงสา,Wiang Sa,550704,ตาลชุม,Tan Chum,55110
4709,ภาคเหนือ,55,น่าน,Nan,5507,เวียงสา,Wiang Sa,550705,นาเหลือง,Na Lueang,55110
4710,ภาคเหนือ,55,น่าน,Nan,5507,เวียงสา,Wiang Sa,550706,ส้าน,San,55110
4711,ภาคเหนือ,55,น่าน,Nan,5507,เวียงสา,Wiang Sa,550707,น้ำมวบ,Nam Muap,55110
4712,ภาคเหนือ,55,น่าน,Nan,5507,เวียงสา,Wiang Sa,550708,น้ำปั้ว,Nam Pua,55110
4713,ภาคเหนือ,55,น่าน,Nan,5507,เวียงสา,Wiang Sa,550709,ยาบหัวนา,Yap Hua Na,55110
4714,ภาคเหนือ,55,น่าน,Nan,5507,เวียงสา,Wiang Sa,550710,ปงสนุก,Pong Sanuk,55110
4715,ภาคเหนือ,55,น่าน,Nan,5507,เวียงสา,Wiang Sa,550711,อ่ายนาไลย,I Na Lai,55110
4716,ภาคเหนือ,55,น่าน,Nan,5507,เวียงสา,Wiang Sa,550712,ส้านนาหนองใหม่,Sanna Nong Mai,55110
4717,ภาคเหนือ,55,น่าน,Nan,5507,เวียงสา,Wiang Sa,550713,แม่ขะนิง,Mae Khaning,55110
4718,ภาคเหนือ,55,น่าน,Nan,5507,เวียงสา,Wiang Sa,550714,แม่สาคร,Mae Sakhon,55110
4719,ภาคเหนือ,55,น่าน,Nan,5507,เวียงสา,Wiang Sa,550715,จอมจันทร์,Chom Chan,55110
4720,ภาคเหนือ,55,น่าน,Nan,5507,เวียงสา,Wiang Sa,550716,แม่สา,Mae Sa,55110
4721,ภาคเหนือ,55,น่าน,Nan,5507,เวียงสา,Wiang Sa,550717,ทุ่งศรีทอง,Thung Si Thong,55110
4722,ภาคเหนือ,55,น่าน,Nan,5508,ทุ่งช้าง,Thung Chang,550801,ปอน,Pon,55130
4723,ภาคเหนือ,55,น่าน,Nan,5508,ทุ่งช้าง,Thung Chang,550802,งอบ,Ngop,55130
4724,ภาคเหนือ,55,น่าน,Nan,5508,ทุ่งช้าง,Thung Chang,550803,และ,Lae,55130
4725,ภาคเหนือ,55,น่าน,Nan,5508,ทุ่งช้าง,Thung Chang,550804,ทุ่งช้าง,Thung Chang,55130
4726,ภาคเหนือ,55,น่าน,Nan,5509,เชียงกลาง,Chiang Klang,550901,เชียงกลาง,Chiang Klang,55160
4727,ภาคเหนือ,55,น่าน,Nan,5509,เชียงกลาง,Chiang Klang,550902,เปือ,Puea,55160
4728,ภาคเหนือ,55,น่าน,Nan,5509,เชียงกลาง,Chiang Klang,550903,เชียงคาน,Chiang Khan,55160
4729,ภาคเหนือ,55,น่าน,Nan,5509,เชียงกลาง,Chiang Klang,550904,พระธาตุ,Phrathat,55160
4730,ภาคเหนือ,55,น่าน,Nan,5509,เชียงกลาง,Chiang Klang,550908,พญาแก้ว,Phaya Kaeo,55160
4731,ภาคเหนือ,55,น่าน,Nan,5509,เชียงกลาง,Chiang Klang,550909,พระพุทธบาท,Phraphutthabat,55160
4732,ภาคเหนือ,55,น่าน,Nan,5510,นาหมื่น,Na Muen,551001,นาทะนุง,Na Thanung,55180
4733,ภาคเหนือ,55,น่าน,Nan,5510,นาหมื่น,Na Muen,551002,บ่อแก้ว,Bo Kaeo,55180
4734,ภาคเหนือ,55,น่าน,Nan,5510,นาหมื่น,Na Muen,551003,เมืองลี,Mueang Li,55180
4735,ภาคเหนือ,55,น่าน,Nan,5510,นาหมื่น,Na Muen,551004,ปิงหลวง,Ping Luang,55180
4736,ภาคเหนือ,55,น่าน,Nan,5511,สันติสุข,Santi Suk,551101,ดู่พงษ์,Du Phong,55210
4737,ภาคเหนือ,55,น่าน,Nan,5511,สันติสุข,Santi Suk,551102,ป่าแลวหลวง,Pa Laeo Luang,55210
4738,ภาคเหนือ,55,น่าน,Nan,5511,สันติสุข,Santi Suk,551103,พงษ์,Phong,55210
4739,ภาคเหนือ,55,น่าน,Nan,5512,บ่อเกลือ,Bo Kluea,551201,บ่อเกลือเหนือ,Bo Kluea Nuea,55220
4740,ภาคเหนือ,55,น่าน,Nan,5512,บ่อเกลือ,Bo Kluea,551202,บ่อเกลือใต้,Bo Kluea Tai,55220
4741,ภาคเหนือ,55,น่าน,Nan,5512,บ่อเกลือ,Bo Kluea,551204,ภูฟ้า,Phu Fa,55220
4742,ภาคเหนือ,55,น่าน,Nan,5512,บ่อเกลือ,Bo Kluea,551205,ดงพญา,Dong Phaya,55220
4743,ภาคเหนือ,55,น่าน,Nan,5513,สองแคว,Song Khwae,551301,นาไร่หลวง,Na Rai Luang,55160
4744,ภาคเหนือ,55,น่าน,Nan,5513,สองแคว,Song Khwae,551302,ชนแดน,Chon Daen,55160
4745,ภาคเหนือ,55,น่าน,Nan,5513,สองแคว,Song Khwae,551303,ยอด,Yot,55160
4746,ภาคเหนือ,55,น่าน,Nan,5514,ภูเพียง,Phu Phiang,551401,ม่วงตึ๊ด,Muang Tuet,55000
4747,ภาคเหนือ,55,น่าน,Nan,5514,ภูเพียง,Phu Phiang,551402,นาปัง,Na Pang,55000
4748,ภาคเหนือ,55,น่าน,Nan,5514,ภูเพียง,Phu Phiang,551403,น้ำแก่น,Nam Kaen,55000
4749,ภาคเหนือ,55,น่าน,Nan,5514,ภูเพียง,Phu Phiang,551404,น้ำเกี๋ยน,Nam Kian,55000
4750,ภาคเหนือ,55,น่าน,Nan,5514,ภูเพียง,Phu Phiang,551405,เมืองจัง,Mueang Chang,55000
4751,ภาคเหนือ,55,น่าน,Nan,5514,ภูเพียง,Phu Phiang,551406,ท่าน้าว,Tha Nao,55000
4752,ภาคเหนือ,55,น่าน,Nan,5514,ภูเพียง,Phu Phiang,551407,ฝายแก้ว,Fai Kaeo,55000
4753,ภาคเหนือ,55,น่าน,Nan,5515,เฉลิมพระเกียรติ,Chaloem Phra Kiet,551501,ห้วยโก๋น,Huai Kon,55130
4754,ภาคเหนือ,55,น่าน,Nan,5515,เฉลิมพระเกียรติ,Chaloem Phra Kiet,551502,ขุนน่าน,Khun Nan,55130
4755,ภาคเหนือ,56,พะเยา,Phayao,5601,เมืองพะเยา,Mueang Phayao,560101,เวียง,Wiang,56000
4756,ภาคเหนือ,56,พะเยา,Phayao,5601,เมืองพะเยา,Mueang Phayao,560102,แม่ต๋ำ,Mae Tam,56000
4757,ภาคเหนือ,56,พะเยา,Phayao,5601,เมืองพะเยา,Mueang Phayao,560104,แม่นาเรือ,Mae Na Ruea,56000
4758,ภาคเหนือ,56,พะเยา,Phayao,5601,เมืองพะเยา,Mueang Phayao,560105,บ้านตุ่น,Ban Tun,56000
4759,ภาคเหนือ,56,พะเยา,Phayao,5601,เมืองพะเยา,Mueang Phayao,560106,บ้านต๊ำ,Ban Tam,56000
4760,ภาคเหนือ,56,พะเยา,Phayao,5601,เมืองพะเยา,Mueang Phayao,560107,บ้านต๋อม,Ban Tom,56000
4761,ภาคเหนือ,56,พะเยา,Phayao,5601,เมืองพะเยา,Mueang Phayao,560108,แม่ปืม,Mae Puem,56000
4762,ภาคเหนือ,56,พะเยา,Phayao,5601,เมืองพะเยา,Mueang Phayao,560110,แม่กา,Mae Ka,56000
4763,ภาคเหนือ,56,พะเยา,Phayao,5601,เมืองพะเยา,Mueang Phayao,560111,บ้านใหม่,Ban Mai,56000
4764,ภาคเหนือ,56,พะเยา,Phayao,5601,เมืองพะเยา,Mueang Phayao,560112,จำป่าหวาย,Champa Wai,56000
4765,ภาคเหนือ,56,พะเยา,Phayao,5601,เมืองพะเยา,Mueang Phayao,560113,ท่าวังทอง,Tha Wang Thong,56000
4766,ภาคเหนือ,56,พะเยา,Phayao,5601,เมืองพะเยา,Mueang Phayao,560114,แม่ใส,Mae Sai,56000
4767,ภาคเหนือ,56,พะเยา,Phayao,5601,เมืองพะเยา,Mueang Phayao,560115,บ้านสาง,Ban Sang,56000
4768,ภาคเหนือ,56,พะเยา,Phayao,5601,เมืองพะเยา,Mueang Phayao,560116,ท่าจำปี,Tha Champi,56000
4769,ภาคเหนือ,56,พะเยา,Phayao,5601,เมืองพะเยา,Mueang Phayao,560118,สันป่าม่วง,San Pa Muang,56000
4770,ภาคเหนือ,56,พะเยา,Phayao,5602,จุน,Chun,560201,ห้วยข้าวก่ำ,Huai Khao Kam,56150
4771,ภาคเหนือ,56,พะเยา,Phayao,5602,จุน,Chun,560202,จุน,Chun,56150
4772,ภาคเหนือ,56,พะเยา,Phayao,5602,จุน,Chun,560203,ลอ,Lo,56150
4773,ภาคเหนือ,56,พะเยา,Phayao,5602,จุน,Chun,560204,หงส์หิน,Hong Hin,56150
4774,ภาคเหนือ,56,พะเยา,Phayao,5602,จุน,Chun,560205,ทุ่งรวงทอง,Thung Ruang Thong,56150
4775,ภาคเหนือ,56,พะเยา,Phayao,5602,จุน,Chun,560206,ห้วยยางขาม,Huai Yang Kham,56150
4776,ภาคเหนือ,56,พะเยา,Phayao,5602,จุน,Chun,560207,พระธาตุขิงแกง,Phrathat Khing Kaeng,56150
4777,ภาคเหนือ,56,พะเยา,Phayao,5603,เชียงคำ,Chiang Kham,560301,หย่วน,Yuan,56110
4778,ภาคเหนือ,56,พะเยา,Phayao,5603,เชียงคำ,Chiang Kham,560306,น้ำแวน,Nam Waen,56110
4779,ภาคเหนือ,56,พะเยา,Phayao,5603,เชียงคำ,Chiang Kham,560307,เวียง,Wiang,56110
4780,ภาคเหนือ,56,พะเยา,Phayao,5603,เชียงคำ,Chiang Kham,560308,ฝายกวาง,Fai Kwang,56110
4781,ภาคเหนือ,56,พะเยา,Phayao,5603,เชียงคำ,Chiang Kham,560309,เจดีย์คำ,Chedi Kham,56110
4782,ภาคเหนือ,56,พะเยา,Phayao,5603,เชียงคำ,Chiang Kham,560310,ร่มเย็น,Rom Yen,56110
4783,ภาคเหนือ,56,พะเยา,Phayao,5603,เชียงคำ,Chiang Kham,560311,เชียงบาน,Chiang Ban,56110
4784,ภาคเหนือ,56,พะเยา,Phayao,5603,เชียงคำ,Chiang Kham,560312,แม่ลาว,Mae Lao,56110
4785,ภาคเหนือ,56,พะเยา,Phayao,5603,เชียงคำ,Chiang Kham,560313,อ่างทอง,Ang Thong,56110
4786,ภาคเหนือ,56,พะเยา,Phayao,5603,เชียงคำ,Chiang Kham,560314,ทุ่งผาสุข,Thung Pha Suk,56110
4787,ภาคเหนือ,56,พะเยา,Phayao,5604,เชียงม่วน,Chiang Muan,560401,เชียงม่วน,Chiang Muan,56160
4788,ภาคเหนือ,56,พะเยา,Phayao,5604,เชียงม่วน,Chiang Muan,560402,บ้านมาง,Ban Mang,56160
4789,ภาคเหนือ,56,พะเยา,Phayao,5604,เชียงม่วน,Chiang Muan,560403,สระ,Sa,56160
4790,ภาคเหนือ,56,พะเยา,Phayao,5605,ดอกคำใต้,Dok Khamtai,560501,ดอกคำใต้,Dok Khamtai,56120
4791,ภาคเหนือ,56,พะเยา,Phayao,5605,ดอกคำใต้,Dok Khamtai,560502,ดอนศรีชุม,Don Si Chum,56120
4792,ภาคเหนือ,56,พะเยา,Phayao,5605,ดอกคำใต้,Dok Khamtai,560503,บ้านถ้ำ,Ban Tham,56120
4793,ภาคเหนือ,56,พะเยา,Phayao,5605,ดอกคำใต้,Dok Khamtai,560504,บ้านปิน,Ban Pin,56120
4794,ภาคเหนือ,56,พะเยา,Phayao,5605,ดอกคำใต้,Dok Khamtai,560505,ห้วยลาน,Huai Lan,56120
4795,ภาคเหนือ,56,พะเยา,Phayao,5605,ดอกคำใต้,Dok Khamtai,560506,สันโค้ง,San Khong,56120
4796,ภาคเหนือ,56,พะเยา,Phayao,5605,ดอกคำใต้,Dok Khamtai,560507,ป่าซาง,Pa Sang,56120
4797,ภาคเหนือ,56,พะเยา,Phayao,5605,ดอกคำใต้,Dok Khamtai,560508,หนองหล่ม,Nong Lom,56120
4798,ภาคเหนือ,56,พะเยา,Phayao,5605,ดอกคำใต้,Dok Khamtai,560509,ดงสุวรรณ,Dong Suwan,56120
4799,ภาคเหนือ,56,พะเยา,Phayao,5605,ดอกคำใต้,Dok Khamtai,560510,บุญเกิด,Bunkoet,56120
4800,ภาคเหนือ,56,พะเยา,Phayao,5605,ดอกคำใต้,Dok Khamtai,560511,สว่างอารมณ์,Sawang Arom,56120
4801,ภาคเหนือ,56,พะเยา,Phayao,5605,ดอกคำใต้,Dok Khamtai,560512,คือเวียง,Khue Wiang,56120
4802,ภาคเหนือ,56,พะเยา,Phayao,5606,ปง,Pong,560601,ปง,Pong,56140
4803,ภาคเหนือ,56,พะเยา,Phayao,5606,ปง,Pong,560602,ควร,Khuan,56140
4804,ภาคเหนือ,56,พะเยา,Phayao,5606,ปง,Pong,560603,ออย,Oi,56140
4805,ภาคเหนือ,56,พะเยา,Phayao,5606,ปง,Pong,560604,งิม,Ngim,56140
4806,ภาคเหนือ,56,พะเยา,Phayao,5606,ปง,Pong,560605,ผาช้างน้อย,Pha Chang Noi,56140
4807,ภาคเหนือ,56,พะเยา,Phayao,5606,ปง,Pong,560606,นาปรัง,Na Prang,56140
4808,ภาคเหนือ,56,พะเยา,Phayao,5606,ปง,Pong,560607,ขุนควร,Khun Khuan,56140
4809,ภาคเหนือ,56,พะเยา,Phayao,5607,แม่ใจ,Mae Chai,560701,แม่ใจ,Mae Chai,56130
4810,ภาคเหนือ,56,พะเยา,Phayao,5607,แม่ใจ,Mae Chai,560702,ศรีถ้อย,Si Thoi,56130
4811,ภาคเหนือ,56,พะเยา,Phayao,5607,แม่ใจ,Mae Chai,560703,แม่สุก,Mae Suk,56130
4812,ภาคเหนือ,56,พะเยา,Phayao,5607,แม่ใจ,Mae Chai,560704,ป่าแฝก,Pa Faek,56130
4813,ภาคเหนือ,56,พะเยา,Phayao,5607,แม่ใจ,Mae Chai,560705,บ้านเหล่า,Ban Lao,56130
4814,ภาคเหนือ,56,พะเยา,Phayao,5607,แม่ใจ,Mae Chai,560706,เจริญราษฎร์,Charoen Rat,56130
4815,ภาคเหนือ,56,พะเยา,Phayao,5608,ภูซาง,Phu Sang,560801,ภูซาง,Phu Sang,56110
4816,ภาคเหนือ,56,พะเยา,Phayao,5608,ภูซาง,Phu Sang,560802,ป่าสัก,Pa Sak,56110
4817,ภาคเหนือ,56,พะเยา,Phayao,5608,ภูซาง,Phu Sang,560803,ทุ่งกล้วย,Thung Kluai,56110
4818,ภาคเหนือ,56,พะเยา,Phayao,5608,ภูซาง,Phu Sang,560804,เชียงแรง,Chiang Raeng,56110
4819,ภาคเหนือ,56,พะเยา,Phayao,5608,ภูซาง,Phu Sang,560805,สบบง,Sop Bong,56110
4820,ภาคเหนือ,56,พะเยา,Phayao,5609,ภูกามยาว,Phu Kamyao,560901,ห้วยแก้ว,Huai Kaeo,56000
4821,ภาคเหนือ,56,พะเยา,Phayao,5609,ภูกามยาว,Phu Kamyao,560902,ดงเจน,Dong Chen,56000
4822,ภาคเหนือ,56,พะเยา,Phayao,5609,ภูกามยาว,Phu Kamyao,560903,แม่อิง,Mae Ing,56000
4823,ภาคเหนือ,57,เชียงราย,Chiang Rai,5701,เมืองเชียงราย,Mueang Chiang Rai,570101,เวียง,Wiang,57000
4824,ภาคเหนือ,57,เชียงราย,Chiang Rai,5701,เมืองเชียงราย,Mueang Chiang Rai,570102,รอบเวียง,Rop Wiang,57000
4825,ภาคเหนือ,57,เชียงราย,Chiang Rai,5701,เมืองเชียงราย,Mueang Chiang Rai,570103,บ้านดู่,Ban Du,57100
4826,ภาคเหนือ,57,เชียงราย,Chiang Rai,5701,เมืองเชียงราย,Mueang Chiang Rai,570104,นางแล,Nang Lae,57100
4827,ภาคเหนือ,57,เชียงราย,Chiang Rai,5701,เมืองเชียงราย,Mueang Chiang Rai,570105,แม่ข้าวต้ม,Mae Khao Tom,57100
4828,ภาคเหนือ,57,เชียงราย,Chiang Rai,5701,เมืองเชียงราย,Mueang Chiang Rai,570106,แม่ยาว,Mae Yao,57100
4829,ภาคเหนือ,57,เชียงราย,Chiang Rai,5701,เมืองเชียงราย,Mueang Chiang Rai,570107,สันทราย,San Sai,57000
4830,ภาคเหนือ,57,เชียงราย,Chiang Rai,5701,เมืองเชียงราย,Mueang Chiang Rai,570111,แม่กรณ์,Mae Kon,57000
4831,ภาคเหนือ,57,เชียงราย,Chiang Rai,5701,เมืองเชียงราย,Mueang Chiang Rai,570112,ห้วยชมภู,Huai Chomphu,57000
4832,ภาคเหนือ,57,เชียงราย,Chiang Rai,5701,เมืองเชียงราย,Mueang Chiang Rai,570113,ห้วยสัก,Huai Sak,57000
4833,ภาคเหนือ,57,เชียงราย,Chiang Rai,5701,เมืองเชียงราย,Mueang Chiang Rai,570114,ริมกก,Rim Kok,57100
4834,ภาคเหนือ,57,เชียงราย,Chiang Rai,5701,เมืองเชียงราย,Mueang Chiang Rai,570115,ดอยลาน,Doi Lan,57000
4835,ภาคเหนือ,57,เชียงราย,Chiang Rai,5701,เมืองเชียงราย,Mueang Chiang Rai,570116,ป่าอ้อดอนชัย,Pa O Don Chai,57000
4836,ภาคเหนือ,57,เชียงราย,Chiang Rai,5701,เมืองเชียงราย,Mueang Chiang Rai,570118,ท่าสาย,Tha Sai,57000
4837,ภาคเหนือ,57,เชียงราย,Chiang Rai,5701,เมืองเชียงราย,Mueang Chiang Rai,570120,ดอยฮาง,Doi Hang,57000
4838,ภาคเหนือ,57,เชียงราย,Chiang Rai,5701,เมืองเชียงราย,Mueang Chiang Rai,570121,ท่าสุด,Tha Sut,57100
4839,ภาคเหนือ,57,เชียงราย,Chiang Rai,5702,เวียงชัย,Wiang Chai,570202,เวียงชัย,Wiang Chai,57210
4840,ภาคเหนือ,57,เชียงราย,Chiang Rai,5702,เวียงชัย,Wiang Chai,570203,ผางาม,Pha Ngam,57210
4841,ภาคเหนือ,57,เชียงราย,Chiang Rai,5702,เวียงชัย,Wiang Chai,570204,เวียงเหนือ,Wiang Nuea,57210
4842,ภาคเหนือ,57,เชียงราย,Chiang Rai,5702,เวียงชัย,Wiang Chai,570206,ดอนศิลา,Don Sila,57210
4843,ภาคเหนือ,57,เชียงราย,Chiang Rai,5702,เวียงชัย,Wiang Chai,570208,เมืองชุม,Mueang Chum,57210
4844,ภาคเหนือ,57,เชียงราย,Chiang Rai,5703,เชียงของ,Chiang Khong,570301,เวียง,Wiang,57140
4845,ภาคเหนือ,57,เชียงราย,Chiang Rai,5703,เชียงของ,Chiang Khong,570302,สถาน,Sathan,57140
4846,ภาคเหนือ,57,เชียงราย,Chiang Rai,5703,เชียงของ,Chiang Khong,570303,ครึ่ง,Khrueng,57140
4847,ภาคเหนือ,57,เชียงราย,Chiang Rai,5703,เชียงของ,Chiang Khong,570304,บุญเรือง,Bunrueang,57140
4848,ภาคเหนือ,57,เชียงราย,Chiang Rai,5703,เชียงของ,Chiang Khong,570305,ห้วยซ้อ,Huai So,57140
4849,ภาคเหนือ,57,เชียงราย,Chiang Rai,5703,เชียงของ,Chiang Khong,570308,ศรีดอนชัย,Si Don Chai,57230
4850,ภาคเหนือ,57,เชียงราย,Chiang Rai,5703,เชียงของ,Chiang Khong,570310,ริมโขง,Rim Khong,57140
4851,ภาคเหนือ,57,เชียงราย,Chiang Rai,5704,เทิง,Thoeng,570401,เวียง,Wiang,57160
4852,ภาคเหนือ,57,เชียงราย,Chiang Rai,5704,เทิง,Thoeng,570402,งิ้ว,Ngio,57160
4853,ภาคเหนือ,57,เชียงราย,Chiang Rai,5704,เทิง,Thoeng,570403,ปล้อง,Plong,57230
4854,ภาคเหนือ,57,เชียงราย,Chiang Rai,5704,เทิง,Thoeng,570404,แม่ลอย,Mae Loi,57230
4855,ภาคเหนือ,57,เชียงราย,Chiang Rai,5704,เทิง,Thoeng,570405,เชียงเคี่ยน,Chiang Khian,57230
4856,ภาคเหนือ,57,เชียงราย,Chiang Rai,5704,เทิง,Thoeng,570409,ตับเต่า,Tap Tao,57160
4857,ภาคเหนือ,57,เชียงราย,Chiang Rai,5704,เทิง,Thoeng,570410,หงาว,Ngao,57160
4858,ภาคเหนือ,57,เชียงราย,Chiang Rai,5704,เทิง,Thoeng,570411,สันทรายงาม,San Sai Ngam,57160
4859,ภาคเหนือ,57,เชียงราย,Chiang Rai,5704,เทิง,Thoeng,570412,ศรีดอนไชย,Si Don Chai,57160
4860,ภาคเหนือ,57,เชียงราย,Chiang Rai,5704,เทิง,Thoeng,570413,หนองแรด,Nong Raet,57160
4861,ภาคเหนือ,57,เชียงราย,Chiang Rai,5705,พาน,Phan,570501,สันมะเค็ด,San Makhet,57120
4862,ภาคเหนือ,57,เชียงราย,Chiang Rai,5705,พาน,Phan,570502,แม่อ้อ,Mae O,57120
4863,ภาคเหนือ,57,เชียงราย,Chiang Rai,5705,พาน,Phan,570503,ธารทอง,Than Thong,57250
4864,ภาคเหนือ,57,เชียงราย,Chiang Rai,5705,พาน,Phan,570504,สันติสุข,Santi Suk,57120
4865,ภาคเหนือ,57,เชียงราย,Chiang Rai,5705,พาน,Phan,570505,ดอยงาม,Doi Ngam,57120
4866,ภาคเหนือ,57,เชียงราย,Chiang Rai,5705,พาน,Phan,570506,หัวง้ม,Hua Ngom,57120
4867,ภาคเหนือ,57,เชียงราย,Chiang Rai,5705,พาน,Phan,570507,เจริญเมือง,Charoen Mueang,57120
4868,ภาคเหนือ,57,เชียงราย,Chiang Rai,5705,พาน,Phan,570508,ป่าหุ่ง,Pa Hung,57120
4869,ภาคเหนือ,57,เชียงราย,Chiang Rai,5705,พาน,Phan,570509,ม่วงคำ,Muang Kham,57120
4870,ภาคเหนือ,57,เชียงราย,Chiang Rai,5705,พาน,Phan,570510,ทรายขาว,Sai Khao,57120
4871,ภาคเหนือ,57,เชียงราย,Chiang Rai,5705,พาน,Phan,570511,สันกลาง,San Klang,57120
4872,ภาคเหนือ,57,เชียงราย,Chiang Rai,5705,พาน,Phan,570512,แม่เย็น,Mae Yen,57280
4873,ภาคเหนือ,57,เชียงราย,Chiang Rai,5705,พาน,Phan,570513,เมืองพาน,Mueang Phan,57120
4874,ภาคเหนือ,57,เชียงราย,Chiang Rai,5705,พาน,Phan,570514,ทานตะวัน,Than Tawan,57280
4875,ภาคเหนือ,57,เชียงราย,Chiang Rai,5705,พาน,Phan,570515,เวียงห้าว,Wiang Hao,57120
4876,ภาคเหนือ,57,เชียงราย,Chiang Rai,5706,ป่าแดด,Pa Daet,570601,ป่าแดด,Pa Daet,57190
4877,ภาคเหนือ,57,เชียงราย,Chiang Rai,5706,ป่าแดด,Pa Daet,570602,ป่าแงะ,Pa Ngae,57190
4878,ภาคเหนือ,57,เชียงราย,Chiang Rai,5706,ป่าแดด,Pa Daet,570603,สันมะค่า,San Makha,57190
4879,ภาคเหนือ,57,เชียงราย,Chiang Rai,5706,ป่าแดด,Pa Daet,570605,โรงช้าง,Rong Chang,57190
4880,ภาคเหนือ,57,เชียงราย,Chiang Rai,5706,ป่าแดด,Pa Daet,570606,ศรีโพธิ์เงิน,Si Pho Ngoen,57190
4881,ภาคเหนือ,57,เชียงราย,Chiang Rai,5707,แม่จัน,Mae Chan,570701,แม่จัน,Mae Chan,57110
4882,ภาคเหนือ,57,เชียงราย,Chiang Rai,5707,แม่จัน,Mae Chan,570702,จันจว้า,Chan Chawa,57270
4883,ภาคเหนือ,57,เชียงราย,Chiang Rai,5707,แม่จัน,Mae Chan,570703,แม่คำ,Mae Kham,57240
4884,ภาคเหนือ,57,เชียงราย,Chiang Rai,5707,แม่จัน,Mae Chan,570704,ป่าซาง,Pa Sang,57110
4885,ภาคเหนือ,57,เชียงราย,Chiang Rai,5707,แม่จัน,Mae Chan,570705,สันทราย,San Sai,57110
4886,ภาคเหนือ,57,เชียงราย,Chiang Rai,5707,แม่จัน,Mae Chan,570706,ท่าข้าวเปลือก,Tha Khao Plueak,57110
4887,ภาคเหนือ,57,เชียงราย,Chiang Rai,5707,แม่จัน,Mae Chan,570708,ป่าตึง,Pa Tueng,57110
4888,ภาคเหนือ,57,เชียงราย,Chiang Rai,5707,แม่จัน,Mae Chan,570710,แม่ไร่,Mae Rai,57240
4889,ภาคเหนือ,57,เชียงราย,Chiang Rai,5707,แม่จัน,Mae Chan,570711,ศรีค้ำ,Si Kham,57110
4890,ภาคเหนือ,57,เชียงราย,Chiang Rai,5707,แม่จัน,Mae Chan,570712,จันจว้าใต้,Chan Chawa Tai,57270
4891,ภาคเหนือ,57,เชียงราย,Chiang Rai,5707,แม่จัน,Mae Chan,570713,จอมสวรรค์,Chom Sawan,57110
4892,ภาคเหนือ,57,เชียงราย,Chiang Rai,5708,เชียงแสน,Chiang Saen,570801,เวียง,Wiang,57150
4893,ภาคเหนือ,57,เชียงราย,Chiang Rai,5708,เชียงแสน,Chiang Saen,570802,ป่าสัก,Pa Sak,57150
4894,ภาคเหนือ,57,เชียงราย,Chiang Rai,5708,เชียงแสน,Chiang Saen,570803,บ้านแซว,Ban Saeo,57150
4895,ภาคเหนือ,57,เชียงราย,Chiang Rai,5708,เชียงแสน,Chiang Saen,570804,ศรีดอนมูล,Si Don Mun,57150
4896,ภาคเหนือ,57,เชียงราย,Chiang Rai,5708,เชียงแสน,Chiang Saen,570805,แม่เงิน,Mae Ngoen,57150
4897,ภาคเหนือ,57,เชียงราย,Chiang Rai,5708,เชียงแสน,Chiang Saen,570806,โยนก,Yonok,57150
4898,ภาคเหนือ,57,เชียงราย,Chiang Rai,5709,แม่สาย,Mae Sai,570901,แม่สาย,Mae Sai,57130
4899,ภาคเหนือ,57,เชียงราย,Chiang Rai,5709,แม่สาย,Mae Sai,570902,ห้วยไคร้,Huai Khrai,57220
4900,ภาคเหนือ,57,เชียงราย,Chiang Rai,5709,แม่สาย,Mae Sai,570903,เกาะช้าง,Ko Chang,57130
4901,ภาคเหนือ,57,เชียงราย,Chiang Rai,5709,แม่สาย,Mae Sai,570904,โป่งผา,Pong Pha,57130
4902,ภาคเหนือ,57,เชียงราย,Chiang Rai,5709,แม่สาย,Mae Sai,570905,ศรีเมืองชุม,Si Mueang Chum,57130
4903,ภาคเหนือ,57,เชียงราย,Chiang Rai,5709,แม่สาย,Mae Sai,570906,เวียงพางคำ,Wiang Phang Kham,57130
4904,ภาคเหนือ,57,เชียงราย,Chiang Rai,5709,แม่สาย,Mae Sai,570908,บ้านด้าย,Ban Dai,57220
4905,ภาคเหนือ,57,เชียงราย,Chiang Rai,5709,แม่สาย,Mae Sai,570909,โป่งงาม,Pong Ngam,57130
4906,ภาคเหนือ,57,เชียงราย,Chiang Rai,5710,แม่สรวย,Mae Suai,571001,แม่สรวย,Mae Saruai,57180
4907,ภาคเหนือ,57,เชียงราย,Chiang Rai,5710,แม่สรวย,Mae Suai,571002,ป่าแดด,Pa Daet,57180
4908,ภาคเหนือ,57,เชียงราย,Chiang Rai,5710,แม่สรวย,Mae Suai,571003,แม่พริก,Mae Phrik,57180
4909,ภาคเหนือ,57,เชียงราย,Chiang Rai,5710,แม่สรวย,Mae Suai,571004,ศรีถ้อย,Si Thoi,57180
4910,ภาคเหนือ,57,เชียงราย,Chiang Rai,5710,แม่สรวย,Mae Suai,571005,ท่าก๊อ,Tha Ko,57180
4911,ภาคเหนือ,57,เชียงราย,Chiang Rai,5710,แม่สรวย,Mae Suai,571006,วาวี,Wawi,57180
4912,ภาคเหนือ,57,เชียงราย,Chiang Rai,5710,แม่สรวย,Mae Suai,571007,เจดีย์หลวง,Chedi Luang,57180
4913,ภาคเหนือ,57,เชียงราย,Chiang Rai,5711,เวียงป่าเป้า,Wiang Pa Pao,571101,สันสลี,San Sali,57170
4914,ภาคเหนือ,57,เชียงราย,Chiang Rai,5711,เวียงป่าเป้า,Wiang Pa Pao,571102,เวียง,Wiang,57170
4915,ภาคเหนือ,57,เชียงราย,Chiang Rai,5711,เวียงป่าเป้า,Wiang Pa Pao,571103,บ้านโป่ง,Ban Pong,57170
4916,ภาคเหนือ,57,เชียงราย,Chiang Rai,5711,เวียงป่าเป้า,Wiang Pa Pao,571104,ป่างิ้ว,Pa Ngio,57170
4917,ภาคเหนือ,57,เชียงราย,Chiang Rai,5711,เวียงป่าเป้า,Wiang Pa Pao,571105,เวียงกาหลง,Wiang Kalong,57260
4918,ภาคเหนือ,57,เชียงราย,Chiang Rai,5711,เวียงป่าเป้า,Wiang Pa Pao,571106,แม่เจดีย์,Mae Chedi,57260
4919,ภาคเหนือ,57,เชียงราย,Chiang Rai,5711,เวียงป่าเป้า,Wiang Pa Pao,571107,แม่เจดีย์ใหม่,Mae Chedi Mai,57260
4920,ภาคเหนือ,57,เชียงราย,Chiang Rai,5712,พญาเม็งราย,Phaya Mengrai,571201,แม่เปา,Mae Pao,57290
4921,ภาคเหนือ,57,เชียงราย,Chiang Rai,5712,พญาเม็งราย,Phaya Mengrai,571202,แม่ต๋ำ,Mae Tam,57290
4922,ภาคเหนือ,57,เชียงราย,Chiang Rai,5712,พญาเม็งราย,Phaya Mengrai,571203,ไม้ยา,Mai Ya,57290
4923,ภาคเหนือ,57,เชียงราย,Chiang Rai,5712,พญาเม็งราย,Phaya Mengrai,571204,เม็งราย,Mengrai,57290
4924,ภาคเหนือ,57,เชียงราย,Chiang Rai,5712,พญาเม็งราย,Phaya Mengrai,571205,ตาดควัน,Tat Khwan,57290
4925,ภาคเหนือ,57,เชียงราย,Chiang Rai,5713,เวียงแก่น,Wiang Kaen,571301,ม่วงยาย,Muang Yai,57310
4926,ภาคเหนือ,57,เชียงราย,Chiang Rai,5713,เวียงแก่น,Wiang Kaen,571302,ปอ,Po,57310
4927,ภาคเหนือ,57,เชียงราย,Chiang Rai,5713,เวียงแก่น,Wiang Kaen,571303,หล่ายงาว,Lai Ngao,57310
4928,ภาคเหนือ,57,เชียงราย,Chiang Rai,5713,เวียงแก่น,Wiang Kaen,571304,ท่าข้าม,Tha Kham,57310
4929,ภาคเหนือ,57,เชียงราย,Chiang Rai,5714,ขุนตาล,Khun Tan,571401,ต้า,Ta,57340
4930,ภาคเหนือ,57,เชียงราย,Chiang Rai,5714,ขุนตาล,Khun Tan,571402,ป่าตาล,Pa Tan,57340
4931,ภาคเหนือ,57,เชียงราย,Chiang Rai,5714,ขุนตาล,Khun Tan,571403,ยางฮอม,Yang Hom,57340
4932,ภาคเหนือ,57,เชียงราย,Chiang Rai,5715,แม่ฟ้าหลวง,Mae Fa Luang,571501,เทอดไทย,Thoet Thai,57240
4933,ภาคเหนือ,57,เชียงราย,Chiang Rai,5715,แม่ฟ้าหลวง,Mae Fa Luang,571502,แม่สลองใน,Mae Salong Nai,57110
4934,ภาคเหนือ,57,เชียงราย,Chiang Rai,5715,แม่ฟ้าหลวง,Mae Fa Luang,571503,แม่สลองนอก,Mae Salong Nok,57110
4935,ภาคเหนือ,57,เชียงราย,Chiang Rai,5715,แม่ฟ้าหลวง,Mae Fa Luang,571504,แม่ฟ้าหลวง,Mae Fa Luang,57240
4936,ภาคเหนือ,57,เชียงราย,Chiang Rai,5716,แม่ลาว,Mae Lao,571601,ดงมะดะ,Dong Mada,57250
4937,ภาคเหนือ,57,เชียงราย,Chiang Rai,5716,แม่ลาว,Mae Lao,571602,จอมหมอกแก้ว,Chom Mok Kaeo,57250
4938,ภาคเหนือ,57,เชียงราย,Chiang Rai,5716,แม่ลาว,Mae Lao,571603,บัวสลี,Bua Sali,57250
4939,ภาคเหนือ,57,เชียงราย,Chiang Rai,5716,แม่ลาว,Mae Lao,571604,ป่าก่อดำ,Pa Ko Dam,57250
4940,ภาคเหนือ,57,เชียงราย,Chiang Rai,5716,แม่ลาว,Mae Lao,571605,โป่งแพร่,Pong Phrae,57000
4941,ภาคเหนือ,57,เชียงราย,Chiang Rai,5717,เวียงเชียงรุ้ง,Wiang Chiang Rung,571701,ทุ่งก่อ,Thung Ko,57210
4942,ภาคเหนือ,57,เชียงราย,Chiang Rai,5717,เวียงเชียงรุ้ง,Wiang Chiang Rung,571702,ดงมหาวัน,Dong Mahawan,57210
4943,ภาคเหนือ,57,เชียงราย,Chiang Rai,5717,เวียงเชียงรุ้ง,Wiang Chiang Rung,571703,ป่าซาง,Pa Sang,57210
4944,ภาคเหนือ,57,เชียงราย,Chiang Rai,5718,ดอยหลวง,Doi Luang,571801,ปงน้อย,Pong Noi,57110
4945,ภาคเหนือ,57,เชียงราย,Chiang Rai,5718,ดอยหลวง,Doi Luang,571802,โชคชัย,Chok Chai,57110
4946,ภาคเหนือ,57,เชียงราย,Chiang Rai,5718,ดอยหลวง,Doi Luang,571803,หนองป่าก่อ,Nong Pa Ko,57110
4947,ภาคเหนือ,58,แม่ฮ่องสอน,Mae Hong Son,5801,เมืองแม่ฮ่องสอน,Mueang Mae Hong Son,580101,จองคำ,Chong Kham,58000
4948,ภาคเหนือ,58,แม่ฮ่องสอน,Mae Hong Son,5801,เมืองแม่ฮ่องสอน,Mueang Mae Hong Son,580102,ห้วยโป่ง,Huai Pong,58000
4949,ภาคเหนือ,58,แม่ฮ่องสอน,Mae Hong Son,5801,เมืองแม่ฮ่องสอน,Mueang Mae Hong Son,580103,ผาบ่อง,Pha Bong,58000
4950,ภาคเหนือ,58,แม่ฮ่องสอน,Mae Hong Son,5801,เมืองแม่ฮ่องสอน,Mueang Mae Hong Son,580104,ปางหมู,Pang Mu,58000
4951,ภาคเหนือ,58,แม่ฮ่องสอน,Mae Hong Son,5801,เมืองแม่ฮ่องสอน,Mueang Mae Hong Son,580105,หมอกจำแป่,Mok Champae,58000
4952,ภาคเหนือ,58,แม่ฮ่องสอน,Mae Hong Son,5801,เมืองแม่ฮ่องสอน,Mueang Mae Hong Son,580106,ห้วยผา,Huai Pha,58000
4953,ภาคเหนือ,58,แม่ฮ่องสอน,Mae Hong Son,5801,เมืองแม่ฮ่องสอน,Mueang Mae Hong Son,580109,ห้วยปูลิง,Huai Pu Ling,58000
4954,ภาคเหนือ,58,แม่ฮ่องสอน,Mae Hong Son,5802,ขุนยวม,Khun Yuam,580201,ขุนยวม,Khun Yuam,58140
4955,ภาคเหนือ,58,แม่ฮ่องสอน,Mae Hong Son,5802,ขุนยวม,Khun Yuam,580202,แม่เงา,Mae Ngao,58140
4956,ภาคเหนือ,58,แม่ฮ่องสอน,Mae Hong Son,5802,ขุนยวม,Khun Yuam,580203,เมืองปอน,Mueang Pon,58140
4957,ภาคเหนือ,58,แม่ฮ่องสอน,Mae Hong Son,5802,ขุนยวม,Khun Yuam,580204,แม่ยวมน้อย,Mae Yuam Noi,58140
4958,ภาคเหนือ,58,แม่ฮ่องสอน,Mae Hong Son,5802,ขุนยวม,Khun Yuam,580205,แม่กิ๊,Mae Ki,58140
4959,ภาคเหนือ,58,แม่ฮ่องสอน,Mae Hong Son,5802,ขุนยวม,Khun Yuam,580206,แม่อูคอ,Mae U Kho,58140
4960,ภาคเหนือ,58,แม่ฮ่องสอน,Mae Hong Son,5803,ปาย,Pai,580301,เวียงใต้,Wiang Tai,58130
4961,ภาคเหนือ,58,แม่ฮ่องสอน,Mae Hong Son,5803,ปาย,Pai,580302,เวียงเหนือ,Wiang Nuea,58130
4962,ภาคเหนือ,58,แม่ฮ่องสอน,Mae Hong Son,5803,ปาย,Pai,580303,แม่นาเติง,Mae Na Toeng,58130
4963,ภาคเหนือ,58,แม่ฮ่องสอน,Mae Hong Son,5803,ปาย,Pai,580304,แม่ฮี้,Mae Hi,58130
4964,ภาคเหนือ,58,แม่ฮ่องสอน,Mae Hong Son,5803,ปาย,Pai,580305,ทุ่งยาว,Thung Yao,58130
4965,ภาคเหนือ,58,แม่ฮ่องสอน,Mae Hong Son,5803,ปาย,Pai,580306,เมืองแปง,Mueang Paeng,58130
4966,ภาคเหนือ,58,แม่ฮ่องสอน,Mae Hong Son,5803,ปาย,Pai,580307,โป่งสา,Pong Sa,58130
4967,ภาคเหนือ,58,แม่ฮ่องสอน,Mae Hong Son,5804,แม่สะเรียง,Mae Sariang,580401,บ้านกาศ,Ban Kat,58110
4968,ภาคเหนือ,58,แม่ฮ่องสอน,Mae Hong Son,5804,แม่สะเรียง,Mae Sariang,580402,แม่สะเรียง,Mae Sariang,58110
4969,ภาคเหนือ,58,แม่ฮ่องสอน,Mae Hong Son,5804,แม่สะเรียง,Mae Sariang,580403,แม่คง,Mae Khong,58110
4970,ภาคเหนือ,58,แม่ฮ่องสอน,Mae Hong Son,5804,แม่สะเรียง,Mae Sariang,580404,แม่เหาะ,Mae Ho,58110
4971,ภาคเหนือ,58,แม่ฮ่องสอน,Mae Hong Son,5804,แม่สะเรียง,Mae Sariang,580405,แม่ยวม,Mae Yuam,58110
4972,ภาคเหนือ,58,แม่ฮ่องสอน,Mae Hong Son,5804,แม่สะเรียง,Mae Sariang,580406,เสาหิน,Sao Hin,58110
4973,ภาคเหนือ,58,แม่ฮ่องสอน,Mae Hong Son,5804,แม่สะเรียง,Mae Sariang,580408,ป่าแป๋,Pa Pae,58110
4974,ภาคเหนือ,58,แม่ฮ่องสอน,Mae Hong Son,5805,แม่ลาน้อย,Mae La Noi,580501,แม่ลาน้อย,Mae La Noi,58120
4975,ภาคเหนือ,58,แม่ฮ่องสอน,Mae Hong Son,5805,แม่ลาน้อย,Mae La Noi,580502,แม่ลาหลวง,Mae La Luang,58120
4976,ภาคเหนือ,58,แม่ฮ่องสอน,Mae Hong Son,5805,แม่ลาน้อย,Mae La Noi,580503,ท่าผาปุ้ม,Tha Pha Pum,58120
4977,ภาคเหนือ,58,แม่ฮ่องสอน,Mae Hong Son,5805,แม่ลาน้อย,Mae La Noi,580504,แม่โถ,Mae Tho,58120
4978,ภาคเหนือ,58,แม่ฮ่องสอน,Mae Hong Son,5805,แม่ลาน้อย,Mae La Noi,580505,ห้วยห้อม,Huai Hom,58120
4979,ภาคเหนือ,58,แม่ฮ่องสอน,Mae Hong Son,5805,แม่ลาน้อย,Mae La Noi,580506,แม่นาจาง,Mae Na Chang,58120
4980,ภาคเหนือ,58,แม่ฮ่องสอน,Mae Hong Son,5805,แม่ลาน้อย,Mae La Noi,580507,สันติคีรี,Santi Khiri,58120
4981,ภาคเหนือ,58,แม่ฮ่องสอน,Mae Hong Son,5805,แม่ลาน้อย,Mae La Noi,580508,ขุนแม่ลาน้อย,Khun Mae La Noi,58120
4982,ภาคเหนือ,58,แม่ฮ่องสอน,Mae Hong Son,5806,สบเมย,Sop Moei,580601,สบเมย,Sop Moei,58110
4983,ภาคเหนือ,58,แม่ฮ่องสอน,Mae Hong Son,5806,สบเมย,Sop Moei,580602,แม่คะตวน,Mae Khatuan,58110
4984,ภาคเหนือ,58,แม่ฮ่องสอน,Mae Hong Son,5806,สบเมย,Sop Moei,580603,กองก๋อย,Kong Koi,58110
4985,ภาคเหนือ,58,แม่ฮ่องสอน,Mae Hong Son,5806,สบเมย,Sop Moei,580604,แม่สวด,Mae Suat,58110
4986,ภาคเหนือ,58,แม่ฮ่องสอน,Mae Hong Son,5806,สบเมย,Sop Moei,580605,ป่าโปง,Pa Pong,58110
4987,ภาคเหนือ,58,แม่ฮ่องสอน,Mae Hong Son,5806,สบเมย,Sop Moei,580606,แม่สามแลบ,Mae Sam Laep,58110
4988,ภาคเหนือ,58,แม่ฮ่องสอน,Mae Hong Son,5807,ปางมะผ้า,Pang Mapha,580701,สบป่อง,Sop Pong,58150
4989,ภาคเหนือ,58,แม่ฮ่องสอน,Mae Hong Son,5807,ปางมะผ้า,Pang Mapha,580702,ปางมะผ้า,Pang Mapha,58150
4990,ภาคเหนือ,58,แม่ฮ่องสอน,Mae Hong Son,5807,ปางมะผ้า,Pang Mapha,580703,ถ้ำลอด,Tham Lot,58150
4991,ภาคเหนือ,58,แม่ฮ่องสอน,Mae Hong Son,5807,ปางมะผ้า,Pang Mapha,580704,นาปู่ป้อม,Na Pu Pom,58150
4992,ภาคกลาง,60,นครสวรรค์,Nakhon Sawan,6001,เมืองนครสวรรค์,Mueang Nakhon Sawan,600101,ปากน้ำโพ,Pak Nam Pho,60000
4993,ภาคกลาง,60,นครสวรรค์,Nakhon Sawan,6001,เมืองนครสวรรค์,Mueang Nakhon Sawan,600102,กลางแดด,Klang Daet,60000
4994,ภาคกลาง,60,นครสวรรค์,Nakhon Sawan,6001,เมืองนครสวรรค์,Mueang Nakhon Sawan,600103,เกรียงไกร,Kriang Krai,60000
4995,ภาคกลาง,60,นครสวรรค์,Nakhon Sawan,6001,เมืองนครสวรรค์,Mueang Nakhon Sawan,600104,แควใหญ่,Khwae Yai,60000
4996,ภาคกลาง,60,นครสวรรค์,Nakhon Sawan,6001,เมืองนครสวรรค์,Mueang Nakhon Sawan,600105,ตะเคียนเลื่อน,Takhian Luean,60000
4997,ภาคกลาง,60,นครสวรรค์,Nakhon Sawan,6001,เมืองนครสวรรค์,Mueang Nakhon Sawan,600106,นครสวรรค์ตก,Nakhon Sawan Tok,60000
4998,ภาคกลาง,60,นครสวรรค์,Nakhon Sawan,6001,เมืองนครสวรรค์,Mueang Nakhon Sawan,600107,นครสวรรค์ออก,Nakhon Sawan Ok,60000
4999,ภาคกลาง,60,นครสวรรค์,Nakhon Sawan,6001,เมืองนครสวรรค์,Mueang Nakhon Sawan,600108,บางพระหลวง,Bang Phra Luang,60000
5000,ภาคกลาง,60,นครสวรรค์,Nakhon Sawan,6001,เมืองนครสวรรค์,Mueang Nakhon Sawan,600109,บางม่วง,Bang Muang,60000
5001,ภาคกลาง,60,นครสวรรค์,Nakhon Sawan,6001,เมืองนครสวรรค์,Mueang Nakhon Sawan,600110,บ้านมะเกลือ,Ban Makluea,60000
5002,ภาคกลาง,60,นครสวรรค์,Nakhon Sawan,6001,เมืองนครสวรรค์,Mueang Nakhon Sawan,600111,บ้านแก่ง,Ban Kaeng,60000
5003,ภาคกลาง,60,นครสวรรค์,Nakhon Sawan,6001,เมืองนครสวรรค์,Mueang Nakhon Sawan,600112,พระนอน,Phra Non,60000
5004,ภาคกลาง,60,นครสวรรค์,Nakhon Sawan,6001,เมืองนครสวรรค์,Mueang Nakhon Sawan,600113,วัดไทรย์,Wat Sai,60000
5005,ภาคกลาง,60,นครสวรรค์,Nakhon Sawan,6001,เมืองนครสวรรค์,Mueang Nakhon Sawan,600114,หนองกรด,Nong Krot,60240
5006,ภาคกลาง,60,นครสวรรค์,Nakhon Sawan,6001,เมืองนครสวรรค์,Mueang Nakhon Sawan,600115,หนองกระโดน,Nong Kradon,60240
5007,ภาคกลาง,60,นครสวรรค์,Nakhon Sawan,6001,เมืองนครสวรรค์,Mueang Nakhon Sawan,600116,หนองปลิง,Nong Pling,60000
5008,ภาคกลาง,60,นครสวรรค์,Nakhon Sawan,6001,เมืองนครสวรรค์,Mueang Nakhon Sawan,600117,บึงเสนาท,Bueng Senat,60000
5009,ภาคกลาง,60,นครสวรรค์,Nakhon Sawan,6002,โกรกพระ,Krok Phra,600201,โกรกพระ,Krok Phra,60170
5010,ภาคกลาง,60,นครสวรรค์,Nakhon Sawan,6002,โกรกพระ,Krok Phra,600202,ยางตาล,Yang Tan,60170
5011,ภาคกลาง,60,นครสวรรค์,Nakhon Sawan,6002,โกรกพระ,Krok Phra,600203,บางมะฝ่อ,Bang Mafo,60170
5012,ภาคกลาง,60,นครสวรรค์,Nakhon Sawan,6002,โกรกพระ,Krok Phra,600204,บางประมุง,Bang Pramung,60170
5013,ภาคกลาง,60,นครสวรรค์,Nakhon Sawan,6002,โกรกพระ,Krok Phra,600205,นากลาง,Na Klang,60170
5014,ภาคกลาง,60,นครสวรรค์,Nakhon Sawan,6002,โกรกพระ,Krok Phra,600206,ศาลาแดง,Sala Daeng,60170
5015,ภาคกลาง,60,นครสวรรค์,Nakhon Sawan,6002,โกรกพระ,Krok Phra,600207,เนินกว้าว,Noen Kwao,60170
5016,ภาคกลาง,60,นครสวรรค์,Nakhon Sawan,6002,โกรกพระ,Krok Phra,600208,เนินศาลา,Noen Sala,60170
5017,ภาคกลาง,60,นครสวรรค์,Nakhon Sawan,6002,โกรกพระ,Krok Phra,600209,หาดสูง,Hat Sung,60170
5018,ภาคกลาง,60,นครสวรรค์,Nakhon Sawan,6003,ชุมแสง,Chum Saeng,600301,ชุมแสง,Chum Saeng,60120
5019,ภาคกลาง,60,นครสวรรค์,Nakhon Sawan,6003,ชุมแสง,Chum Saeng,600302,ทับกฤช,Thap Krit,60250
5020,ภาคกลาง,60,นครสวรรค์,Nakhon Sawan,6003,ชุมแสง,Chum Saeng,600303,พิกุล,Phikun,60120
5021,ภาคกลาง,60,นครสวรรค์,Nakhon Sawan,6003,ชุมแสง,Chum Saeng,600304,เกยไชย,Koei Chai,60120
5022,ภาคกลาง,60,นครสวรรค์,Nakhon Sawan,6003,ชุมแสง,Chum Saeng,600305,ท่าไม้,Tha Mai,60120
5023,ภาคกลาง,60,นครสวรรค์,Nakhon Sawan,6003,ชุมแสง,Chum Saeng,600306,บางเคียน,Bang Khian,60120
5024,ภาคกลาง,60,นครสวรรค์,Nakhon Sawan,6003,ชุมแสง,Chum Saeng,600307,หนองกระเจา,Nong Krachao,60120
5025,ภาคกลาง,60,นครสวรรค์,Nakhon Sawan,6003,ชุมแสง,Chum Saeng,600308,พันลาน,Phan Lan,60250
5026,ภาคกลาง,60,นครสวรรค์,Nakhon Sawan,6003,ชุมแสง,Chum Saeng,600309,โคกหม้อ,Khok Mo,60120
5027,ภาคกลาง,60,นครสวรรค์,Nakhon Sawan,6003,ชุมแสง,Chum Saeng,600310,ไผ่สิงห์,Phai Sing,60120
5028,ภาคกลาง,60,นครสวรรค์,Nakhon Sawan,6003,ชุมแสง,Chum Saeng,600311,ฆะมัง,Kha Mang,60120
5029,ภาคกลาง,60,นครสวรรค์,Nakhon Sawan,6003,ชุมแสง,Chum Saeng,600312,ทับกฤชใต้,Thap Krit Tai,60250
5030,ภาคกลาง,60,นครสวรรค์,Nakhon Sawan,6004,หนองบัว,Nong Bua,600401,หนองบัว,Nong Bua,60110
5031,ภาคกลาง,60,นครสวรรค์,Nakhon Sawan,6004,หนองบัว,Nong Bua,600402,หนองกลับ,Nong Klap,60110
5032,ภาคกลาง,60,นครสวรรค์,Nakhon Sawan,6004,หนองบัว,Nong Bua,600403,ธารทหาร,Than Thahan,60110
5033,ภาคกลาง,60,นครสวรรค์,Nakhon Sawan,6004,หนองบัว,Nong Bua,600404,ห้วยร่วม,Huai Ruam,60110
5034,ภาคกลาง,60,นครสวรรค์,Nakhon Sawan,6004,หนองบัว,Nong Bua,600405,ห้วยถั่วใต้,Huai Thua Tai,60110
5035,ภาคกลาง,60,นครสวรรค์,Nakhon Sawan,6004,หนองบัว,Nong Bua,600406,ห้วยถั่วเหนือ,Huai Thua Nuea,60110
5036,ภาคกลาง,60,นครสวรรค์,Nakhon Sawan,6004,หนองบัว,Nong Bua,600407,ห้วยใหญ่,Huai Yai,60110
5037,ภาคกลาง,60,นครสวรรค์,Nakhon Sawan,6004,หนองบัว,Nong Bua,600408,ทุ่งทอง,Thung Thong,60110
5038,ภาคกลาง,60,นครสวรรค์,Nakhon Sawan,6004,หนองบัว,Nong Bua,600409,วังบ่อ,Wang Bo,60110
5039,ภาคกลาง,60,นครสวรรค์,Nakhon Sawan,6005,บรรพตพิสัย,Banphot Phisai,600501,ท่างิ้ว,Tha Ngio,60180
5040,ภาคกลาง,60,นครสวรรค์,Nakhon Sawan,6005,บรรพตพิสัย,Banphot Phisai,600502,บางตาหงาย,Bang Ta Ngai,60180
5041,ภาคกลาง,60,นครสวรรค์,Nakhon Sawan,6005,บรรพตพิสัย,Banphot Phisai,600503,หูกวาง,Hu Kwang,60180
5042,ภาคกลาง,60,นครสวรรค์,Nakhon Sawan,6005,บรรพตพิสัย,Banphot Phisai,600504,อ่างทอง,Ang Thong,60180
5043,ภาคกลาง,60,นครสวรรค์,Nakhon Sawan,6005,บรรพตพิสัย,Banphot Phisai,600505,บ้านแดน,Ban Daen,60180
5044,ภาคกลาง,60,นครสวรรค์,Nakhon Sawan,6005,บรรพตพิสัย,Banphot Phisai,600506,บางแก้ว,Bang Kaeo,60180
5045,ภาคกลาง,60,นครสวรรค์,Nakhon Sawan,6005,บรรพตพิสัย,Banphot Phisai,600507,ตาขีด,Ta Khit,60180
5046,ภาคกลาง,60,นครสวรรค์,Nakhon Sawan,6005,บรรพตพิสัย,Banphot Phisai,600508,ตาสัง,Ta Sang,60180
5047,ภาคกลาง,60,นครสวรรค์,Nakhon Sawan,6005,บรรพตพิสัย,Banphot Phisai,600509,ด่านช้าง,Dan Chang,60180
5048,ภาคกลาง,60,นครสวรรค์,Nakhon Sawan,6005,บรรพตพิสัย,Banphot Phisai,600510,หนองกรด,Nong Krot,60180
5049,ภาคกลาง,60,นครสวรรค์,Nakhon Sawan,6005,บรรพตพิสัย,Banphot Phisai,600511,หนองตางู,Nong Ta Ngu,60180
5050,ภาคกลาง,60,นครสวรรค์,Nakhon Sawan,6005,บรรพตพิสัย,Banphot Phisai,600512,บึงปลาทู,Bueng Pla Thu,60180
5051,ภาคกลาง,60,นครสวรรค์,Nakhon Sawan,6005,บรรพตพิสัย,Banphot Phisai,600513,เจริญผล,Charoen Phon,60180
5052,ภาคกลาง,60,นครสวรรค์,Nakhon Sawan,6006,เก้าเลี้ยว,Kao Liao,600601,มหาโพธิ,Mahapho,60230
5053,ภาคกลาง,60,นครสวรรค์,Nakhon Sawan,6006,เก้าเลี้ยว,Kao Liao,600602,เก้าเลี้ยว,Kao Liao,60230
5054,ภาคกลาง,60,นครสวรรค์,Nakhon Sawan,6006,เก้าเลี้ยว,Kao Liao,600603,หนองเต่า,Nong Tao,60230
5055,ภาคกลาง,60,นครสวรรค์,Nakhon Sawan,6006,เก้าเลี้ยว,Kao Liao,600604,เขาดิน,Khao Din,60230
5056,ภาคกลาง,60,นครสวรรค์,Nakhon Sawan,6006,เก้าเลี้ยว,Kao Liao,600605,หัวดง,Hua Dong,60230
5057,ภาคกลาง,60,นครสวรรค์,Nakhon Sawan,6007,ตาคลี,Takhli,600701,ตาคลี,Ta Khli,60140
5058,ภาคกลาง,60,นครสวรรค์,Nakhon Sawan,6007,ตาคลี,Takhli,600702,ช่องแค,Chong Khae,60210
5059,ภาคกลาง,60,นครสวรรค์,Nakhon Sawan,6007,ตาคลี,Takhli,600703,จันเสน,Chan Sen,60260
5060,ภาคกลาง,60,นครสวรรค์,Nakhon Sawan,6007,ตาคลี,Takhli,600704,ห้วยหอม,Huai Hom,60210
5061,ภาคกลาง,60,นครสวรรค์,Nakhon Sawan,6007,ตาคลี,Takhli,600705,หัวหวาย,Hua Wai,60140
5062,ภาคกลาง,60,นครสวรรค์,Nakhon Sawan,6007,ตาคลี,Takhli,600706,หนองโพ,Nong Pho,60140
5063,ภาคกลาง,60,นครสวรรค์,Nakhon Sawan,6007,ตาคลี,Takhli,600707,หนองหม้อ,Nong Mo,60140
5064,ภาคกลาง,60,นครสวรรค์,Nakhon Sawan,6007,ตาคลี,Takhli,600708,สร้อยทอง,Soi Thong,60210
5065,ภาคกลาง,60,นครสวรรค์,Nakhon Sawan,6007,ตาคลี,Takhli,600709,ลาดทิพรส,Lat Thippharot,60260
5066,ภาคกลาง,60,นครสวรรค์,Nakhon Sawan,6007,ตาคลี,Takhli,600710,พรหมนิมิต,Phrom Nimit,60210
5067,ภาคกลาง,60,นครสวรรค์,Nakhon Sawan,6008,ท่าตะโก,Tha Tako,600801,ท่าตะโก,Tha Tako,60160
5068,ภาคกลาง,60,นครสวรรค์,Nakhon Sawan,6008,ท่าตะโก,Tha Tako,600802,พนมรอก,Phanom Rok,60160
5069,ภาคกลาง,60,นครสวรรค์,Nakhon Sawan,6008,ท่าตะโก,Tha Tako,600803,หัวถนน,Hua Thanon,60160
5070,ภาคกลาง,60,นครสวรรค์,Nakhon Sawan,6008,ท่าตะโก,Tha Tako,600804,สายลำโพง,Sai Lamphong,60160
5071,ภาคกลาง,60,นครสวรรค์,Nakhon Sawan,6008,ท่าตะโก,Tha Tako,600805,วังมหากร,Wang Mahakon,60160
5072,ภาคกลาง,60,นครสวรรค์,Nakhon Sawan,6008,ท่าตะโก,Tha Tako,600806,ดอนคา,Don Kha,60160
5073,ภาคกลาง,60,นครสวรรค์,Nakhon Sawan,6008,ท่าตะโก,Tha Tako,600807,ทำนบ,Tham Nop,60160
5074,ภาคกลาง,60,นครสวรรค์,Nakhon Sawan,6008,ท่าตะโก,Tha Tako,600808,วังใหญ่,Wang Yai,60160
5075,ภาคกลาง,60,นครสวรรค์,Nakhon Sawan,6008,ท่าตะโก,Tha Tako,600809,พนมเศษ,Phanom Set,60160
5076,ภาคกลาง,60,นครสวรรค์,Nakhon Sawan,6008,ท่าตะโก,Tha Tako,600810,หนองหลวง,Nong Luang,60160
5077,ภาคกลาง,60,นครสวรรค์,Nakhon Sawan,6009,ไพศาลี,Phaisali,600901,โคกเดื่อ,Khok Duea,60220
5078,ภาคกลาง,60,นครสวรรค์,Nakhon Sawan,6009,ไพศาลี,Phaisali,600902,สำโรงชัย,Samrong Chai,60220
5079,ภาคกลาง,60,นครสวรรค์,Nakhon Sawan,6009,ไพศาลี,Phaisali,600903,วังน้ำลัด,Wang Nam Lat,60220
5080,ภาคกลาง,60,นครสวรรค์,Nakhon Sawan,6009,ไพศาลี,Phaisali,600904,ตะคร้อ,Takhro,60220
5081,ภาคกลาง,60,นครสวรรค์,Nakhon Sawan,6009,ไพศาลี,Phaisali,600905,โพธิ์ประสาท,Pho Prasat,60220
5082,ภาคกลาง,60,นครสวรรค์,Nakhon Sawan,6009,ไพศาลี,Phaisali,600906,วังข่อย,Wang Khoi,60220
5083,ภาคกลาง,60,นครสวรรค์,Nakhon Sawan,6009,ไพศาลี,Phaisali,600907,นาขอม,Na Khom,60220
5084,ภาคกลาง,60,นครสวรรค์,Nakhon Sawan,6009,ไพศาลี,Phaisali,600908,ไพศาลี,Phaisali,60220
5085,ภาคกลาง,60,นครสวรรค์,Nakhon Sawan,6010,พยุหะคีรี,Phayuha Hkiri,601001,พยุหะ,Phayuha,60130
5086,ภาคกลาง,60,นครสวรรค์,Nakhon Sawan,6010,พยุหะคีรี,Phayuha Hkiri,601002,เนินมะกอก,Noen Makok,60130
5087,ภาคกลาง,60,นครสวรรค์,Nakhon Sawan,6010,พยุหะคีรี,Phayuha Hkiri,601003,นิคมเขาบ่อแก้ว,Nikhom Khao Bo Kaeo,60130
5088,ภาคกลาง,60,นครสวรรค์,Nakhon Sawan,6010,พยุหะคีรี,Phayuha Hkiri,601004,ม่วงหัก,Muang Hak,60130
5089,ภาคกลาง,60,นครสวรรค์,Nakhon Sawan,6010,พยุหะคีรี,Phayuha Hkiri,601005,ยางขาว,Yang Khao,60130
5090,ภาคกลาง,60,นครสวรรค์,Nakhon Sawan,6010,พยุหะคีรี,Phayuha Hkiri,601006,ย่านมัทรี,Yan Matsi,60130
5091,ภาคกลาง,60,นครสวรรค์,Nakhon Sawan,6010,พยุหะคีรี,Phayuha Hkiri,601007,เขาทอง,Khao Thong,60130
5092,ภาคกลาง,60,นครสวรรค์,Nakhon Sawan,6010,พยุหะคีรี,Phayuha Hkiri,601008,ท่าน้ำอ้อย,Tha Nam Oi,60130
5093,ภาคกลาง,60,นครสวรรค์,Nakhon Sawan,6010,พยุหะคีรี,Phayuha Hkiri,601009,น้ำทรง,Nam Song,60130
5094,ภาคกลาง,60,นครสวรรค์,Nakhon Sawan,6010,พยุหะคีรี,Phayuha Hkiri,601010,เขากะลา,Khao Kala,60130
5095,ภาคกลาง,60,นครสวรรค์,Nakhon Sawan,6010,พยุหะคีรี,Phayuha Hkiri,601011,สระทะเล,Sa Thale,60130
5096,ภาคกลาง,60,นครสวรรค์,Nakhon Sawan,6011,ลาดยาว,Lat Yao,601101,ลาดยาว,Lat Yao,60150
5097,ภาคกลาง,60,นครสวรรค์,Nakhon Sawan,6011,ลาดยาว,Lat Yao,601102,ห้วยน้ำหอม,Huai Nam Hom,60150
5098,ภาคกลาง,60,นครสวรรค์,Nakhon Sawan,6011,ลาดยาว,Lat Yao,601103,วังม้า,Wang Ma,60150
5099,ภาคกลาง,60,นครสวรรค์,Nakhon Sawan,6011,ลาดยาว,Lat Yao,601104,วังเมือง,Wang Mueang,60150
5100,ภาคกลาง,60,นครสวรรค์,Nakhon Sawan,6011,ลาดยาว,Lat Yao,601105,สร้อยละคร,Soi Lakhon,60150
5101,ภาคกลาง,60,นครสวรรค์,Nakhon Sawan,6011,ลาดยาว,Lat Yao,601106,มาบแก,Map Kae,60150
5102,ภาคกลาง,60,นครสวรรค์,Nakhon Sawan,6011,ลาดยาว,Lat Yao,601107,หนองยาว,Nong Yao,60150
5103,ภาคกลาง,60,นครสวรรค์,Nakhon Sawan,6011,ลาดยาว,Lat Yao,601108,หนองนมวัว,Nong Nom Wua,60150
5104,ภาคกลาง,60,นครสวรรค์,Nakhon Sawan,6011,ลาดยาว,Lat Yao,601109,บ้านไร่,Ban Rai,60150
5105,ภาคกลาง,60,นครสวรรค์,Nakhon Sawan,6011,ลาดยาว,Lat Yao,601110,เนินขี้เหล็ก,Noen Khi Lek,60150
5106,ภาคกลาง,60,นครสวรรค์,Nakhon Sawan,6011,ลาดยาว,Lat Yao,601116,ศาลเจ้าไก่ต่อ,San Chao Kai To,60150
5107,ภาคกลาง,60,นครสวรรค์,Nakhon Sawan,6011,ลาดยาว,Lat Yao,601117,สระแก้ว,Sa Kaeo,60150
5108,ภาคกลาง,60,นครสวรรค์,Nakhon Sawan,6012,ตากฟ้า,Tak Fa,601201,ตากฟ้า,Tak Fa,60190
5109,ภาคกลาง,60,นครสวรรค์,Nakhon Sawan,6012,ตากฟ้า,Tak Fa,601202,ลำพยนต์,Lam Phayon,60190
5110,ภาคกลาง,60,นครสวรรค์,Nakhon Sawan,6012,ตากฟ้า,Tak Fa,601203,สุขสำราญ,Suk Samran,60190
5111,ภาคกลาง,60,นครสวรรค์,Nakhon Sawan,6012,ตากฟ้า,Tak Fa,601204,หนองพิกุล,Nong Phikun,60190
5112,ภาคกลาง,60,นครสวรรค์,Nakhon Sawan,6012,ตากฟ้า,Tak Fa,601205,พุนกยูง,Phu Nok Yung,60190
5113,ภาคกลาง,60,นครสวรรค์,Nakhon Sawan,6012,ตากฟ้า,Tak Fa,601206,อุดมธัญญา,Udom Thanya,60190
5114,ภาคกลาง,60,นครสวรรค์,Nakhon Sawan,6012,ตากฟ้า,Tak Fa,601207,เขาชายธง,Khao Chai Thong,60190
5115,ภาคกลาง,60,นครสวรรค์,Nakhon Sawan,6013,แม่วงก์,Mae Wong,601301,แม่วงก์,Mae Wong,60150
5116,ภาคกลาง,60,นครสวรรค์,Nakhon Sawan,6013,แม่วงก์,Mae Wong,601303,แม่เล่ย์,Mae Le,60150
5117,ภาคกลาง,60,นครสวรรค์,Nakhon Sawan,6013,แม่วงก์,Mae Wong,601304,วังซ่าน,Wang San,60150
5118,ภาคกลาง,60,นครสวรรค์,Nakhon Sawan,6013,แม่วงก์,Mae Wong,601305,เขาชนกัน,Khao Chon Kan,60150
5119,ภาคกลาง,60,นครสวรรค์,Nakhon Sawan,6014,แม่เปิน,Mae Pern,601401,แม่เปิน,Mae Poen,60150
5120,ภาคกลาง,60,นครสวรรค์,Nakhon Sawan,6015,ชุมตาบง,Chum Ta Bong,601501,ชุมตาบง,Chum Ta Bong,60150
5121,ภาคกลาง,60,นครสวรรค์,Nakhon Sawan,6015,ชุมตาบง,Chum Ta Bong,601502,ปางสวรรค์,Pang Sawan,60150
5122,ภาคกลาง,61,อุทัยธานี,Uthai Thani,6101,เมืองอุทัยธานี,Mueang Uthai Thani,610101,อุทัยใหม่,Uthai Mai,61000
5123,ภาคกลาง,61,อุทัยธานี,Uthai Thani,6101,เมืองอุทัยธานี,Mueang Uthai Thani,610102,น้ำซึม,Nam Suem,61000
5124,ภาคกลาง,61,อุทัยธานี,Uthai Thani,6101,เมืองอุทัยธานี,Mueang Uthai Thani,610103,สะแกกรัง,Sakae Krang,61000
5125,ภาคกลาง,61,อุทัยธานี,Uthai Thani,6101,เมืองอุทัยธานี,Mueang Uthai Thani,610104,ดอนขวาง,Don Khwang,61000
5126,ภาคกลาง,61,อุทัยธานี,Uthai Thani,6101,เมืองอุทัยธานี,Mueang Uthai Thani,610105,หาดทนง,Hat Thanong,61000
5127,ภาคกลาง,61,อุทัยธานี,Uthai Thani,6101,เมืองอุทัยธานี,Mueang Uthai Thani,610106,เกาะเทโพ,Ko Thepho,61000
5128,ภาคกลาง,61,อุทัยธานี,Uthai Thani,6101,เมืองอุทัยธานี,Mueang Uthai Thani,610107,ท่าซุง,Tha Sung,61000
5129,ภาคกลาง,61,อุทัยธานี,Uthai Thani,6101,เมืองอุทัยธานี,Mueang Uthai Thani,610108,หนองแก,Nong Kae,61000
5130,ภาคกลาง,61,อุทัยธานี,Uthai Thani,6101,เมืองอุทัยธานี,Mueang Uthai Thani,610109,โนนเหล็ก,Non Lek,61000
5131,ภาคกลาง,61,อุทัยธานี,Uthai Thani,6101,เมืองอุทัยธานี,Mueang Uthai Thani,610110,หนองเต่า,Nong Tao,61000
5132,ภาคกลาง,61,อุทัยธานี,Uthai Thani,6101,เมืองอุทัยธานี,Mueang Uthai Thani,610111,หนองไผ่แบน,Nong Phai Baen,61000
5133,ภาคกลาง,61,อุทัยธานี,Uthai Thani,6101,เมืองอุทัยธานี,Mueang Uthai Thani,610112,หนองพังค่า,Nong Phang Kha,61000
5134,ภาคกลาง,61,อุทัยธานี,Uthai Thani,6101,เมืองอุทัยธานี,Mueang Uthai Thani,610113,ทุ่งใหญ่,Thung Yai,61000
5135,ภาคกลาง,61,อุทัยธานี,Uthai Thani,6101,เมืองอุทัยธานี,Mueang Uthai Thani,610114,เนินแจง,Noen Chaeng,61000
5136,ภาคกลาง,61,อุทัยธานี,Uthai Thani,6102,ทัพทัน,Thap Than,610201,ทัพทัน,Thapthan,61120
5137,ภาคกลาง,61,อุทัยธานี,Uthai Thani,6102,ทัพทัน,Thap Than,610202,ทุ่งนาไทย,Thung Na Thai,61120
5138,ภาคกลาง,61,อุทัยธานี,Uthai Thani,6102,ทัพทัน,Thap Than,610203,เขาขี้ฝอย,Khao Khi Foi,61120
5139,ภาคกลาง,61,อุทัยธานี,Uthai Thani,6102,ทัพทัน,Thap Than,610204,หนองหญ้าปล้อง,Nong Ya Plong,61120
5140,ภาคกลาง,61,อุทัยธานี,Uthai Thani,6102,ทัพทัน,Thap Than,610205,โคกหม้อ,Khok Mo,61120
5141,ภาคกลาง,61,อุทัยธานี,Uthai Thani,6102,ทัพทัน,Thap Than,610206,หนองยายดา,Nong Yai Da,61120
5142,ภาคกลาง,61,อุทัยธานี,Uthai Thani,6102,ทัพทัน,Thap Than,610207,หนองกลางดง,Nong Klang Dong,61120
5143,ภาคกลาง,61,อุทัยธานี,Uthai Thani,6102,ทัพทัน,Thap Than,610208,หนองกระทุ่ม,Nong Krathum,61120
5144,ภาคกลาง,61,อุทัยธานี,Uthai Thani,6102,ทัพทัน,Thap Than,610209,หนองสระ,Nong Sa,61120
5145,ภาคกลาง,61,อุทัยธานี,Uthai Thani,6102,ทัพทัน,Thap Than,610210,ตลุกดู่,Taluk Duk,61120
5146,ภาคกลาง,61,อุทัยธานี,Uthai Thani,6103,สว่างอารมณ์,Sawang Arom,610301,สว่างอารมณ์,Sawang Arom,61150
5147,ภาคกลาง,61,อุทัยธานี,Uthai Thani,6103,สว่างอารมณ์,Sawang Arom,610302,หนองหลวง,Nong Luang,61150
5148,ภาคกลาง,61,อุทัยธานี,Uthai Thani,6103,สว่างอารมณ์,Sawang Arom,610303,พลวงสองนาง,Phluang Song Nang,61150
5149,ภาคกลาง,61,อุทัยธานี,Uthai Thani,6103,สว่างอารมณ์,Sawang Arom,610304,ไผ่เขียว,Phai Khiao,61150
5150,ภาคกลาง,61,อุทัยธานี,Uthai Thani,6103,สว่างอารมณ์,Sawang Arom,610305,บ่อยาง,Bo Yang,61150
5151,ภาคกลาง,61,อุทัยธานี,Uthai Thani,6104,หนองฉาง,Nong Chang,610401,หนองฉาง,Nong Chang,61110
5152,ภาคกลาง,61,อุทัยธานี,Uthai Thani,6104,หนองฉาง,Nong Chang,610402,หนองยาง,Nong Yang,61110
5153,ภาคกลาง,61,อุทัยธานี,Uthai Thani,6104,หนองฉาง,Nong Chang,610403,หนองนางนวล,Nong Nang Nuan,61110
5154,ภาคกลาง,61,อุทัยธานี,Uthai Thani,6104,หนองฉาง,Nong Chang,610404,หนองสรวง,Nong Suang,61110
5155,ภาคกลาง,61,อุทัยธานี,Uthai Thani,6104,หนองฉาง,Nong Chang,610405,บ้านเก่า,Ban Kao,61110
5156,ภาคกลาง,61,อุทัยธานี,Uthai Thani,6104,หนองฉาง,Nong Chang,610406,อุทัยเก่า,Uthai Kao,61110
5157,ภาคกลาง,61,อุทัยธานี,Uthai Thani,6104,หนองฉาง,Nong Chang,610407,ทุ่งโพ,Thung Pho,61110
5158,ภาคกลาง,61,อุทัยธานี,Uthai Thani,6104,หนองฉาง,Nong Chang,610408,ทุ่งพง,Thung Phong,61110
5159,ภาคกลาง,61,อุทัยธานี,Uthai Thani,6104,หนองฉาง,Nong Chang,610409,เขาบางแกรก,Khao Bang Kraek,61170
5160,ภาคกลาง,61,อุทัยธานี,Uthai Thani,6104,หนองฉาง,Nong Chang,610410,เขากวางทอง,Khao Kwang Thong,61110
5161,ภาคกลาง,61,อุทัยธานี,Uthai Thani,6105,หนองขาหย่าง,Nong Khayang,610501,หนองขาหย่าง,Nong Kha Yang,61130
5162,ภาคกลาง,61,อุทัยธานี,Uthai Thani,6105,หนองขาหย่าง,Nong Khayang,610502,หนองไผ่,Nong Phai,61130
5163,ภาคกลาง,61,อุทัยธานี,Uthai Thani,6105,หนองขาหย่าง,Nong Khayang,610503,ดอนกลอย,Don Kloi,61130
5164,ภาคกลาง,61,อุทัยธานี,Uthai Thani,6105,หนองขาหย่าง,Nong Khayang,610504,ห้วยรอบ,Huai Rop,61130
5165,ภาคกลาง,61,อุทัยธานี,Uthai Thani,6105,หนองขาหย่าง,Nong Khayang,610505,ทุ่งพึ่ง,Thung Phueng,61130
5166,ภาคกลาง,61,อุทัยธานี,Uthai Thani,6105,หนองขาหย่าง,Nong Khayang,610506,ท่าโพ,Tha Pho,61130
5167,ภาคกลาง,61,อุทัยธานี,Uthai Thani,6105,หนองขาหย่าง,Nong Khayang,610507,หมกแถว,Mok Thaeo,61130
5168,ภาคกลาง,61,อุทัยธานี,Uthai Thani,6105,หนองขาหย่าง,Nong Khayang,610508,หลุมเข้า,Lum Khao,61130
5169,ภาคกลาง,61,อุทัยธานี,Uthai Thani,6105,หนองขาหย่าง,Nong Khayang,610509,ดงขวาง,Dong Khwang,61130
5170,ภาคกลาง,61,อุทัยธานี,Uthai Thani,6106,บ้านไร่,Ban Rai,610601,บ้านไร่,Ban Rai,61140
5171,ภาคกลาง,61,อุทัยธานี,Uthai Thani,6106,บ้านไร่,Ban Rai,610602,ทัพหลวง,Thap Luang,61140
5172,ภาคกลาง,61,อุทัยธานี,Uthai Thani,6106,บ้านไร่,Ban Rai,610603,ห้วยแห้ง,Huai Haeng,61140
5173,ภาคกลาง,61,อุทัยธานี,Uthai Thani,6106,บ้านไร่,Ban Rai,610604,คอกควาย,Khok Khwai,61140
5174,ภาคกลาง,61,อุทัยธานี,Uthai Thani,6106,บ้านไร่,Ban Rai,610605,วังหิน,Wang Hin,61180
5175,ภาคกลาง,61,อุทัยธานี,Uthai Thani,6106,บ้านไร่,Ban Rai,610606,เมืองการุ้ง,Mueang Karung,61180
5176,ภาคกลาง,61,อุทัยธานี,Uthai Thani,6106,บ้านไร่,Ban Rai,610607,แก่นมะกรูด,Kaen Makrut,61140
5177,ภาคกลาง,61,อุทัยธานี,Uthai Thani,6106,บ้านไร่,Ban Rai,610609,หนองจอก,Nong Chok,61180
5178,ภาคกลาง,61,อุทัยธานี,Uthai Thani,6106,บ้านไร่,Ban Rai,610610,หูช้าง,Hu Chang,61180
5179,ภาคกลาง,61,อุทัยธานี,Uthai Thani,6106,บ้านไร่,Ban Rai,610611,บ้านบึง,Ban Bueng,61140
5180,ภาคกลาง,61,อุทัยธานี,Uthai Thani,6106,บ้านไร่,Ban Rai,610612,บ้านใหม่คลองเคียน,Ban Mai Khlong Khian,61180
5181,ภาคกลาง,61,อุทัยธานี,Uthai Thani,6106,บ้านไร่,Ban Rai,610613,หนองบ่มกล้วย,Nong Bom Kluai,61180
5182,ภาคกลาง,61,อุทัยธานี,Uthai Thani,6106,บ้านไร่,Ban Rai,610614,เจ้าวัด,Chao Wat,61140
5183,ภาคกลาง,61,อุทัยธานี,Uthai Thani,6107,ลานสัก,Lan Sak,610701,ลานสัก,Lan Sak,61160
5184,ภาคกลาง,61,อุทัยธานี,Uthai Thani,6107,ลานสัก,Lan Sak,610702,ประดู่ยืน,Pradu Yuen,61160
5185,ภาคกลาง,61,อุทัยธานี,Uthai Thani,6107,ลานสัก,Lan Sak,610703,ป่าอ้อ,Pa O,61160
5186,ภาคกลาง,61,อุทัยธานี,Uthai Thani,6107,ลานสัก,Lan Sak,610704,ระบำ,Rabam,61160
5187,ภาคกลาง,61,อุทัยธานี,Uthai Thani,6107,ลานสัก,Lan Sak,610705,น้ำรอบ,Nam Rop,61160
5188,ภาคกลาง,61,อุทัยธานี,Uthai Thani,6107,ลานสัก,Lan Sak,610706,ทุ่งนางาม,Thung Na Ngam,61160
5189,ภาคกลาง,61,อุทัยธานี,Uthai Thani,6108,ห้วยคต,Huai Khot,610801,สุขฤทัย,Suk Ruethai,61170
5190,ภาคกลาง,61,อุทัยธานี,Uthai Thani,6108,ห้วยคต,Huai Khot,610802,ทองหลาง,Thong Lang,61170
5191,ภาคกลาง,61,อุทัยธานี,Uthai Thani,6108,ห้วยคต,Huai Khot,610803,ห้วยคต,Huai Khot,61170
5192,ภาคกลาง,62,กำแพงเพชร,Kamphaeng Phet,6201,เมืองกำแพงเพชร,Mueang Kamphaeng Phet,620101,ในเมือง,Nai Mueang,62000
5193,ภาคกลาง,62,กำแพงเพชร,Kamphaeng Phet,6201,เมืองกำแพงเพชร,Mueang Kamphaeng Phet,620102,ไตรตรึงษ์,Trai Trueng,62160
5194,ภาคกลาง,62,กำแพงเพชร,Kamphaeng Phet,6201,เมืองกำแพงเพชร,Mueang Kamphaeng Phet,620103,อ่างทอง,Ang Thong,62000
5195,ภาคกลาง,62,กำแพงเพชร,Kamphaeng Phet,6201,เมืองกำแพงเพชร,Mueang Kamphaeng Phet,620104,นาบ่อคำ,Na Bo Kham,62000
5196,ภาคกลาง,62,กำแพงเพชร,Kamphaeng Phet,6201,เมืองกำแพงเพชร,Mueang Kamphaeng Phet,620105,นครชุม,Nakhon Chum,62000
5197,ภาคกลาง,62,กำแพงเพชร,Kamphaeng Phet,6201,เมืองกำแพงเพชร,Mueang Kamphaeng Phet,620106,ทรงธรรม,Songtham,62000
5198,ภาคกลาง,62,กำแพงเพชร,Kamphaeng Phet,6201,เมืองกำแพงเพชร,Mueang Kamphaeng Phet,620107,ลานดอกไม้,Lan Dokmai,62000
5199,ภาคกลาง,62,กำแพงเพชร,Kamphaeng Phet,6201,เมืองกำแพงเพชร,Mueang Kamphaeng Phet,620110,หนองปลิง,Nong Pling,62000
5200,ภาคกลาง,62,กำแพงเพชร,Kamphaeng Phet,6201,เมืองกำแพงเพชร,Mueang Kamphaeng Phet,620111,คณฑี,Kon Ti,62000
5201,ภาคกลาง,62,กำแพงเพชร,Kamphaeng Phet,6201,เมืองกำแพงเพชร,Mueang Kamphaeng Phet,620112,นิคมทุ่งโพธิ์ทะเล,Nikhom Thung Pho Thale,62000
5202,ภาคกลาง,62,กำแพงเพชร,Kamphaeng Phet,6201,เมืองกำแพงเพชร,Mueang Kamphaeng Phet,620113,เทพนคร,Thep Nakhon,62000
5203,ภาคกลาง,62,กำแพงเพชร,Kamphaeng Phet,6201,เมืองกำแพงเพชร,Mueang Kamphaeng Phet,620114,วังทอง,Wang Thong,62000
5204,ภาคกลาง,62,กำแพงเพชร,Kamphaeng Phet,6201,เมืองกำแพงเพชร,Mueang Kamphaeng Phet,620115,ท่าขุนราม,Tha Khun Ram,62000
5205,ภาคกลาง,62,กำแพงเพชร,Kamphaeng Phet,6201,เมืองกำแพงเพชร,Mueang Kamphaeng Phet,620117,คลองแม่ลาย,Khlong Mae Lai,62000
5206,ภาคกลาง,62,กำแพงเพชร,Kamphaeng Phet,6201,เมืองกำแพงเพชร,Mueang Kamphaeng Phet,620118,ธำมรงค์,Thammarong,62160
5207,ภาคกลาง,62,กำแพงเพชร,Kamphaeng Phet,6201,เมืองกำแพงเพชร,Mueang Kamphaeng Phet,620119,สระแก้ว,Sa Kaeo,62000
5208,ภาคกลาง,62,กำแพงเพชร,Kamphaeng Phet,6202,ไทรงาม,Sai Ngam,620201,ไทรงาม,Sai Ngam,62150
5209,ภาคกลาง,62,กำแพงเพชร,Kamphaeng Phet,6202,ไทรงาม,Sai Ngam,620202,หนองคล้า,Nong Khla,62150
5210,ภาคกลาง,62,กำแพงเพชร,Kamphaeng Phet,6202,ไทรงาม,Sai Ngam,620203,หนองทอง,Nong Thong,62150
5211,ภาคกลาง,62,กำแพงเพชร,Kamphaeng Phet,6202,ไทรงาม,Sai Ngam,620204,หนองไม้กอง,Nong Mai Kong,62150
5212,ภาคกลาง,62,กำแพงเพชร,Kamphaeng Phet,6202,ไทรงาม,Sai Ngam,620205,มหาชัย,Mahachai,62150
5213,ภาคกลาง,62,กำแพงเพชร,Kamphaeng Phet,6202,ไทรงาม,Sai Ngam,620206,พานทอง,Phan Thong,62150
5214,ภาคกลาง,62,กำแพงเพชร,Kamphaeng Phet,6202,ไทรงาม,Sai Ngam,620207,หนองแม่แตง,Nong Mae Taeng,62150
5215,ภาคกลาง,62,กำแพงเพชร,Kamphaeng Phet,6203,คลองลาน,Khlong Lan,620301,คลองน้ำไหล,Khlong Nam Lai,62180
5216,ภาคกลาง,62,กำแพงเพชร,Kamphaeng Phet,6203,คลองลาน,Khlong Lan,620302,โป่งน้ำร้อน,Pong Nam Ron,62180
5217,ภาคกลาง,62,กำแพงเพชร,Kamphaeng Phet,6203,คลองลาน,Khlong Lan,620303,คลองลานพัฒนา,Khlong Lan Phatthana,62180
5218,ภาคกลาง,62,กำแพงเพชร,Kamphaeng Phet,6203,คลองลาน,Khlong Lan,620304,สักงาม,Sak Ngam,62180
5219,ภาคกลาง,62,กำแพงเพชร,Kamphaeng Phet,6204,ขาณุวรลักษบุรี,Khanu Woralaksaburi,620403,ยางสูง,Yang Sung,62130
5220,ภาคกลาง,62,กำแพงเพชร,Kamphaeng Phet,6204,ขาณุวรลักษบุรี,Khanu Woralaksaburi,620404,ป่าพุทรา,Pa Phutsa,62130
5221,ภาคกลาง,62,กำแพงเพชร,Kamphaeng Phet,6204,ขาณุวรลักษบุรี,Khanu Woralaksaburi,620405,แสนตอ,Saen To,62130
5222,ภาคกลาง,62,กำแพงเพชร,Kamphaeng Phet,6204,ขาณุวรลักษบุรี,Khanu Woralaksaburi,620406,สลกบาตร,Salok Bat,62140
5223,ภาคกลาง,62,กำแพงเพชร,Kamphaeng Phet,6204,ขาณุวรลักษบุรี,Khanu Woralaksaburi,620407,บ่อถ้ำ,Bo Tham,62140
5224,ภาคกลาง,62,กำแพงเพชร,Kamphaeng Phet,6204,ขาณุวรลักษบุรี,Khanu Woralaksaburi,620408,ดอนแตง,Don Taeng,62140
5225,ภาคกลาง,62,กำแพงเพชร,Kamphaeng Phet,6204,ขาณุวรลักษบุรี,Khanu Woralaksaburi,620409,วังชะพลู,Wang Chaphlu,62140
5226,ภาคกลาง,62,กำแพงเพชร,Kamphaeng Phet,6204,ขาณุวรลักษบุรี,Khanu Woralaksaburi,620410,โค้งไผ่,Khong Phai,62140
5227,ภาคกลาง,62,กำแพงเพชร,Kamphaeng Phet,6204,ขาณุวรลักษบุรี,Khanu Woralaksaburi,620411,ปางมะค่า,Pang Makha,62140
5228,ภาคกลาง,62,กำแพงเพชร,Kamphaeng Phet,6204,ขาณุวรลักษบุรี,Khanu Woralaksaburi,620412,วังหามแห,Wang Ham Hae,62140
5229,ภาคกลาง,62,กำแพงเพชร,Kamphaeng Phet,6204,ขาณุวรลักษบุรี,Khanu Woralaksaburi,620413,เกาะตาล,Ko Tan,62130
5230,ภาคกลาง,62,กำแพงเพชร,Kamphaeng Phet,6205,คลองขลุง,Khlong Khlung,620501,คลองขลุง,Khlong Khlung,62120
5231,ภาคกลาง,62,กำแพงเพชร,Kamphaeng Phet,6205,คลองขลุง,Khlong Khlung,620502,ท่ามะเขือ,Tha Makhuea,62120
5232,ภาคกลาง,62,กำแพงเพชร,Kamphaeng Phet,6205,คลองขลุง,Khlong Khlung,620504,ท่าพุทรา,Tha Phutsa,62120
5233,ภาคกลาง,62,กำแพงเพชร,Kamphaeng Phet,6205,คลองขลุง,Khlong Khlung,620505,แม่ลาด,Mae Lat,62120
5234,ภาคกลาง,62,กำแพงเพชร,Kamphaeng Phet,6205,คลองขลุง,Khlong Khlung,620506,วังยาง,Wang Yang,62120
5235,ภาคกลาง,62,กำแพงเพชร,Kamphaeng Phet,6205,คลองขลุง,Khlong Khlung,620507,วังแขม,Wang Khaem,62120
5236,ภาคกลาง,62,กำแพงเพชร,Kamphaeng Phet,6205,คลองขลุง,Khlong Khlung,620508,หัวถนน,Hua Thanon,62120
5237,ภาคกลาง,62,กำแพงเพชร,Kamphaeng Phet,6205,คลองขลุง,Khlong Khlung,620509,วังไทร,Wang Sai,62120
5238,ภาคกลาง,62,กำแพงเพชร,Kamphaeng Phet,6205,คลองขลุง,Khlong Khlung,620513,วังบัว,Wang Bua,62120
5239,ภาคกลาง,62,กำแพงเพชร,Kamphaeng Phet,6205,คลองขลุง,Khlong Khlung,620516,คลองสมบูรณ์,Khlong Sombun,62120
5240,ภาคกลาง,62,กำแพงเพชร,Kamphaeng Phet,6206,พรานกระต่าย,Phran Kratai,620601,พรานกระต่าย,Phran Kratai,62110
5241,ภาคกลาง,62,กำแพงเพชร,Kamphaeng Phet,6206,พรานกระต่าย,Phran Kratai,620602,หนองหัววัว,Nong Hua Wua,62110
5242,ภาคกลาง,62,กำแพงเพชร,Kamphaeng Phet,6206,พรานกระต่าย,Phran Kratai,620603,ท่าไม้,Tha Mai,62110
5243,ภาคกลาง,62,กำแพงเพชร,Kamphaeng Phet,6206,พรานกระต่าย,Phran Kratai,620604,วังควง,Wang Khuang,62110
5244,ภาคกลาง,62,กำแพงเพชร,Kamphaeng Phet,6206,พรานกระต่าย,Phran Kratai,620605,วังตะแบก,Wang Tabaek,62110
5245,ภาคกลาง,62,กำแพงเพชร,Kamphaeng Phet,6206,พรานกระต่าย,Phran Kratai,620606,เขาคีริส,Khao Khirit,62110
5246,ภาคกลาง,62,กำแพงเพชร,Kamphaeng Phet,6206,พรานกระต่าย,Phran Kratai,620607,คุยบ้านโอง,Khui Ban Ong,62110
5247,ภาคกลาง,62,กำแพงเพชร,Kamphaeng Phet,6206,พรานกระต่าย,Phran Kratai,620608,คลองพิไกร,Khlong Phikrai,62110
5248,ภาคกลาง,62,กำแพงเพชร,Kamphaeng Phet,6206,พรานกระต่าย,Phran Kratai,620609,ถ้ำกระต่ายทอง,Tham Kratai Thong,62110
5249,ภาคกลาง,62,กำแพงเพชร,Kamphaeng Phet,6206,พรานกระต่าย,Phran Kratai,620610,ห้วยยั้ง,Huai Yang,62110
5250,ภาคกลาง,62,กำแพงเพชร,Kamphaeng Phet,6207,ลานกระบือ,Lan Krabue,620701,ลานกระบือ,Lan Krabue,62170
5251,ภาคกลาง,62,กำแพงเพชร,Kamphaeng Phet,6207,ลานกระบือ,Lan Krabue,620702,ช่องลม,Chong Lom,62170
5252,ภาคกลาง,62,กำแพงเพชร,Kamphaeng Phet,6207,ลานกระบือ,Lan Krabue,620703,หนองหลวง,Nong Luang,62170
5253,ภาคกลาง,62,กำแพงเพชร,Kamphaeng Phet,6207,ลานกระบือ,Lan Krabue,620704,โนนพลวง,Non Phluang,62170
5254,ภาคกลาง,62,กำแพงเพชร,Kamphaeng Phet,6207,ลานกระบือ,Lan Krabue,620705,ประชาสุขสันต์,Pracha Suksan,62170
5255,ภาคกลาง,62,กำแพงเพชร,Kamphaeng Phet,6207,ลานกระบือ,Lan Krabue,620706,บึงทับแรต,Bueng Thap Raet,62170
5256,ภาคกลาง,62,กำแพงเพชร,Kamphaeng Phet,6207,ลานกระบือ,Lan Krabue,620707,จันทิมา,Chanthima,62170
5257,ภาคกลาง,62,กำแพงเพชร,Kamphaeng Phet,6208,ทรายทองวัฒนา,Sai Thong Watthana,620801,ทุ่งทราย,Thung Sai,62190
5258,ภาคกลาง,62,กำแพงเพชร,Kamphaeng Phet,6208,ทรายทองวัฒนา,Sai Thong Watthana,620802,ทุ่งทอง,Thung Thong,62190
5259,ภาคกลาง,62,กำแพงเพชร,Kamphaeng Phet,6208,ทรายทองวัฒนา,Sai Thong Watthana,620803,ถาวรวัฒนา,Thawon Watthana,62190
5260,ภาคกลาง,62,กำแพงเพชร,Kamphaeng Phet,6209,ปางศิลาทอง,Pang Sila Thong,620901,โพธิ์ทอง,Pho Thong,62120
5261,ภาคกลาง,62,กำแพงเพชร,Kamphaeng Phet,6209,ปางศิลาทอง,Pang Sila Thong,620902,หินดาต,Hin Dat,62120
5262,ภาคกลาง,62,กำแพงเพชร,Kamphaeng Phet,6209,ปางศิลาทอง,Pang Sila Thong,620903,ปางตาไว,Pang Ta Wai,62120
5263,ภาคกลาง,62,กำแพงเพชร,Kamphaeng Phet,6210,บึงสามัคคี,Bueng Samakkhi,621001,บึงสามัคคี,Bueng Samakkhi,62210
5264,ภาคกลาง,62,กำแพงเพชร,Kamphaeng Phet,6210,บึงสามัคคี,Bueng Samakkhi,621002,วังชะโอน,Wang Cha-On,62210
5265,ภาคกลาง,62,กำแพงเพชร,Kamphaeng Phet,6210,บึงสามัคคี,Bueng Samakkhi,621003,ระหาน,Rahan,62210
5266,ภาคกลาง,62,กำแพงเพชร,Kamphaeng Phet,6210,บึงสามัคคี,Bueng Samakkhi,621004,เทพนิมิต,Thep Nimit,62210
5267,ภาคกลาง,62,กำแพงเพชร,Kamphaeng Phet,6211,โกสัมพีนคร,Kosamphi Nakhon,621101,โกสัมพี,Kosamphi,62000
5268,ภาคกลาง,62,กำแพงเพชร,Kamphaeng Phet,6211,โกสัมพีนคร,Kosamphi Nakhon,621102,เพชรชมภู,Phet Chomphu,62000
5269,ภาคกลาง,62,กำแพงเพชร,Kamphaeng Phet,6211,โกสัมพีนคร,Kosamphi Nakhon,621103,ลานดอกไม้ตก,Lan Dokmai Tok,62000
5270,ภาคตะวันตก,63,ตาก,Tak,6301,เมืองตาก,Mueang Tak,630101,ระแหง,Rahaeng,63000
5271,ภาคตะวันตก,63,ตาก,Tak,6301,เมืองตาก,Mueang Tak,630102,หนองหลวง,Nong Luang,63000
5272,ภาคตะวันตก,63,ตาก,Tak,6301,เมืองตาก,Mueang Tak,630103,เชียงเงิน,Chiang Ngoen,63000
5273,ภาคตะวันตก,63,ตาก,Tak,6301,เมืองตาก,Mueang Tak,630104,หัวเดียด,Hua Diat,63000
5274,ภาคตะวันตก,63,ตาก,Tak,6301,เมืองตาก,Mueang Tak,630105,หนองบัวเหนือ,Nong Bua Nuea,63000
5275,ภาคตะวันตก,63,ตาก,Tak,6301,เมืองตาก,Mueang Tak,630106,ไม้งาม,Mai Ngam,63000
5276,ภาคตะวันตก,63,ตาก,Tak,6301,เมืองตาก,Mueang Tak,630107,โป่งแดง,Pong Daeng,63000
5277,ภาคตะวันตก,63,ตาก,Tak,6301,เมืองตาก,Mueang Tak,630108,น้ำรึม,Nam Ruem,63000
5278,ภาคตะวันตก,63,ตาก,Tak,6301,เมืองตาก,Mueang Tak,630109,วังหิน,Wang Hin,63000
5279,ภาคตะวันตก,63,ตาก,Tak,6301,เมืองตาก,Mueang Tak,630111,แม่ท้อ,Mae Tho,63000
5280,ภาคตะวันตก,63,ตาก,Tak,6301,เมืองตาก,Mueang Tak,630112,ป่ามะม่วง,Pa Mamuang,63000
5281,ภาคตะวันตก,63,ตาก,Tak,6301,เมืองตาก,Mueang Tak,630113,หนองบัวใต้,Nong Bua Tai,63000
5282,ภาคตะวันตก,63,ตาก,Tak,6301,เมืองตาก,Mueang Tak,630114,วังประจบ,Wang Prachop,63000
5283,ภาคตะวันตก,63,ตาก,Tak,6301,เมืองตาก,Mueang Tak,630115,ตลุกกลางทุ่ง,Taluk Klang Thung,63000
5284,ภาคตะวันตก,63,ตาก,Tak,6302,บ้านตาก,Ban Tak,630201,ตากออก,Tak Ok,63120
5285,ภาคตะวันตก,63,ตาก,Tak,6302,บ้านตาก,Ban Tak,630202,สมอโคน,Samo Khon,63120
5286,ภาคตะวันตก,63,ตาก,Tak,6302,บ้านตาก,Ban Tak,630203,แม่สลิด,Mae Salit,63120
5287,ภาคตะวันตก,63,ตาก,Tak,6302,บ้านตาก,Ban Tak,630204,ตากตก,Tak Tok,63120
5288,ภาคตะวันตก,63,ตาก,Tak,6302,บ้านตาก,Ban Tak,630205,เกาะตะเภา,Ko Taphao,63120
5289,ภาคตะวันตก,63,ตาก,Tak,6302,บ้านตาก,Ban Tak,630206,ทุ่งกระเชาะ,Thung Kracho,63120
5290,ภาคตะวันตก,63,ตาก,Tak,6302,บ้านตาก,Ban Tak,630207,ท้องฟ้า,Thong Fa,63120
5291,ภาคตะวันตก,63,ตาก,Tak,6303,สามเงา,Sam Ngao,630301,สามเงา,Sam Ngao,63130
5292,ภาคตะวันตก,63,ตาก,Tak,6303,สามเงา,Sam Ngao,630302,วังหมัน,Wang Man,63130
5293,ภาคตะวันตก,63,ตาก,Tak,6303,สามเงา,Sam Ngao,630303,ยกกระบัตร,Yok Krabat,63130
5294,ภาคตะวันตก,63,ตาก,Tak,6303,สามเงา,Sam Ngao,630304,ย่านรี,Yan Ri,63130
5295,ภาคตะวันตก,63,ตาก,Tak,6303,สามเงา,Sam Ngao,630305,บ้านนา,Ban Na,63130
5296,ภาคตะวันตก,63,ตาก,Tak,6303,สามเงา,Sam Ngao,630306,วังจันทร์,Wang Chan,63130
5297,ภาคตะวันตก,63,ตาก,Tak,6304,แม่ระมาด,Mae Ramat,630401,แม่ระมาด,Mae Ramat,63140
5298,ภาคตะวันตก,63,ตาก,Tak,6304,แม่ระมาด,Mae Ramat,630402,แม่จะเรา,Mae Charao,63140
5299,ภาคตะวันตก,63,ตาก,Tak,6304,แม่ระมาด,Mae Ramat,630403,ขะเนจื้อ,Khane Chue,63140
5300,ภาคตะวันตก,63,ตาก,Tak,6304,แม่ระมาด,Mae Ramat,630404,แม่ตื่น,Mae Tuen,63140
5301,ภาคตะวันตก,63,ตาก,Tak,6304,แม่ระมาด,Mae Ramat,630405,สามหมื่น,Sam Muen,63140
5302,ภาคตะวันตก,63,ตาก,Tak,6304,แม่ระมาด,Mae Ramat,630406,พระธาตุ,Phrathat,63140
5303,ภาคตะวันตก,63,ตาก,Tak,6305,ท่าสองยาง,Tha Song Yang,630501,ท่าสองยาง,Tha Song Yang,63150
5304,ภาคตะวันตก,63,ตาก,Tak,6305,ท่าสองยาง,Tha Song Yang,630502,แม่ต้าน,Mae Tan,63150
5305,ภาคตะวันตก,63,ตาก,Tak,6305,ท่าสองยาง,Tha Song Yang,630503,แม่สอง,Mae Song,63150
5306,ภาคตะวันตก,63,ตาก,Tak,6305,ท่าสองยาง,Tha Song Yang,630504,แม่หละ,Mae La,63150
5307,ภาคตะวันตก,63,ตาก,Tak,6305,ท่าสองยาง,Tha Song Yang,630505,แม่วะหลวง,Mae Wa Luang,63150
5308,ภาคตะวันตก,63,ตาก,Tak,6305,ท่าสองยาง,Tha Song Yang,630506,แม่อุสุ,Mae Usu,63150
5309,ภาคตะวันตก,63,ตาก,Tak,6306,แม่สอด,Mae Sot,630601,แม่สอด,Mae Sot,63110
5310,ภาคตะวันตก,63,ตาก,Tak,6306,แม่สอด,Mae Sot,630602,แม่กุ,Mae Ku,63110
5311,ภาคตะวันตก,63,ตาก,Tak,6306,แม่สอด,Mae Sot,630603,พะวอ,Phawo,63110
5312,ภาคตะวันตก,63,ตาก,Tak,6306,แม่สอด,Mae Sot,630604,แม่ตาว,Mae Tao,63110
5313,ภาคตะวันตก,63,ตาก,Tak,6306,แม่สอด,Mae Sot,630605,แม่กาษา,Mae Kasa,63110
5314,ภาคตะวันตก,63,ตาก,Tak,6306,แม่สอด,Mae Sot,630606,ท่าสายลวด,Tha Sai Luat,63110
5315,ภาคตะวันตก,63,ตาก,Tak,6306,แม่สอด,Mae Sot,630607,แม่ปะ,Mae Pa,63110
5316,ภาคตะวันตก,63,ตาก,Tak,6306,แม่สอด,Mae Sot,630608,มหาวัน,Mahawan,63110
5317,ภาคตะวันตก,63,ตาก,Tak,6306,แม่สอด,Mae Sot,630609,ด่านแม่ละเมา,Dan Mae Lamao,63110
5318,ภาคตะวันตก,63,ตาก,Tak,6306,แม่สอด,Mae Sot,630610,พระธาตุผาแดง,Phrathat Pha Daeng,63110
5319,ภาคตะวันตก,63,ตาก,Tak,6307,พบพระ,Phop Phra,630701,พบพระ,Phop Phra,63160
5320,ภาคตะวันตก,63,ตาก,Tak,6307,พบพระ,Phop Phra,630702,ช่องแคบ,Chong Khaep,63160
5321,ภาคตะวันตก,63,ตาก,Tak,6307,พบพระ,Phop Phra,630703,คีรีราษฎร์,Khiri Rat,63160
5322,ภาคตะวันตก,63,ตาก,Tak,6307,พบพระ,Phop Phra,630704,วาเล่ย์,Wale,63160
5323,ภาคตะวันตก,63,ตาก,Tak,6307,พบพระ,Phop Phra,630705,รวมไทยพัฒนา,Ruam Thai Phatthana,63160
5324,ภาคตะวันตก,63,ตาก,Tak,6308,อุ้มผาง,Um Phang,630801,อุ้มผาง,Um Phang,63170
5325,ภาคตะวันตก,63,ตาก,Tak,6308,อุ้มผาง,Um Phang,630802,หนองหลวง,Nong Luang,63170
5326,ภาคตะวันตก,63,ตาก,Tak,6308,อุ้มผาง,Um Phang,630803,โมโกร,Mo Kro,63170
5327,ภาคตะวันตก,63,ตาก,Tak,6308,อุ้มผาง,Um Phang,630804,แม่จัน,Mae Chan,63170
5328,ภาคตะวันตก,63,ตาก,Tak,6308,อุ้มผาง,Um Phang,630805,แม่ละมุ้ง,Mae Lamung,63170
5329,ภาคตะวันตก,63,ตาก,Tak,6308,อุ้มผาง,Um Phang,630806,แม่กลอง,Mae Klong,63170
5330,ภาคตะวันตก,63,ตาก,Tak,6309,วังเจ้า,Wang Chao,630901,เชียงทอง,Chiang Thong,63000
5331,ภาคตะวันตก,63,ตาก,Tak,6309,วังเจ้า,Wang Chao,630902,นาโบสถ์,Na Bot,63000
5332,ภาคตะวันตก,63,ตาก,Tak,6309,วังเจ้า,Wang Chao,630903,ประดาง,Pradang,63000
5333,ภาคกลาง,64,สุโขทัย,Sukhothai,6401,เมืองสุโขทัย,Mueang Sukhothai,640101,ธานี,Thani,64000
5334,ภาคกลาง,64,สุโขทัย,Sukhothai,6401,เมืองสุโขทัย,Mueang Sukhothai,640102,บ้านสวน,Ban Suan,64220
5335,ภาคกลาง,64,สุโขทัย,Sukhothai,6401,เมืองสุโขทัย,Mueang Sukhothai,640103,เมืองเก่า,Mueang Kao,64210
5336,ภาคกลาง,64,สุโขทัย,Sukhothai,6401,เมืองสุโขทัย,Mueang Sukhothai,640104,ปากแคว,Pak Khwae,64000
5337,ภาคกลาง,64,สุโขทัย,Sukhothai,6401,เมืองสุโขทัย,Mueang Sukhothai,640105,ยางซ้าย,Yang Sai,64000
5338,ภาคกลาง,64,สุโขทัย,Sukhothai,6401,เมืองสุโขทัย,Mueang Sukhothai,640106,บ้านกล้วย,Ban Kluai,64000
5339,ภาคกลาง,64,สุโขทัย,Sukhothai,6401,เมืองสุโขทัย,Mueang Sukhothai,640107,บ้านหลุม,Ban Lum,64000
5340,ภาคกลาง,64,สุโขทัย,Sukhothai,6401,เมืองสุโขทัย,Mueang Sukhothai,640108,ตาลเตี้ย,Tan Tia,64220
5341,ภาคกลาง,64,สุโขทัย,Sukhothai,6401,เมืองสุโขทัย,Mueang Sukhothai,640109,ปากพระ,Pak Phra,64000
5342,ภาคกลาง,64,สุโขทัย,Sukhothai,6401,เมืองสุโขทัย,Mueang Sukhothai,640110,วังทองแดง,Wang Thong Daeng,64210
5343,ภาคกลาง,64,สุโขทัย,Sukhothai,6402,บ้านด่านลานหอย,Ban Dan Lan Hoi,640201,ลานหอย,Lan Hoi,64140
5344,ภาคกลาง,64,สุโขทัย,Sukhothai,6402,บ้านด่านลานหอย,Ban Dan Lan Hoi,640202,บ้านด่าน,Ban Dan,64140
5345,ภาคกลาง,64,สุโขทัย,Sukhothai,6402,บ้านด่านลานหอย,Ban Dan Lan Hoi,640203,วังตะคร้อ,Wang Takhro,64140
5346,ภาคกลาง,64,สุโขทัย,Sukhothai,6402,บ้านด่านลานหอย,Ban Dan Lan Hoi,640204,วังน้ำขาว,Wang Nam Khao,64140
5347,ภาคกลาง,64,สุโขทัย,Sukhothai,6402,บ้านด่านลานหอย,Ban Dan Lan Hoi,640205,ตลิ่งชัน,Taling Chan,64140
5348,ภาคกลาง,64,สุโขทัย,Sukhothai,6402,บ้านด่านลานหอย,Ban Dan Lan Hoi,640206,หนองหญ้าปล้อง,Nong Ya Plong,64140
5349,ภาคกลาง,64,สุโขทัย,Sukhothai,6402,บ้านด่านลานหอย,Ban Dan Lan Hoi,640207,วังลึก,Wang Luek,64140
5350,ภาคกลาง,64,สุโขทัย,Sukhothai,6403,คีรีมาศ,Khiri Mat,640301,โตนด,Tanot,64160
5351,ภาคกลาง,64,สุโขทัย,Sukhothai,6403,คีรีมาศ,Khiri Mat,640302,ทุ่งหลวง,Thung Luang,64160
5352,ภาคกลาง,64,สุโขทัย,Sukhothai,6403,คีรีมาศ,Khiri Mat,640303,บ้านป้อม,Ban Pom,64160
5353,ภาคกลาง,64,สุโขทัย,Sukhothai,6403,คีรีมาศ,Khiri Mat,640304,สามพวง,Sam Phuang,64160
5354,ภาคกลาง,64,สุโขทัย,Sukhothai,6403,คีรีมาศ,Khiri Mat,640305,ศรีคีรีมาศ,Si Khiri Mat,64160
5355,ภาคกลาง,64,สุโขทัย,Sukhothai,6403,คีรีมาศ,Khiri Mat,640306,หนองจิก,Nong Chik,64160
5356,ภาคกลาง,64,สุโขทัย,Sukhothai,6403,คีรีมาศ,Khiri Mat,640307,นาเชิงคีรี,Na Choeng Khiri,64160
5357,ภาคกลาง,64,สุโขทัย,Sukhothai,6403,คีรีมาศ,Khiri Mat,640308,หนองกระดิ่ง,Nong Krading,64160
5358,ภาคกลาง,64,สุโขทัย,Sukhothai,6403,คีรีมาศ,Khiri Mat,640309,บ้านน้ำพุ,Ban Namphu,64160
5359,ภาคกลาง,64,สุโขทัย,Sukhothai,6403,คีรีมาศ,Khiri Mat,640310,ทุ่งยางเมือง,Thung Yang Mueang,64160
5360,ภาคกลาง,64,สุโขทัย,Sukhothai,6404,กงไกรลาศ,Kong Krailat,640401,กง,Kong,64170
5361,ภาคกลาง,64,สุโขทัย,Sukhothai,6404,กงไกรลาศ,Kong Krailat,640402,บ้านกร่าง,Ban Krang,64170
5362,ภาคกลาง,64,สุโขทัย,Sukhothai,6404,กงไกรลาศ,Kong Krailat,640403,ไกรนอก,Krai Nok,64170
5363,ภาคกลาง,64,สุโขทัย,Sukhothai,6404,กงไกรลาศ,Kong Krailat,640404,ไกรกลาง,Krai Klang,64170
5364,ภาคกลาง,64,สุโขทัย,Sukhothai,6404,กงไกรลาศ,Kong Krailat,640405,ไกรใน,Krai Nai,64170
5365,ภาคกลาง,64,สุโขทัย,Sukhothai,6404,กงไกรลาศ,Kong Krailat,640406,ดงเดือย,Dong Dueai,64170
5366,ภาคกลาง,64,สุโขทัย,Sukhothai,6404,กงไกรลาศ,Kong Krailat,640407,ป่าแฝก,Pa Faek,64170
5367,ภาคกลาง,64,สุโขทัย,Sukhothai,6404,กงไกรลาศ,Kong Krailat,640408,กกแรต,Kok Raet,64170
5368,ภาคกลาง,64,สุโขทัย,Sukhothai,6404,กงไกรลาศ,Kong Krailat,640409,ท่าฉนวน,Tha Chanuan,64170
5369,ภาคกลาง,64,สุโขทัย,Sukhothai,6404,กงไกรลาศ,Kong Krailat,640410,หนองตูม,Nong Tum,64170
5370,ภาคกลาง,64,สุโขทัย,Sukhothai,6404,กงไกรลาศ,Kong Krailat,640411,บ้านใหม่สุขเกษม,Ban Mai Suk Kasem,64170
5371,ภาคกลาง,64,สุโขทัย,Sukhothai,6405,ศรีสัชนาลัย,Si Satchanalai,640501,หาดเสี้ยว,Hat Siao,64130
5372,ภาคกลาง,64,สุโขทัย,Sukhothai,6405,ศรีสัชนาลัย,Si Satchanalai,640502,ป่างิ้ว,Pa Ngio,64130
5373,ภาคกลาง,64,สุโขทัย,Sukhothai,6405,ศรีสัชนาลัย,Si Satchanalai,640503,แม่สำ,Mae Sam,64130
5374,ภาคกลาง,64,สุโขทัย,Sukhothai,6405,ศรีสัชนาลัย,Si Satchanalai,640504,แม่สิน,Mae Sin,64130
5375,ภาคกลาง,64,สุโขทัย,Sukhothai,6405,ศรีสัชนาลัย,Si Satchanalai,640505,บ้านตึก,Ban Tuek,64130
5376,ภาคกลาง,64,สุโขทัย,Sukhothai,6405,ศรีสัชนาลัย,Si Satchanalai,640506,หนองอ้อ,Nong O,64130
5377,ภาคกลาง,64,สุโขทัย,Sukhothai,6405,ศรีสัชนาลัย,Si Satchanalai,640507,ท่าชัย,Tha Chai,64190
5378,ภาคกลาง,64,สุโขทัย,Sukhothai,6405,ศรีสัชนาลัย,Si Satchanalai,640508,ศรีสัชนาลัย,Si Satchanalai,64190
5379,ภาคกลาง,64,สุโขทัย,Sukhothai,6405,ศรีสัชนาลัย,Si Satchanalai,640509,ดงคู่,Dong Khu,64130
5380,ภาคกลาง,64,สุโขทัย,Sukhothai,6405,ศรีสัชนาลัย,Si Satchanalai,640510,บ้านแก่ง,Ban Kaeng,64130
5381,ภาคกลาง,64,สุโขทัย,Sukhothai,6405,ศรีสัชนาลัย,Si Satchanalai,640511,สารจิตร,Sarachit,64130
5382,ภาคกลาง,64,สุโขทัย,Sukhothai,6406,ศรีสำโรง,Si Samrong,640601,คลองตาล,Khlong Tan,64120
5383,ภาคกลาง,64,สุโขทัย,Sukhothai,6406,ศรีสำโรง,Si Samrong,640602,วังลึก,Wang Luek,64120
5384,ภาคกลาง,64,สุโขทัย,Sukhothai,6406,ศรีสำโรง,Si Samrong,640603,สามเรือน,Sam Ruean,64120
5385,ภาคกลาง,64,สุโขทัย,Sukhothai,6406,ศรีสำโรง,Si Samrong,640604,บ้านนา,Ban Na,64120
5386,ภาคกลาง,64,สุโขทัย,Sukhothai,6406,ศรีสำโรง,Si Samrong,640605,วังทอง,Wang Thong,64120
5387,ภาคกลาง,64,สุโขทัย,Sukhothai,6406,ศรีสำโรง,Si Samrong,640606,นาขุนไกร,Na Khun Krai,64120
5388,ภาคกลาง,64,สุโขทัย,Sukhothai,6406,ศรีสำโรง,Si Samrong,640607,เกาะตาเลี้ยง,Ko Ta Liang,64120
5389,ภาคกลาง,64,สุโขทัย,Sukhothai,6406,ศรีสำโรง,Si Samrong,640608,วัดเกาะ,Wat Ko,64120
5390,ภาคกลาง,64,สุโขทัย,Sukhothai,6406,ศรีสำโรง,Si Samrong,640609,บ้านไร่,Ban Rai,64120
5391,ภาคกลาง,64,สุโขทัย,Sukhothai,6406,ศรีสำโรง,Si Samrong,640610,ทับผึ้ง,Thap Phueng,64120
5392,ภาคกลาง,64,สุโขทัย,Sukhothai,6406,ศรีสำโรง,Si Samrong,640611,บ้านซ่าน,Ban San,64120
5393,ภาคกลาง,64,สุโขทัย,Sukhothai,6406,ศรีสำโรง,Si Samrong,640612,วังใหญ่,Wang Yai,64120
5394,ภาคกลาง,64,สุโขทัย,Sukhothai,6406,ศรีสำโรง,Si Samrong,640613,ราวต้นจันทร์,Rao Ton Chan,64120
5395,ภาคกลาง,64,สุโขทัย,Sukhothai,6407,สวรรคโลก,Sawankhalok,640701,เมืองสวรรคโลก,Mueang Sawankhalok,64110
5396,ภาคกลาง,64,สุโขทัย,Sukhothai,6407,สวรรคโลก,Sawankhalok,640702,ในเมือง,Nai Mueang,64110
5397,ภาคกลาง,64,สุโขทัย,Sukhothai,6407,สวรรคโลก,Sawankhalok,640703,คลองกระจง,Khlong Krachong,64110
5398,ภาคกลาง,64,สุโขทัย,Sukhothai,6407,สวรรคโลก,Sawankhalok,640704,วังพิณพาทย์,Wang Phin Phat,64110
5399,ภาคกลาง,64,สุโขทัย,Sukhothai,6407,สวรรคโลก,Sawankhalok,640705,วังไม้ขอน,Wang Mai Khon,64110
5400,ภาคกลาง,64,สุโขทัย,Sukhothai,6407,สวรรคโลก,Sawankhalok,640706,ย่านยาว,Yan Yao,64110
5401,ภาคกลาง,64,สุโขทัย,Sukhothai,6407,สวรรคโลก,Sawankhalok,640707,นาทุ่ง,Na Thung,64110
5402,ภาคกลาง,64,สุโขทัย,Sukhothai,6407,สวรรคโลก,Sawankhalok,640708,คลองยาง,Khlong Yang,64110
5403,ภาคกลาง,64,สุโขทัย,Sukhothai,6407,สวรรคโลก,Sawankhalok,640709,เมืองบางยม,Mueang Bang Yom,64110
5404,ภาคกลาง,64,สุโขทัย,Sukhothai,6407,สวรรคโลก,Sawankhalok,640710,ท่าทอง,Tha Thong,64110
5405,ภาคกลาง,64,สุโขทัย,Sukhothai,6407,สวรรคโลก,Sawankhalok,640711,ปากน้ำ,Pak Nam,64110
5406,ภาคกลาง,64,สุโขทัย,Sukhothai,6407,สวรรคโลก,Sawankhalok,640712,ป่ากุมเกาะ,Pa Kum Ko,64110
5407,ภาคกลาง,64,สุโขทัย,Sukhothai,6407,สวรรคโลก,Sawankhalok,640713,เมืองบางขลัง,Mueang Bang Khlang,64110
5408,ภาคกลาง,64,สุโขทัย,Sukhothai,6407,สวรรคโลก,Sawankhalok,640714,หนองกลับ,Nong Klap,64110
5409,ภาคกลาง,64,สุโขทัย,Sukhothai,6408,ศรีนคร,Si Nakhon,640801,ศรีนคร,Si Nakhon,64180
5410,ภาคกลาง,64,สุโขทัย,Sukhothai,6408,ศรีนคร,Si Nakhon,640802,นครเดิฐ,Nakhon Doet,64180
5411,ภาคกลาง,64,สุโขทัย,Sukhothai,6408,ศรีนคร,Si Nakhon,640803,น้ำขุม,Nam Khum,64180
5412,ภาคกลาง,64,สุโขทัย,Sukhothai,6408,ศรีนคร,Si Nakhon,640804,คลองมะพลับ,Khlong Maphlap,64180
5413,ภาคกลาง,64,สุโขทัย,Sukhothai,6408,ศรีนคร,Si Nakhon,640805,หนองบัว,Nong Bua,64180
5414,ภาคกลาง,64,สุโขทัย,Sukhothai,6409,ทุ่งเสลี่ยม,Thung Saliam,640901,บ้านใหม่ไชยมงคล,Ban Mai Chai Mongkhon,64230
5415,ภาคกลาง,64,สุโขทัย,Sukhothai,6409,ทุ่งเสลี่ยม,Thung Saliam,640902,ไทยชนะศึก,Thai Chana Suek,64150
5416,ภาคกลาง,64,สุโขทัย,Sukhothai,6409,ทุ่งเสลี่ยม,Thung Saliam,640903,ทุ่งเสลี่ยม,Thung Saliam,64150
5417,ภาคกลาง,64,สุโขทัย,Sukhothai,6409,ทุ่งเสลี่ยม,Thung Saliam,640904,กลางดง,Klang Dong,64150
5418,ภาคกลาง,64,สุโขทัย,Sukhothai,6409,ทุ่งเสลี่ยม,Thung Saliam,640905,เขาแก้วศรีสมบูรณ์,Khao Kaeo Si Sombun,64230
5419,ภาคกลาง,65,พิษณุโลก,Phitsanulok,6501,เมืองพิษณุโลก,Mueang Phitsanulok,650101,ในเมือง,Nai Mueang,65000
5420,ภาคกลาง,65,พิษณุโลก,Phitsanulok,6501,เมืองพิษณุโลก,Mueang Phitsanulok,650102,วังน้ำคู้,Wang Nam Khu,65230
5421,ภาคกลาง,65,พิษณุโลก,Phitsanulok,6501,เมืองพิษณุโลก,Mueang Phitsanulok,650103,วัดจันทร์,Wat Chan,65000
5422,ภาคกลาง,65,พิษณุโลก,Phitsanulok,6501,เมืองพิษณุโลก,Mueang Phitsanulok,650104,วัดพริก,Wat Phrik,65230
5423,ภาคกลาง,65,พิษณุโลก,Phitsanulok,6501,เมืองพิษณุโลก,Mueang Phitsanulok,650105,ท่าทอง,Tha Thong,65000
5424,ภาคกลาง,65,พิษณุโลก,Phitsanulok,6501,เมืองพิษณุโลก,Mueang Phitsanulok,650106,ท่าโพธิ์,Tha Pho,65000
5425,ภาคกลาง,65,พิษณุโลก,Phitsanulok,6501,เมืองพิษณุโลก,Mueang Phitsanulok,650107,สมอแข,Samo Khae,65000
5426,ภาคกลาง,65,พิษณุโลก,Phitsanulok,6501,เมืองพิษณุโลก,Mueang Phitsanulok,650108,ดอนทอง,Don Thong,65000
5427,ภาคกลาง,65,พิษณุโลก,Phitsanulok,6501,เมืองพิษณุโลก,Mueang Phitsanulok,650109,บ้านป่า,Ban Pa,65000
5428,ภาคกลาง,65,พิษณุโลก,Phitsanulok,6501,เมืองพิษณุโลก,Mueang Phitsanulok,650110,ปากโทก,Pak Thok,65000
5429,ภาคกลาง,65,พิษณุโลก,Phitsanulok,6501,เมืองพิษณุโลก,Mueang Phitsanulok,650111,หัวรอ,Hua Ro,65000
5430,ภาคกลาง,65,พิษณุโลก,Phitsanulok,6501,เมืองพิษณุโลก,Mueang Phitsanulok,650112,จอมทอง,Chom Thong,65000
5431,ภาคกลาง,65,พิษณุโลก,Phitsanulok,6501,เมืองพิษณุโลก,Mueang Phitsanulok,650113,บ้านกร่าง,Ban Krang,65000
5432,ภาคกลาง,65,พิษณุโลก,Phitsanulok,6501,เมืองพิษณุโลก,Mueang Phitsanulok,650114,บ้านคลอง,Ban Khlong,65000
5433,ภาคกลาง,65,พิษณุโลก,Phitsanulok,6501,เมืองพิษณุโลก,Mueang Phitsanulok,650115,พลายชุมพล,Phlai Chumphon,65000
5434,ภาคกลาง,65,พิษณุโลก,Phitsanulok,6501,เมืองพิษณุโลก,Mueang Phitsanulok,650116,มะขามสูง,Makham Sung,65000
5435,ภาคกลาง,65,พิษณุโลก,Phitsanulok,6501,เมืองพิษณุโลก,Mueang Phitsanulok,650117,อรัญญิก,Aranyik,65000
5436,ภาคกลาง,65,พิษณุโลก,Phitsanulok,6501,เมืองพิษณุโลก,Mueang Phitsanulok,650118,บึงพระ,Bueng Phra,65000
5437,ภาคกลาง,65,พิษณุโลก,Phitsanulok,6501,เมืองพิษณุโลก,Mueang Phitsanulok,650119,ไผ่ขอดอน,Phai Kho Don,65000
5438,ภาคกลาง,65,พิษณุโลก,Phitsanulok,6501,เมืองพิษณุโลก,Mueang Phitsanulok,650120,งิ้วงาม,Ngio Ngam,65230
5439,ภาคกลาง,65,พิษณุโลก,Phitsanulok,6502,นครไทย,Nakhon Thai,650201,นครไทย,Nakhon Thai,65120
5440,ภาคกลาง,65,พิษณุโลก,Phitsanulok,6502,นครไทย,Nakhon Thai,650202,หนองกะท้าว,Nong Kathao,65120
5441,ภาคกลาง,65,พิษณุโลก,Phitsanulok,6502,นครไทย,Nakhon Thai,650203,บ้านแยง,Ban Yaeng,65120
5442,ภาคกลาง,65,พิษณุโลก,Phitsanulok,6502,นครไทย,Nakhon Thai,650204,เนินเพิ่ม,Noen Phoem,65120
5443,ภาคกลาง,65,พิษณุโลก,Phitsanulok,6502,นครไทย,Nakhon Thai,650205,นาบัว,Na Bua,65120
5444,ภาคกลาง,65,พิษณุโลก,Phitsanulok,6502,นครไทย,Nakhon Thai,650206,นครชุม,Nakhon Chum,65120
5445,ภาคกลาง,65,พิษณุโลก,Phitsanulok,6502,นครไทย,Nakhon Thai,650207,น้ำกุ่ม,Nam Kum,65120
5446,ภาคกลาง,65,พิษณุโลก,Phitsanulok,6502,นครไทย,Nakhon Thai,650208,ยางโกลน,Yang Klon,65120
5447,ภาคกลาง,65,พิษณุโลก,Phitsanulok,6502,นครไทย,Nakhon Thai,650209,บ่อโพธิ์,Bo Pho,65120
5448,ภาคกลาง,65,พิษณุโลก,Phitsanulok,6502,นครไทย,Nakhon Thai,650210,บ้านพร้าว,Ban Phrao,65120
5449,ภาคกลาง,65,พิษณุโลก,Phitsanulok,6502,นครไทย,Nakhon Thai,650211,ห้วยเฮี้ย,Huai Hia,65120
5450,ภาคกลาง,65,พิษณุโลก,Phitsanulok,6503,ชาติตระการ,Chat Trakan,650301,ป่าแดง,Pa Daeng,65170
5451,ภาคกลาง,65,พิษณุโลก,Phitsanulok,6503,ชาติตระการ,Chat Trakan,650302,ชาติตระการ,Chat Trakan,65170
5452,ภาคกลาง,65,พิษณุโลก,Phitsanulok,6503,ชาติตระการ,Chat Trakan,650303,สวนเมี่ยง,Suan Miang,65170
5453,ภาคกลาง,65,พิษณุโลก,Phitsanulok,6503,ชาติตระการ,Chat Trakan,650304,บ้านดง,Ban Dong,65170
5454,ภาคกลาง,65,พิษณุโลก,Phitsanulok,6503,ชาติตระการ,Chat Trakan,650305,บ่อภาค,Bo Phak,65170
5455,ภาคกลาง,65,พิษณุโลก,Phitsanulok,6503,ชาติตระการ,Chat Trakan,650306,ท่าสะแก,Tha Sakae,65170
5456,ภาคกลาง,65,พิษณุโลก,Phitsanulok,6504,บางระกำ,Bang Rakam,650401,บางระกำ,Bang Rakam,65140
5457,ภาคกลาง,65,พิษณุโลก,Phitsanulok,6504,บางระกำ,Bang Rakam,650402,ปลักแรด,Plak Raet,65140
5458,ภาคกลาง,65,พิษณุโลก,Phitsanulok,6504,บางระกำ,Bang Rakam,650403,พันเสา,Phan Sao,65140
5459,ภาคกลาง,65,พิษณุโลก,Phitsanulok,6504,บางระกำ,Bang Rakam,650404,วังอิทก,Wang I Thok,65140
5460,ภาคกลาง,65,พิษณุโลก,Phitsanulok,6504,บางระกำ,Bang Rakam,650405,บึงกอก,Bueng Kok,65140
5461,ภาคกลาง,65,พิษณุโลก,Phitsanulok,6504,บางระกำ,Bang Rakam,650406,หนองกุลา,Nong Kula,65140
5462,ภาคกลาง,65,พิษณุโลก,Phitsanulok,6504,บางระกำ,Bang Rakam,650407,ชุมแสงสงคราม,Chum Saeng Songkhram,65240
5463,ภาคกลาง,65,พิษณุโลก,Phitsanulok,6504,บางระกำ,Bang Rakam,650408,นิคมพัฒนา,Nikhom Phatthana,65140
5464,ภาคกลาง,65,พิษณุโลก,Phitsanulok,6504,บางระกำ,Bang Rakam,650409,บ่อทอง,Bo Thong,65140
5465,ภาคกลาง,65,พิษณุโลก,Phitsanulok,6504,บางระกำ,Bang Rakam,650410,ท่านางงาม,Tha Nang Ngam,65140
5466,ภาคกลาง,65,พิษณุโลก,Phitsanulok,6504,บางระกำ,Bang Rakam,650411,คุยม่วง,Khui Muang,65240
5467,ภาคกลาง,65,พิษณุโลก,Phitsanulok,6505,บางกระทุ่ม,Bang Krathum,650501,บางกระทุ่ม,Bang Krathum,65110
5468,ภาคกลาง,65,พิษณุโลก,Phitsanulok,6505,บางกระทุ่ม,Bang Krathum,650502,บ้านไร่,Ban Rai,65110
5469,ภาคกลาง,65,พิษณุโลก,Phitsanulok,6505,บางกระทุ่ม,Bang Krathum,650503,โคกสลุด,Khok Salut,65110
5470,ภาคกลาง,65,พิษณุโลก,Phitsanulok,6505,บางกระทุ่ม,Bang Krathum,650504,สนามคลี,Sanam Khli,65110
5471,ภาคกลาง,65,พิษณุโลก,Phitsanulok,6505,บางกระทุ่ม,Bang Krathum,650505,ท่าตาล,Tha Tan,65110
5472,ภาคกลาง,65,พิษณุโลก,Phitsanulok,6505,บางกระทุ่ม,Bang Krathum,650506,ไผ่ล้อม,Phai Lom,65110
5473,ภาคกลาง,65,พิษณุโลก,Phitsanulok,6505,บางกระทุ่ม,Bang Krathum,650507,นครป่าหมาก,Nakhon Pa Mak,65110
5474,ภาคกลาง,65,พิษณุโลก,Phitsanulok,6505,บางกระทุ่ม,Bang Krathum,650508,เนินกุ่ม,Noen Kum,65210
5475,ภาคกลาง,65,พิษณุโลก,Phitsanulok,6505,บางกระทุ่ม,Bang Krathum,650509,วัดตายม,Wat Ta Yom,65210
5476,ภาคกลาง,65,พิษณุโลก,Phitsanulok,6506,พรหมพิราม,Phrom Phiram,650601,พรหมพิราม,Phrom Phiram,65150
5477,ภาคกลาง,65,พิษณุโลก,Phitsanulok,6506,พรหมพิราม,Phrom Phiram,650602,ท่าช้าง,Tha Chang,65150
5478,ภาคกลาง,65,พิษณุโลก,Phitsanulok,6506,พรหมพิราม,Phrom Phiram,650603,วงฆ้อง,Wong Khong,65180
5479,ภาคกลาง,65,พิษณุโลก,Phitsanulok,6506,พรหมพิราม,Phrom Phiram,650604,มะตูม,Matum,65150
5480,ภาคกลาง,65,พิษณุโลก,Phitsanulok,6506,พรหมพิราม,Phrom Phiram,650605,หอกลอง,Ho Klong,65150
5481,ภาคกลาง,65,พิษณุโลก,Phitsanulok,6506,พรหมพิราม,Phrom Phiram,650606,ศรีภิรมย์,Si Phirom,65180
5482,ภาคกลาง,65,พิษณุโลก,Phitsanulok,6506,พรหมพิราม,Phrom Phiram,650607,ตลุกเทียม,Taluk Thiam,65180
5483,ภาคกลาง,65,พิษณุโลก,Phitsanulok,6506,พรหมพิราม,Phrom Phiram,650608,วังวน,Wang Won,65150
5484,ภาคกลาง,65,พิษณุโลก,Phitsanulok,6506,พรหมพิราม,Phrom Phiram,650609,หนองแขม,Nong Khaem,65150
5485,ภาคกลาง,65,พิษณุโลก,Phitsanulok,6506,พรหมพิราม,Phrom Phiram,650610,มะต้อง,Matong,65180
5486,ภาคกลาง,65,พิษณุโลก,Phitsanulok,6506,พรหมพิราม,Phrom Phiram,650611,ทับยายเชียง,Thap Yai Chiang,65150
5487,ภาคกลาง,65,พิษณุโลก,Phitsanulok,6506,พรหมพิราม,Phrom Phiram,650612,ดงประคำ,Dong Prakham,65180
5488,ภาคกลาง,65,พิษณุโลก,Phitsanulok,6507,วัดโบสถ์,Wat Bot,650701,วัดโบสถ์,Wat Bot,65160
5489,ภาคกลาง,65,พิษณุโลก,Phitsanulok,6507,วัดโบสถ์,Wat Bot,650702,ท่างาม,Tha Ngam,65160
5490,ภาคกลาง,65,พิษณุโลก,Phitsanulok,6507,วัดโบสถ์,Wat Bot,650703,ท้อแท้,Tho Thae,65160
5491,ภาคกลาง,65,พิษณุโลก,Phitsanulok,6507,วัดโบสถ์,Wat Bot,650704,บ้านยาง,Ban Yang,65160
5492,ภาคกลาง,65,พิษณุโลก,Phitsanulok,6507,วัดโบสถ์,Wat Bot,650705,หินลาด,Hin Lat,65160
5493,ภาคกลาง,65,พิษณุโลก,Phitsanulok,6507,วัดโบสถ์,Wat Bot,650706,คันโช้ง,Khan Chong,65160
5494,ภาคกลาง,65,พิษณุโลก,Phitsanulok,6508,วังทอง,Wang Thong,650801,วังทอง,Wang Thong,65130
5495,ภาคกลาง,65,พิษณุโลก,Phitsanulok,6508,วังทอง,Wang Thong,650802,พันชาลี,Phan Chali,65130
5496,ภาคกลาง,65,พิษณุโลก,Phitsanulok,6508,วังทอง,Wang Thong,650803,แม่ระกา,Mae Raka,65130
5497,ภาคกลาง,65,พิษณุโลก,Phitsanulok,6508,วังทอง,Wang Thong,650804,บ้านกลาง,Ban Klang,65220
5498,ภาคกลาง,65,พิษณุโลก,Phitsanulok,6508,วังทอง,Wang Thong,650805,วังพิกุล,Wang Phikun,65130
5499,ภาคกลาง,65,พิษณุโลก,Phitsanulok,6508,วังทอง,Wang Thong,650806,แก่งโสภา,Kaeng Sopha,65220
5500,ภาคกลาง,65,พิษณุโลก,Phitsanulok,6508,วังทอง,Wang Thong,650807,ท่าหมื่นราม,Tha Muen Ram,65130
5501,ภาคกลาง,65,พิษณุโลก,Phitsanulok,6508,วังทอง,Wang Thong,650808,วังนกแอ่น,Wang Nok Aen,65130
5502,ภาคกลาง,65,พิษณุโลก,Phitsanulok,6508,วังทอง,Wang Thong,650809,หนองพระ,Nong Phra,65130
5503,ภาคกลาง,65,พิษณุโลก,Phitsanulok,6508,วังทอง,Wang Thong,650810,ชัยนาม,Chai Nam,65130
5504,ภาคกลาง,65,พิษณุโลก,Phitsanulok,6508,วังทอง,Wang Thong,650811,ดินทอง,Din Thong,65130
5505,ภาคกลาง,65,พิษณุโลก,Phitsanulok,6509,เนินมะปราง,Noen Maprang,650901,ชมพู,Chomphu,65190
5506,ภาคกลาง,65,พิษณุโลก,Phitsanulok,6509,เนินมะปราง,Noen Maprang,650902,บ้านมุง,Ban Mung,65190
5507,ภาคกลาง,65,พิษณุโลก,Phitsanulok,6509,เนินมะปราง,Noen Maprang,650903,ไทรย้อย,Sai Yoi,65190
5508,ภาคกลาง,65,พิษณุโลก,Phitsanulok,6509,เนินมะปราง,Noen Maprang,650904,วังโพรง,Wang Phrong,65190
5509,ภาคกลาง,65,พิษณุโลก,Phitsanulok,6509,เนินมะปราง,Noen Maprang,650905,บ้านน้อยซุ้มขี้เหล็ก,Ban Noi Sum Khi Lek,65190
5510,ภาคกลาง,65,พิษณุโลก,Phitsanulok,6509,เนินมะปราง,Noen Maprang,650906,เนินมะปราง,Noen Maprang,65190
5511,ภาคกลาง,65,พิษณุโลก,Phitsanulok,6509,เนินมะปราง,Noen Maprang,650907,วังยาง,Wang Yang,65190
5512,ภาคกลาง,66,พิจิตร,Phichit,6601,เมืองพิจิตร,Mueang Phichit,660101,ในเมือง,Nai Mueang,66000
5513,ภาคกลาง,66,พิจิตร,Phichit,6601,เมืองพิจิตร,Mueang Phichit,660102,ไผ่ขวาง,Phai Khwang,66000
5514,ภาคกลาง,66,พิจิตร,Phichit,6601,เมืองพิจิตร,Mueang Phichit,660103,ย่านยาว,Yan Yao,66000
5515,ภาคกลาง,66,พิจิตร,Phichit,6601,เมืองพิจิตร,Mueang Phichit,660104,ท่าฬ่อ,Tha Lo,66000
5516,ภาคกลาง,66,พิจิตร,Phichit,6601,เมืองพิจิตร,Mueang Phichit,660105,ปากทาง,Pak Thang,66000
5517,ภาคกลาง,66,พิจิตร,Phichit,6601,เมืองพิจิตร,Mueang Phichit,660106,คลองคะเชนทร์,Khlong Khachen,66000
5518,ภาคกลาง,66,พิจิตร,Phichit,6601,เมืองพิจิตร,Mueang Phichit,660107,โรงช้าง,Rong Chang,66000
5519,ภาคกลาง,66,พิจิตร,Phichit,6601,เมืองพิจิตร,Mueang Phichit,660108,เมืองเก่า,Mueang Kao,66000
5520,ภาคกลาง,66,พิจิตร,Phichit,6601,เมืองพิจิตร,Mueang Phichit,660109,ท่าหลวง,Tha Luang,66000
5521,ภาคกลาง,66,พิจิตร,Phichit,6601,เมืองพิจิตร,Mueang Phichit,660110,บ้านบุ่ง,Ban Bung,66000
5522,ภาคกลาง,66,พิจิตร,Phichit,6601,เมืองพิจิตร,Mueang Phichit,660111,ฆะมัง,Kha Mang,66000
5523,ภาคกลาง,66,พิจิตร,Phichit,6601,เมืองพิจิตร,Mueang Phichit,660112,ดงป่าคำ,Dong Pa Kham,66170
5524,ภาคกลาง,66,พิจิตร,Phichit,6601,เมืองพิจิตร,Mueang Phichit,660113,หัวดง,Hua Dong,66170
5525,ภาคกลาง,66,พิจิตร,Phichit,6601,เมืองพิจิตร,Mueang Phichit,660115,ป่ามะคาบ,Pa Makhap,66000
5526,ภาคกลาง,66,พิจิตร,Phichit,6601,เมืองพิจิตร,Mueang Phichit,660119,สายคำโห้,Sai Kham Ho,66000
5527,ภาคกลาง,66,พิจิตร,Phichit,6601,เมืองพิจิตร,Mueang Phichit,660120,ดงกลาง,Dong Klang,66170
5528,ภาคกลาง,66,พิจิตร,Phichit,6602,วังทรายพูน,Wang Sai Phun,660201,วังทรายพูน,Wang Sai Phun,66180
5529,ภาคกลาง,66,พิจิตร,Phichit,6602,วังทรายพูน,Wang Sai Phun,660202,หนองปลาไหล,Nong Pla Lai,66180
5530,ภาคกลาง,66,พิจิตร,Phichit,6602,วังทรายพูน,Wang Sai Phun,660203,หนองพระ,Nong Phra,66180
5531,ภาคกลาง,66,พิจิตร,Phichit,6602,วังทรายพูน,Wang Sai Phun,660204,หนองปล้อง,Nong Plong,66180
5532,ภาคกลาง,66,พิจิตร,Phichit,6603,โพธิ์ประทับช้าง,Pho Prathap Chang,660301,โพธิ์ประทับช้าง,Pho Prathap Chang,66190
5533,ภาคกลาง,66,พิจิตร,Phichit,6603,โพธิ์ประทับช้าง,Pho Prathap Chang,660302,ไผ่ท่าโพ,Phai Tha Pho,66190
5534,ภาคกลาง,66,พิจิตร,Phichit,6603,โพธิ์ประทับช้าง,Pho Prathap Chang,660303,วังจิก,Wang Chik,66190
5535,ภาคกลาง,66,พิจิตร,Phichit,6603,โพธิ์ประทับช้าง,Pho Prathap Chang,660304,ไผ่รอบ,Phai Rop,66190
5536,ภาคกลาง,66,พิจิตร,Phichit,6603,โพธิ์ประทับช้าง,Pho Prathap Chang,660305,ดงเสือเหลือง,Dong Suea Lueang,66190
5537,ภาคกลาง,66,พิจิตร,Phichit,6603,โพธิ์ประทับช้าง,Pho Prathap Chang,660306,เนินสว่าง,Noen Sawang,66190
5538,ภาคกลาง,66,พิจิตร,Phichit,6603,โพธิ์ประทับช้าง,Pho Prathap Chang,660307,ทุ่งใหญ่,Thung Yai,66190
5539,ภาคกลาง,66,พิจิตร,Phichit,6604,ตะพานหิน,Taphan Hin,660401,ตะพานหิน,Taphan Hin,66110
5540,ภาคกลาง,66,พิจิตร,Phichit,6604,ตะพานหิน,Taphan Hin,660402,งิ้วราย,Ngio Rai,66110
5541,ภาคกลาง,66,พิจิตร,Phichit,6604,ตะพานหิน,Taphan Hin,660403,ห้วยเกตุ,Huai Ket,66110
5542,ภาคกลาง,66,พิจิตร,Phichit,6604,ตะพานหิน,Taphan Hin,660404,ไทรโรงโขน,Sai Rong Khon,66110
5543,ภาคกลาง,66,พิจิตร,Phichit,6604,ตะพานหิน,Taphan Hin,660405,หนองพยอม,Nong Phayom,66110
5544,ภาคกลาง,66,พิจิตร,Phichit,6604,ตะพานหิน,Taphan Hin,660406,ทุ่งโพธิ์,Thung Pho,66150
5545,ภาคกลาง,66,พิจิตร,Phichit,6604,ตะพานหิน,Taphan Hin,660407,ดงตะขบ,Dong Takhop,66110
5546,ภาคกลาง,66,พิจิตร,Phichit,6604,ตะพานหิน,Taphan Hin,660408,คลองคูณ,Khlong Khun,66110
5547,ภาคกลาง,66,พิจิตร,Phichit,6604,ตะพานหิน,Taphan Hin,660409,วังสำโรง,Wang Samrong,66110
5548,ภาคกลาง,66,พิจิตร,Phichit,6604,ตะพานหิน,Taphan Hin,660410,วังหว้า,Wang Wa,66110
5549,ภาคกลาง,66,พิจิตร,Phichit,6604,ตะพานหิน,Taphan Hin,660411,วังหลุม,Wang Lum,66150
5550,ภาคกลาง,66,พิจิตร,Phichit,6604,ตะพานหิน,Taphan Hin,660412,ทับหมัน,Thap Man,66110
5551,ภาคกลาง,66,พิจิตร,Phichit,6604,ตะพานหิน,Taphan Hin,660413,ไผ่หลวง,Phai Luang,66110
5552,ภาคกลาง,66,พิจิตร,Phichit,6605,บางมูลนาก,Bang Mun Nak,660501,บางมูลนาก,Bang Mun Nak,66120
5553,ภาคกลาง,66,พิจิตร,Phichit,6605,บางมูลนาก,Bang Mun Nak,660502,บางไผ่,Bang Phai,66120
5554,ภาคกลาง,66,พิจิตร,Phichit,6605,บางมูลนาก,Bang Mun Nak,660503,หอไกร,Ho Krai,66120
5555,ภาคกลาง,66,พิจิตร,Phichit,6605,บางมูลนาก,Bang Mun Nak,660504,เนินมะกอก,Noen Makok,66120
5556,ภาคกลาง,66,พิจิตร,Phichit,6605,บางมูลนาก,Bang Mun Nak,660505,วังสำโรง,Wang Samrong,66120
5557,ภาคกลาง,66,พิจิตร,Phichit,6605,บางมูลนาก,Bang Mun Nak,660506,ภูมิ,Phum,66120
5558,ภาคกลาง,66,พิจิตร,Phichit,6605,บางมูลนาก,Bang Mun Nak,660507,วังกรด,Wang Krot,66120
5559,ภาคกลาง,66,พิจิตร,Phichit,6605,บางมูลนาก,Bang Mun Nak,660508,ห้วยเขน,Huai Khen,66120
5560,ภาคกลาง,66,พิจิตร,Phichit,6605,บางมูลนาก,Bang Mun Nak,660509,วังตะกู,Wang Taku,66210
5561,ภาคกลาง,66,พิจิตร,Phichit,6605,บางมูลนาก,Bang Mun Nak,660514,ลำประดา,Lam Prada,66120
5562,ภาคกลาง,66,พิจิตร,Phichit,6606,โพทะเล,Pho Thale,660601,โพทะเล,Pho Thale,66130
5563,ภาคกลาง,66,พิจิตร,Phichit,6606,โพทะเล,Pho Thale,660602,ท้ายน้ำ,Thai Nam,66130
5564,ภาคกลาง,66,พิจิตร,Phichit,6606,โพทะเล,Pho Thale,660603,ทะนง,Tha Nong,66130
5565,ภาคกลาง,66,พิจิตร,Phichit,6606,โพทะเล,Pho Thale,660604,ท่าบัว,Tha Bua,66130
5566,ภาคกลาง,66,พิจิตร,Phichit,6606,โพทะเล,Pho Thale,660605,ทุ่งน้อย,Thung Noi,66130
5567,ภาคกลาง,66,พิจิตร,Phichit,6606,โพทะเล,Pho Thale,660606,ท่าขมิ้น,Tha Khamin,66130
5568,ภาคกลาง,66,พิจิตร,Phichit,6606,โพทะเล,Pho Thale,660607,ท่าเสา,Tha Sao,66130
5569,ภาคกลาง,66,พิจิตร,Phichit,6606,โพทะเล,Pho Thale,660608,บางคลาน,Bang Khlan,66130
5570,ภาคกลาง,66,พิจิตร,Phichit,6606,โพทะเล,Pho Thale,660611,ท่านั่ง,Tha Nang,66130
5571,ภาคกลาง,66,พิจิตร,Phichit,6606,โพทะเล,Pho Thale,660612,บ้านน้อย,Ban Noi,66130
5572,ภาคกลาง,66,พิจิตร,Phichit,6606,โพทะเล,Pho Thale,660613,วัดขวาง,Wat Khwang,66130
5573,ภาคกลาง,66,พิจิตร,Phichit,6607,สามง่าม,Sam Ngam,660701,สามง่าม,Sam Ngam,66140
5574,ภาคกลาง,66,พิจิตร,Phichit,6607,สามง่าม,Sam Ngam,660702,กำแพงดิน,Kamphaeng Din,66140
5575,ภาคกลาง,66,พิจิตร,Phichit,6607,สามง่าม,Sam Ngam,660703,รังนก,Rang Nok,66140
5576,ภาคกลาง,66,พิจิตร,Phichit,6607,สามง่าม,Sam Ngam,660706,เนินปอ,Noen Po,66140
5577,ภาคกลาง,66,พิจิตร,Phichit,6607,สามง่าม,Sam Ngam,660707,หนองโสน,Nong Sano,66140
5578,ภาคกลาง,66,พิจิตร,Phichit,6608,ทับคล้อ,Tap Khlo,660801,ทับคล้อ,Thap Khlo,66150
5579,ภาคกลาง,66,พิจิตร,Phichit,6608,ทับคล้อ,Tap Khlo,660802,เขาทราย,Khao Sai,66230
5580,ภาคกลาง,66,พิจิตร,Phichit,6608,ทับคล้อ,Tap Khlo,660803,เขาเจ็ดลูก,Khao Chet Luk,66230
5581,ภาคกลาง,66,พิจิตร,Phichit,6608,ทับคล้อ,Tap Khlo,660804,ท้ายทุ่ง,Thai Thung,66150
5582,ภาคกลาง,66,พิจิตร,Phichit,6609,สากเหล็ก,Sak Lek,660901,สากเหล็ก,Sak Lek,66160
5583,ภาคกลาง,66,พิจิตร,Phichit,6609,สากเหล็ก,Sak Lek,660902,ท่าเยี่ยม,Tha Yiam,66160
5584,ภาคกลาง,66,พิจิตร,Phichit,6609,สากเหล็ก,Sak Lek,660903,คลองทราย,Khlong Sai,66160
5585,ภาคกลาง,66,พิจิตร,Phichit,6609,สากเหล็ก,Sak Lek,660904,หนองหญ้าไทร,Nong Ya Sai,66160
5586,ภาคกลาง,66,พิจิตร,Phichit,6609,สากเหล็ก,Sak Lek,660905,วังทับไทร,Wang Thap Sai,66160
5587,ภาคกลาง,66,พิจิตร,Phichit,6610,บึงนาราง,Bueng Na Rang,661001,ห้วยแก้ว,Huai Kaeo,66130
5588,ภาคกลาง,66,พิจิตร,Phichit,6610,บึงนาราง,Bueng Na Rang,661002,โพธิ์ไทรงาม,Pho Sai Ngam,66130
5589,ภาคกลาง,66,พิจิตร,Phichit,6610,บึงนาราง,Bueng Na Rang,661003,แหลมรัง,Laem Rang,66130
5590,ภาคกลาง,66,พิจิตร,Phichit,6610,บึงนาราง,Bueng Na Rang,661004,บางลาย,Bang Lai,66130
5591,ภาคกลาง,66,พิจิตร,Phichit,6610,บึงนาราง,Bueng Na Rang,661005,บึงนาราง,Bueng Na Rang,66130
5592,ภาคกลาง,66,พิจิตร,Phichit,6611,ดงเจริญ,Dong Charoen,661101,วังงิ้วใต้,Wang Ngio Tai,66210
5593,ภาคกลาง,66,พิจิตร,Phichit,6611,ดงเจริญ,Dong Charoen,661102,วังงิ้ว,Wang Ngio,66210
5594,ภาคกลาง,66,พิจิตร,Phichit,6611,ดงเจริญ,Dong Charoen,661103,ห้วยร่วม,Huai Ruam,66210
5595,ภาคกลาง,66,พิจิตร,Phichit,6611,ดงเจริญ,Dong Charoen,661104,ห้วยพุก,Huai Phuk,66210
5596,ภาคกลาง,66,พิจิตร,Phichit,6611,ดงเจริญ,Dong Charoen,661105,สำนักขุนเณร,Samnak Khun Nen,66210
5597,ภาคกลาง,66,พิจิตร,Phichit,6612,วชิรบารมี,Wachirabarami,661201,บ้านนา,Ban Na,66140
5598,ภาคกลาง,66,พิจิตร,Phichit,6612,วชิรบารมี,Wachirabarami,661202,บึงบัว,Bueng Bua,66140
5599,ภาคกลาง,66,พิจิตร,Phichit,6612,วชิรบารมี,Wachirabarami,661203,วังโมกข์,Wang Mok,66140
5600,ภาคกลาง,66,พิจิตร,Phichit,6612,วชิรบารมี,Wachirabarami,661204,หนองหลุม,Nong Lum,66220
5601,ภาคกลาง,67,เพชรบูรณ์,Phetchabun,6701,เมืองเพชรบูรณ์,Mueang Phetchabun,670101,ในเมือง,Nai Mueang,67000
5602,ภาคกลาง,67,เพชรบูรณ์,Phetchabun,6701,เมืองเพชรบูรณ์,Mueang Phetchabun,670102,ตะเบาะ,Tabo,67000
5603,ภาคกลาง,67,เพชรบูรณ์,Phetchabun,6701,เมืองเพชรบูรณ์,Mueang Phetchabun,670103,บ้านโตก,Ban Tok,67000
5604,ภาคกลาง,67,เพชรบูรณ์,Phetchabun,6701,เมืองเพชรบูรณ์,Mueang Phetchabun,670104,สะเดียง,Sadiang,67000
5605,ภาคกลาง,67,เพชรบูรณ์,Phetchabun,6701,เมืองเพชรบูรณ์,Mueang Phetchabun,670105,ป่าเลา,Pa Lao,67000
5606,ภาคกลาง,67,เพชรบูรณ์,Phetchabun,6701,เมืองเพชรบูรณ์,Mueang Phetchabun,670106,นางั่ว,Na Ngua,67000
5607,ภาคกลาง,67,เพชรบูรณ์,Phetchabun,6701,เมืองเพชรบูรณ์,Mueang Phetchabun,670107,ท่าพล,Tha Phon,67250
5608,ภาคกลาง,67,เพชรบูรณ์,Phetchabun,6701,เมืองเพชรบูรณ์,Mueang Phetchabun,670108,ดงมูลเหล็ก,Dong Mun Lek,67000
5609,ภาคกลาง,67,เพชรบูรณ์,Phetchabun,6701,เมืองเพชรบูรณ์,Mueang Phetchabun,670109,บ้านโคก,Ban Khok,67000
5610,ภาคกลาง,67,เพชรบูรณ์,Phetchabun,6701,เมืองเพชรบูรณ์,Mueang Phetchabun,670110,ชอนไพร,Chon Phrai,67000
5611,ภาคกลาง,67,เพชรบูรณ์,Phetchabun,6701,เมืองเพชรบูรณ์,Mueang Phetchabun,670111,นาป่า,Na Pa,67000
5612,ภาคกลาง,67,เพชรบูรณ์,Phetchabun,6701,เมืองเพชรบูรณ์,Mueang Phetchabun,670112,นายม,Na Yom,67210
5613,ภาคกลาง,67,เพชรบูรณ์,Phetchabun,6701,เมืองเพชรบูรณ์,Mueang Phetchabun,670113,วังชมภู,Wang Chomphu,67210
5614,ภาคกลาง,67,เพชรบูรณ์,Phetchabun,6701,เมืองเพชรบูรณ์,Mueang Phetchabun,670114,น้ำร้อน,Nam Ron,67000
5615,ภาคกลาง,67,เพชรบูรณ์,Phetchabun,6701,เมืองเพชรบูรณ์,Mueang Phetchabun,670115,ห้วยสะแก,Huai Sakae,67210
5616,ภาคกลาง,67,เพชรบูรณ์,Phetchabun,6701,เมืองเพชรบูรณ์,Mueang Phetchabun,670116,ห้วยใหญ่,Huai Yai,67000
5617,ภาคกลาง,67,เพชรบูรณ์,Phetchabun,6701,เมืองเพชรบูรณ์,Mueang Phetchabun,670117,ระวิง,Rawing,67210
5618,ภาคกลาง,67,เพชรบูรณ์,Phetchabun,6702,ชนแดน,Chon Daen,670201,ชนแดน,Chon Daen,67150
5619,ภาคกลาง,67,เพชรบูรณ์,Phetchabun,6702,ชนแดน,Chon Daen,670202,ดงขุย,Dong Khu,67190
5620,ภาคกลาง,67,เพชรบูรณ์,Phetchabun,6702,ชนแดน,Chon Daen,670203,ท่าข้าม,Tha Kham,67150
5621,ภาคกลาง,67,เพชรบูรณ์,Phetchabun,6702,ชนแดน,Chon Daen,670204,พุทธบาท,Phutthabat,67150
5622,ภาคกลาง,67,เพชรบูรณ์,Phetchabun,6702,ชนแดน,Chon Daen,670205,ลาดแค,Lat Khae,67150
5623,ภาคกลาง,67,เพชรบูรณ์,Phetchabun,6702,ชนแดน,Chon Daen,670206,บ้านกล้วย,Ban Kluai,67190
5624,ภาคกลาง,67,เพชรบูรณ์,Phetchabun,6702,ชนแดน,Chon Daen,670208,ซับพุทรา,Sap Phutsa,67150
5625,ภาคกลาง,67,เพชรบูรณ์,Phetchabun,6702,ชนแดน,Chon Daen,670209,ตะกุดไร,Takut Lai,67190
5626,ภาคกลาง,67,เพชรบูรณ์,Phetchabun,6702,ชนแดน,Chon Daen,670210,ศาลาลาย,Sala Lai,67150
5627,ภาคกลาง,67,เพชรบูรณ์,Phetchabun,6703,หล่มสัก,Lom Sak,670301,หล่มสัก,Lom Sak,67110
5628,ภาคกลาง,67,เพชรบูรณ์,Phetchabun,6703,หล่มสัก,Lom Sak,670302,วัดป่า,Wat Pa,67110
5629,ภาคกลาง,67,เพชรบูรณ์,Phetchabun,6703,หล่มสัก,Lom Sak,670303,ตาลเดี่ยว,Tan Diao,67110
5630,ภาคกลาง,67,เพชรบูรณ์,Phetchabun,6703,หล่มสัก,Lom Sak,670304,ฝายนาแซง,Fai Na Saeng,67110
5631,ภาคกลาง,67,เพชรบูรณ์,Phetchabun,6703,หล่มสัก,Lom Sak,670305,หนองสว่าง,Nong Sawang,67110
5632,ภาคกลาง,67,เพชรบูรณ์,Phetchabun,6703,หล่มสัก,Lom Sak,670306,น้ำเฮี้ย,Nam Hia,67110
5633,ภาคกลาง,67,เพชรบูรณ์,Phetchabun,6703,หล่มสัก,Lom Sak,670307,สักหลง,Sak Long,67110
5634,ภาคกลาง,67,เพชรบูรณ์,Phetchabun,6703,หล่มสัก,Lom Sak,670308,ท่าอิบุญ,Tha I Bun,67110
5635,ภาคกลาง,67,เพชรบูรณ์,Phetchabun,6703,หล่มสัก,Lom Sak,670309,บ้านโสก,Ban Sok,67110
5636,ภาคกลาง,67,เพชรบูรณ์,Phetchabun,6703,หล่มสัก,Lom Sak,670310,บ้านติ้ว,Ban Tio,67110
5637,ภาคกลาง,67,เพชรบูรณ์,Phetchabun,6703,หล่มสัก,Lom Sak,670311,ห้วยไร่,Huai Rai,67110
5638,ภาคกลาง,67,เพชรบูรณ์,Phetchabun,6703,หล่มสัก,Lom Sak,670312,น้ำก้อ,Nam Ko,67110
5639,ภาคกลาง,67,เพชรบูรณ์,Phetchabun,6703,หล่มสัก,Lom Sak,670313,ปากช่อง,Pak Chong,67110
5640,ภาคกลาง,67,เพชรบูรณ์,Phetchabun,6703,หล่มสัก,Lom Sak,670314,น้ำชุน,Nam Chun,67110
5641,ภาคกลาง,67,เพชรบูรณ์,Phetchabun,6703,หล่มสัก,Lom Sak,670315,หนองไขว่,Nong Khwai,67110
5642,ภาคกลาง,67,เพชรบูรณ์,Phetchabun,6703,หล่มสัก,Lom Sak,670316,ลานบ่า,Lan Ba,67110
5643,ภาคกลาง,67,เพชรบูรณ์,Phetchabun,6703,หล่มสัก,Lom Sak,670317,บุ่งคล้า,Bung Khla,67110
5644,ภาคกลาง,67,เพชรบูรณ์,Phetchabun,6703,หล่มสัก,Lom Sak,670318,บุ่งน้ำเต้า,Bung Namtao,67110
5645,ภาคกลาง,67,เพชรบูรณ์,Phetchabun,6703,หล่มสัก,Lom Sak,670319,บ้านกลาง,Ban Klang,67110
5646,ภาคกลาง,67,เพชรบูรณ์,Phetchabun,6703,หล่มสัก,Lom Sak,670320,ช้างตะลูด,Chang Talut,67110
5647,ภาคกลาง,67,เพชรบูรณ์,Phetchabun,6703,หล่มสัก,Lom Sak,670321,บ้านไร่,Ban Rai,67110
5648,ภาคกลาง,67,เพชรบูรณ์,Phetchabun,6703,หล่มสัก,Lom Sak,670322,ปากดุก,Pak Duk,67110
5649,ภาคกลาง,67,เพชรบูรณ์,Phetchabun,6703,หล่มสัก,Lom Sak,670323,บ้านหวาย,Ban Wai,67110
5650,ภาคกลาง,67,เพชรบูรณ์,Phetchabun,6704,หล่มเก่า,Lom Kao,670401,หล่มเก่า,Lom Kao,67120
5651,ภาคกลาง,67,เพชรบูรณ์,Phetchabun,6704,หล่มเก่า,Lom Kao,670402,นาซำ,Na Sam,67120
5652,ภาคกลาง,67,เพชรบูรณ์,Phetchabun,6704,หล่มเก่า,Lom Kao,670403,หินฮาว,Hin Hao,67120
5653,ภาคกลาง,67,เพชรบูรณ์,Phetchabun,6704,หล่มเก่า,Lom Kao,670404,บ้านเนิน,Ban Noen,67120
5654,ภาคกลาง,67,เพชรบูรณ์,Phetchabun,6704,หล่มเก่า,Lom Kao,670405,ศิลา,Sila,67120
5655,ภาคกลาง,67,เพชรบูรณ์,Phetchabun,6704,หล่มเก่า,Lom Kao,670406,นาแซง,Na Saeng,67120
5656,ภาคกลาง,67,เพชรบูรณ์,Phetchabun,6704,หล่มเก่า,Lom Kao,670407,วังบาล,Wang Ban,67120
5657,ภาคกลาง,67,เพชรบูรณ์,Phetchabun,6704,หล่มเก่า,Lom Kao,670408,นาเกาะ,Na Ko,67120
5658,ภาคกลาง,67,เพชรบูรณ์,Phetchabun,6704,หล่มเก่า,Lom Kao,670409,ตาดกลอย,Tat Kloi,67120
5659,ภาคกลาง,67,เพชรบูรณ์,Phetchabun,6705,วิเชียรบุรี,Wichian Buri,670501,ท่าโรง,Tha Rong,67130
5660,ภาคกลาง,67,เพชรบูรณ์,Phetchabun,6705,วิเชียรบุรี,Wichian Buri,670502,สระประดู่,Sa Pradu,67130
5661,ภาคกลาง,67,เพชรบูรณ์,Phetchabun,6705,วิเชียรบุรี,Wichian Buri,670503,สามแยก,Sam Yaek,67130
5662,ภาคกลาง,67,เพชรบูรณ์,Phetchabun,6705,วิเชียรบุรี,Wichian Buri,670504,โคกปรง,Khok Prong,67130
5663,ภาคกลาง,67,เพชรบูรณ์,Phetchabun,6705,วิเชียรบุรี,Wichian Buri,670505,น้ำร้อน,Nam Ron,67130
5664,ภาคกลาง,67,เพชรบูรณ์,Phetchabun,6705,วิเชียรบุรี,Wichian Buri,670506,บ่อรัง,Bo Rang,67130
5665,ภาคกลาง,67,เพชรบูรณ์,Phetchabun,6705,วิเชียรบุรี,Wichian Buri,670507,พุเตย,Phu Toei,67180
5666,ภาคกลาง,67,เพชรบูรณ์,Phetchabun,6705,วิเชียรบุรี,Wichian Buri,670508,พุขาม,Phu Kham,67180
5667,ภาคกลาง,67,เพชรบูรณ์,Phetchabun,6705,วิเชียรบุรี,Wichian Buri,670509,ภูน้ำหยด,Phu Nam Yot,67180
5668,ภาคกลาง,67,เพชรบูรณ์,Phetchabun,6705,วิเชียรบุรี,Wichian Buri,670510,ซับสมบูรณ์,Sap Sombun,67180
5669,ภาคกลาง,67,เพชรบูรณ์,Phetchabun,6705,วิเชียรบุรี,Wichian Buri,670511,บึงกระจับ,Bueng Krachap,67130
5670,ภาคกลาง,67,เพชรบูรณ์,Phetchabun,6705,วิเชียรบุรี,Wichian Buri,670512,วังใหญ่,Wang Yai,67180
5671,ภาคกลาง,67,เพชรบูรณ์,Phetchabun,6705,วิเชียรบุรี,Wichian Buri,670513,ยางสาว,Yang Sao,67130
5672,ภาคกลาง,67,เพชรบูรณ์,Phetchabun,6705,วิเชียรบุรี,Wichian Buri,670514,ซับน้อย,Sap Noi,67180
5673,ภาคกลาง,67,เพชรบูรณ์,Phetchabun,6706,ศรีเทพ,Si Thep,670601,ศรีเทพ,Si Thep,67170
5674,ภาคกลาง,67,เพชรบูรณ์,Phetchabun,6706,ศรีเทพ,Si Thep,670602,สระกรวด,Sa Kruat,67170
5675,ภาคกลาง,67,เพชรบูรณ์,Phetchabun,6706,ศรีเทพ,Si Thep,670603,คลองกระจัง,Khlong Krachang,67170
5676,ภาคกลาง,67,เพชรบูรณ์,Phetchabun,6706,ศรีเทพ,Si Thep,670604,นาสนุ่น,Na Sanun,67170
5677,ภาคกลาง,67,เพชรบูรณ์,Phetchabun,6706,ศรีเทพ,Si Thep,670605,โคกสะอาด,Khok Sa-At,67170
5678,ภาคกลาง,67,เพชรบูรณ์,Phetchabun,6706,ศรีเทพ,Si Thep,670606,หนองย่างทอย,Nong Yang Thoi,67170
5679,ภาคกลาง,67,เพชรบูรณ์,Phetchabun,6706,ศรีเทพ,Si Thep,670607,ประดู่งาม,Pradu Ngam,67170
5680,ภาคกลาง,67,เพชรบูรณ์,Phetchabun,6707,หนองไผ่,Nong Phai,670701,กองทูล,Kong Thun,67140
5681,ภาคกลาง,67,เพชรบูรณ์,Phetchabun,6707,หนองไผ่,Nong Phai,670702,นาเฉลียง,Na Chaliang,67220
5682,ภาคกลาง,67,เพชรบูรณ์,Phetchabun,6707,หนองไผ่,Nong Phai,670703,บ้านโภชน์,Ban Phot,67140
5683,ภาคกลาง,67,เพชรบูรณ์,Phetchabun,6707,หนองไผ่,Nong Phai,670704,ท่าแดง,Tha Daeng,67140
5684,ภาคกลาง,67,เพชรบูรณ์,Phetchabun,6707,หนองไผ่,Nong Phai,670705,เพชรละคร,Phet Lakhon,67140
5685,ภาคกลาง,67,เพชรบูรณ์,Phetchabun,6707,หนองไผ่,Nong Phai,670706,บ่อไทย,Bo Thai,67140
5686,ภาคกลาง,67,เพชรบูรณ์,Phetchabun,6707,หนองไผ่,Nong Phai,670707,ห้วยโป่ง,Huai Pong,67220
5687,ภาคกลาง,67,เพชรบูรณ์,Phetchabun,6707,หนองไผ่,Nong Phai,670708,วังท่าดี,Wang Tha Di,67140
5688,ภาคกลาง,67,เพชรบูรณ์,Phetchabun,6707,หนองไผ่,Nong Phai,670709,บัววัฒนา,Bua Watthana,67140
5689,ภาคกลาง,67,เพชรบูรณ์,Phetchabun,6707,หนองไผ่,Nong Phai,670710,หนองไผ่,Nong Phai,67140
5690,ภาคกลาง,67,เพชรบูรณ์,Phetchabun,6707,หนองไผ่,Nong Phai,670711,วังโบสถ์,Wang Bot,67140
5691,ภาคกลาง,67,เพชรบูรณ์,Phetchabun,6707,หนองไผ่,Nong Phai,670712,ยางงาม,Yang Ngam,67220
5692,ภาคกลาง,67,เพชรบูรณ์,Phetchabun,6707,หนองไผ่,Nong Phai,670713,ท่าด้วง,Tha Duang,67140
5693,ภาคกลาง,67,เพชรบูรณ์,Phetchabun,6708,บึงสามพัน,Bueng Sam Phan,670801,ซับสมอทอด,Sap Samo Thot,67160
5694,ภาคกลาง,67,เพชรบูรณ์,Phetchabun,6708,บึงสามพัน,Bueng Sam Phan,670802,ซับไม้แดง,Sap Mai Daeng,67160
5695,ภาคกลาง,67,เพชรบูรณ์,Phetchabun,6708,บึงสามพัน,Bueng Sam Phan,670803,หนองแจง,Nong Chaeng,67160
5696,ภาคกลาง,67,เพชรบูรณ์,Phetchabun,6708,บึงสามพัน,Bueng Sam Phan,670804,กันจุ,Kan Chu,67160
5697,ภาคกลาง,67,เพชรบูรณ์,Phetchabun,6708,บึงสามพัน,Bueng Sam Phan,670805,วังพิกุล,Wang Phikun,67230
5698,ภาคกลาง,67,เพชรบูรณ์,Phetchabun,6708,บึงสามพัน,Bueng Sam Phan,670806,พญาวัง,Phaya Wang,67160
5699,ภาคกลาง,67,เพชรบูรณ์,Phetchabun,6708,บึงสามพัน,Bueng Sam Phan,670807,ศรีมงคล,Si Mongkhon,67160
5700,ภาคกลาง,67,เพชรบูรณ์,Phetchabun,6708,บึงสามพัน,Bueng Sam Phan,670808,สระแก้ว,Sa Kaeo,67160
5701,ภาคกลาง,67,เพชรบูรณ์,Phetchabun,6708,บึงสามพัน,Bueng Sam Phan,670809,บึงสามพัน,Bueng Sam Phan,67160
5702,ภาคกลาง,67,เพชรบูรณ์,Phetchabun,6709,น้ำหนาว,Nam Nao,670901,น้ำหนาว,Nam Nao,67260
5703,ภาคกลาง,67,เพชรบูรณ์,Phetchabun,6709,น้ำหนาว,Nam Nao,670902,หลักด่าน,Lak Dan,67260
5704,ภาคกลาง,67,เพชรบูรณ์,Phetchabun,6709,น้ำหนาว,Nam Nao,670903,วังกวาง,Wang Kwang,67260
5705,ภาคกลาง,67,เพชรบูรณ์,Phetchabun,6709,น้ำหนาว,Nam Nao,670904,โคกมน,Khok Mon,67260
5706,ภาคกลาง,67,เพชรบูรณ์,Phetchabun,6710,วังโป่ง,Wang Pong,671001,วังโป่ง,Wang Pong,67240
5707,ภาคกลาง,67,เพชรบูรณ์,Phetchabun,6710,วังโป่ง,Wang Pong,671002,ท้ายดง,Thai Dong,67240
5708,ภาคกลาง,67,เพชรบูรณ์,Phetchabun,6710,วังโป่ง,Wang Pong,671003,ซับเปิบ,Sap Poep,67240
5709,ภาคกลาง,67,เพชรบูรณ์,Phetchabun,6710,วังโป่ง,Wang Pong,671004,วังหิน,Wang Hin,67240
5710,ภาคกลาง,67,เพชรบูรณ์,Phetchabun,6710,วังโป่ง,Wang Pong,671005,วังศาล,Wang San,67240
5711,ภาคกลาง,67,เพชรบูรณ์,Phetchabun,6711,เขาค้อ,Khao Kho,671101,ทุ่งสมอ,Thung Samo,67270
5712,ภาคกลาง,67,เพชรบูรณ์,Phetchabun,6711,เขาค้อ,Khao Kho,671102,แคมป์สน,Khaem Son,67280
5713,ภาคกลาง,67,เพชรบูรณ์,Phetchabun,6711,เขาค้อ,Khao Kho,671103,เขาค้อ,Khao Kho,67270
5714,ภาคกลาง,67,เพชรบูรณ์,Phetchabun,6711,เขาค้อ,Khao Kho,671104,ริมสีม่วง,Rim Si Muang,67270
5715,ภาคกลาง,67,เพชรบูรณ์,Phetchabun,6711,เขาค้อ,Khao Kho,671105,สะเดาะพง,Sadao Phong,67270
5716,ภาคกลาง,67,เพชรบูรณ์,Phetchabun,6711,เขาค้อ,Khao Kho,671106,หนองแม่นา,Nong Mae Na,67270
5717,ภาคกลาง,67,เพชรบูรณ์,Phetchabun,6711,เขาค้อ,Khao Kho,671107,เข็กน้อย,Khek Noi,67280
5718,ภาคตะวันตก,70,ราชบุรี,Ratchaburi,7001,เมืองราชบุรี,Mueang Ratchaburi,700101,หน้าเมือง,Na Mueang,70000
5719,ภาคตะวันตก,70,ราชบุรี,Ratchaburi,7001,เมืองราชบุรี,Mueang Ratchaburi,700102,เจดีย์หัก,Chedi Hak,70000
5720,ภาคตะวันตก,70,ราชบุรี,Ratchaburi,7001,เมืองราชบุรี,Mueang Ratchaburi,700103,ดอนตะโก,Don Tako,70000
5721,ภาคตะวันตก,70,ราชบุรี,Ratchaburi,7001,เมืองราชบุรี,Mueang Ratchaburi,700104,หนองกลางนา,Nong Klang Na,70000
5722,ภาคตะวันตก,70,ราชบุรี,Ratchaburi,7001,เมืองราชบุรี,Mueang Ratchaburi,700105,ห้วยไผ่,Huai Phai,70000
5723,ภาคตะวันตก,70,ราชบุรี,Ratchaburi,7001,เมืองราชบุรี,Mueang Ratchaburi,700106,คุ้งน้ำวน,Khung Nam Won,70000
5724,ภาคตะวันตก,70,ราชบุรี,Ratchaburi,7001,เมืองราชบุรี,Mueang Ratchaburi,700107,คุ้งกระถิน,Khung Krathin,70000
5725,ภาคตะวันตก,70,ราชบุรี,Ratchaburi,7001,เมืองราชบุรี,Mueang Ratchaburi,700108,อ่างทอง,Ang Thong,70000
5726,ภาคตะวันตก,70,ราชบุรี,Ratchaburi,7001,เมืองราชบุรี,Mueang Ratchaburi,700109,โคกหม้อ,Khok Mo,70000
5727,ภาคตะวันตก,70,ราชบุรี,Ratchaburi,7001,เมืองราชบุรี,Mueang Ratchaburi,700110,สามเรือน,Sam Ruean,70000
5728,ภาคตะวันตก,70,ราชบุรี,Ratchaburi,7001,เมืองราชบุรี,Mueang Ratchaburi,700111,พิกุลทอง,Phikun Thong,70000
5729,ภาคตะวันตก,70,ราชบุรี,Ratchaburi,7001,เมืองราชบุรี,Mueang Ratchaburi,700112,น้ำพุ,Namphu,70000
5730,ภาคตะวันตก,70,ราชบุรี,Ratchaburi,7001,เมืองราชบุรี,Mueang Ratchaburi,700113,ดอนแร่,Don Rae,70000
5731,ภาคตะวันตก,70,ราชบุรี,Ratchaburi,7001,เมืองราชบุรี,Mueang Ratchaburi,700114,หินกอง,Hin Kong,70000
5732,ภาคตะวันตก,70,ราชบุรี,Ratchaburi,7001,เมืองราชบุรี,Mueang Ratchaburi,700115,เขาแร้ง,Khao Raeng,70000
5733,ภาคตะวันตก,70,ราชบุรี,Ratchaburi,7001,เมืองราชบุรี,Mueang Ratchaburi,700116,เกาะพลับพลา,Ko Phlapphla,70000
5734,ภาคตะวันตก,70,ราชบุรี,Ratchaburi,7001,เมืองราชบุรี,Mueang Ratchaburi,700117,หลุมดิน,Lum Din,70000
5735,ภาคตะวันตก,70,ราชบุรี,Ratchaburi,7001,เมืองราชบุรี,Mueang Ratchaburi,700118,บางป่า,Bang Pa,70000
5736,ภาคตะวันตก,70,ราชบุรี,Ratchaburi,7001,เมืองราชบุรี,Mueang Ratchaburi,700119,พงสวาย,Phong Sawai,70000
5737,ภาคตะวันตก,70,ราชบุรี,Ratchaburi,7001,เมืองราชบุรี,Mueang Ratchaburi,700120,คูบัว,Khu Bua,70000
5738,ภาคตะวันตก,70,ราชบุรี,Ratchaburi,7001,เมืองราชบุรี,Mueang Ratchaburi,700121,ท่าราบ,Tha Rap,70000
5739,ภาคตะวันตก,70,ราชบุรี,Ratchaburi,7001,เมืองราชบุรี,Mueang Ratchaburi,700122,บ้านไร่,Ban Rai,70000
5740,ภาคตะวันตก,70,ราชบุรี,Ratchaburi,7002,จอมบึง,Chom Bueng,700201,จอมบึง,Chom Bueng,70150
5741,ภาคตะวันตก,70,ราชบุรี,Ratchaburi,7002,จอมบึง,Chom Bueng,700202,ปากช่อง,Pak Chong,70150
5742,ภาคตะวันตก,70,ราชบุรี,Ratchaburi,7002,จอมบึง,Chom Bueng,700203,เบิกไพร,Boek Phrai,70150
5743,ภาคตะวันตก,70,ราชบุรี,Ratchaburi,7002,จอมบึง,Chom Bueng,700204,ด่านทับตะโก,Dan Thap Tako,70150
5744,ภาคตะวันตก,70,ราชบุรี,Ratchaburi,7002,จอมบึง,Chom Bueng,700205,แก้มอ้น,Kaem On,70150
5745,ภาคตะวันตก,70,ราชบุรี,Ratchaburi,7002,จอมบึง,Chom Bueng,700206,รางบัว,Rang Bua,70150
5746,ภาคตะวันตก,70,ราชบุรี,Ratchaburi,7003,สวนผึ้ง,Suan Phueng,700301,สวนผึ้ง,Suan Phueng,70180
5747,ภาคตะวันตก,70,ราชบุรี,Ratchaburi,7003,สวนผึ้ง,Suan Phueng,700302,ป่าหวาย,Pa Wai,70180
5748,ภาคตะวันตก,70,ราชบุรี,Ratchaburi,7003,สวนผึ้ง,Suan Phueng,700304,ท่าเคย,Tha Khoei,70180
5749,ภาคตะวันตก,70,ราชบุรี,Ratchaburi,7003,สวนผึ้ง,Suan Phueng,700307,ตะนาวศรี,Tanao Si,70180
5750,ภาคตะวันตก,70,ราชบุรี,Ratchaburi,7004,ดำเนินสะดวก,Damnoen Saduak,700401,ดำเนินสะดวก,Damnoen Saduak,70130
5751,ภาคตะวันตก,70,ราชบุรี,Ratchaburi,7004,ดำเนินสะดวก,Damnoen Saduak,700402,ประสาทสิทธิ์,Prasatsit,70210
5752,ภาคตะวันตก,70,ราชบุรี,Ratchaburi,7004,ดำเนินสะดวก,Damnoen Saduak,700403,ศรีสุราษฎร์,Si Surat,70130
5753,ภาคตะวันตก,70,ราชบุรี,Ratchaburi,7004,ดำเนินสะดวก,Damnoen Saduak,700404,ตาหลวง,Ta Luang,70130
5754,ภาคตะวันตก,70,ราชบุรี,Ratchaburi,7004,ดำเนินสะดวก,Damnoen Saduak,700405,ดอนกรวย,Don Kruai,70130
5755,ภาคตะวันตก,70,ราชบุรี,Ratchaburi,7004,ดำเนินสะดวก,Damnoen Saduak,700406,ดอนคลัง,Don Khlang,70130
5756,ภาคตะวันตก,70,ราชบุรี,Ratchaburi,7004,ดำเนินสะดวก,Damnoen Saduak,700407,บัวงาม,Bua Ngam,70210
5757,ภาคตะวันตก,70,ราชบุรี,Ratchaburi,7004,ดำเนินสะดวก,Damnoen Saduak,700408,บ้านไร่,Ban Rai,70130
5758,ภาคตะวันตก,70,ราชบุรี,Ratchaburi,7004,ดำเนินสะดวก,Damnoen Saduak,700409,แพงพวย,Phaeng Phuai,70130
5759,ภาคตะวันตก,70,ราชบุรี,Ratchaburi,7004,ดำเนินสะดวก,Damnoen Saduak,700410,สี่หมื่น,Si Muen,70130
5760,ภาคตะวันตก,70,ราชบุรี,Ratchaburi,7004,ดำเนินสะดวก,Damnoen Saduak,700411,ท่านัด,Tha Nat,70130
5761,ภาคตะวันตก,70,ราชบุรี,Ratchaburi,7004,ดำเนินสะดวก,Damnoen Saduak,700412,ขุนพิทักษ์,Khun Phithak,70130
5762,ภาคตะวันตก,70,ราชบุรี,Ratchaburi,7004,ดำเนินสะดวก,Damnoen Saduak,700413,ดอนไผ่,Don Phi,70130
5763,ภาคตะวันตก,70,ราชบุรี,Ratchaburi,7005,บ้านโป่ง,Ban Pong,700501,บ้านโป่ง,Ban Pong,70110
5764,ภาคตะวันตก,70,ราชบุรี,Ratchaburi,7005,บ้านโป่ง,Ban Pong,700502,ท่าผา,Tha Pha,70110
5765,ภาคตะวันตก,70,ราชบุรี,Ratchaburi,7005,บ้านโป่ง,Ban Pong,700503,กรับใหญ่,Krap Yai,70190
5766,ภาคตะวันตก,70,ราชบุรี,Ratchaburi,7005,บ้านโป่ง,Ban Pong,700504,ปากแรต,Pak Raet,70110
5767,ภาคตะวันตก,70,ราชบุรี,Ratchaburi,7005,บ้านโป่ง,Ban Pong,700505,หนองกบ,Nong Kop,70110
5768,ภาคตะวันตก,70,ราชบุรี,Ratchaburi,7005,บ้านโป่ง,Ban Pong,700506,หนองอ้อ,Nong O,70110
5769,ภาคตะวันตก,70,ราชบุรี,Ratchaburi,7005,บ้านโป่ง,Ban Pong,700507,ดอนกระเบื้อง,Don Krabueang,70110
5770,ภาคตะวันตก,70,ราชบุรี,Ratchaburi,7005,บ้านโป่ง,Ban Pong,700508,สวนกล้วย,Suan Kluai,70110
5771,ภาคตะวันตก,70,ราชบุรี,Ratchaburi,7005,บ้านโป่ง,Ban Pong,700509,นครชุมน์,Nakhon Chum,70110
5772,ภาคตะวันตก,70,ราชบุรี,Ratchaburi,7005,บ้านโป่ง,Ban Pong,700510,บ้านม่วง,Ban Muang,70110
5773,ภาคตะวันตก,70,ราชบุรี,Ratchaburi,7005,บ้านโป่ง,Ban Pong,700511,คุ้งพยอม,Khung Phayom,70110
5774,ภาคตะวันตก,70,ราชบุรี,Ratchaburi,7005,บ้านโป่ง,Ban Pong,700512,หนองปลาหมอ,Nong Pla Mo,70110
5775,ภาคตะวันตก,70,ราชบุรี,Ratchaburi,7005,บ้านโป่ง,Ban Pong,700513,เขาขลุง,Khao Khlung,70110
5776,ภาคตะวันตก,70,ราชบุรี,Ratchaburi,7005,บ้านโป่ง,Ban Pong,700514,เบิกไพร,Boek Phrai,70110
5777,ภาคตะวันตก,70,ราชบุรี,Ratchaburi,7005,บ้านโป่ง,Ban Pong,700515,ลาดบัวขาว,Lat Bua Khao,70110
5778,ภาคตะวันตก,70,ราชบุรี,Ratchaburi,7006,บางแพ,Bang Phae,700601,บางแพ,Bang Phae,70160
5779,ภาคตะวันตก,70,ราชบุรี,Ratchaburi,7006,บางแพ,Bang Phae,700602,วังเย็น,Wang Yen,70160
5780,ภาคตะวันตก,70,ราชบุรี,Ratchaburi,7006,บางแพ,Bang Phae,700603,หัวโพ,Hua Pho,70160
5781,ภาคตะวันตก,70,ราชบุรี,Ratchaburi,7006,บางแพ,Bang Phae,700604,วัดแก้ว,Wat Kaeo,70160
5782,ภาคตะวันตก,70,ราชบุรี,Ratchaburi,7006,บางแพ,Bang Phae,700605,ดอนใหญ่,Don Yai,70160
5783,ภาคตะวันตก,70,ราชบุรี,Ratchaburi,7006,บางแพ,Bang Phae,700606,ดอนคา,Don Kha,70160
5784,ภาคตะวันตก,70,ราชบุรี,Ratchaburi,7006,บางแพ,Bang Phae,700607,โพหัก,Pho Hak,70160
5785,ภาคตะวันตก,70,ราชบุรี,Ratchaburi,7007,โพธาราม,Photharam,700701,โพธาราม,Photharam,70120
5786,ภาคตะวันตก,70,ราชบุรี,Ratchaburi,7007,โพธาราม,Photharam,700702,ดอนกระเบื้อง,Don Krabueang,70120
5787,ภาคตะวันตก,70,ราชบุรี,Ratchaburi,7007,โพธาราม,Photharam,700703,หนองโพ,Nong Pho,70120
5788,ภาคตะวันตก,70,ราชบุรี,Ratchaburi,7007,โพธาราม,Photharam,700704,บ้านเลือก,Ban Lueak,70120
5789,ภาคตะวันตก,70,ราชบุรี,Ratchaburi,7007,โพธาราม,Photharam,700705,คลองตาคต,Khlong Ta Kot,70120
5790,ภาคตะวันตก,70,ราชบุรี,Ratchaburi,7007,โพธาราม,Photharam,700706,บ้านฆ้อง,Ban Khong,70120
5791,ภาคตะวันตก,70,ราชบุรี,Ratchaburi,7007,โพธาราม,Photharam,700707,บ้านสิงห์,Ban Sing,70120
5792,ภาคตะวันตก,70,ราชบุรี,Ratchaburi,7007,โพธาราม,Photharam,700708,ดอนทราย,Don Sai,70120
5793,ภาคตะวันตก,70,ราชบุรี,Ratchaburi,7007,โพธาราม,Photharam,700709,เจ็ดเสมียน,Chet Samian,70120
5794,ภาคตะวันตก,70,ราชบุรี,Ratchaburi,7007,โพธาราม,Photharam,700710,คลองข่อย,Khlong Khoi,70120
5795,ภาคตะวันตก,70,ราชบุรี,Ratchaburi,7007,โพธาราม,Photharam,700711,ชำแระ,Chamrae,70120
5796,ภาคตะวันตก,70,ราชบุรี,Ratchaburi,7007,โพธาราม,Photharam,700712,สร้อยฟ้า,Soi Fa,70120
5797,ภาคตะวันตก,70,ราชบุรี,Ratchaburi,7007,โพธาราม,Photharam,700713,ท่าชุมพล,Tha Chumphon,70120
5798,ภาคตะวันตก,70,ราชบุรี,Ratchaburi,7007,โพธาราม,Photharam,700714,บางโตนด,Bang Tanot,70120
5799,ภาคตะวันตก,70,ราชบุรี,Ratchaburi,7007,โพธาราม,Photharam,700715,เตาปูน,Tao Pun,70120
5800,ภาคตะวันตก,70,ราชบุรี,Ratchaburi,7007,โพธาราม,Photharam,700716,นางแก้ว,Nang Kaeo,70120
5801,ภาคตะวันตก,70,ราชบุรี,Ratchaburi,7007,โพธาราม,Photharam,700717,ธรรมเสน,Thammasen,70120
5802,ภาคตะวันตก,70,ราชบุรี,Ratchaburi,7007,โพธาราม,Photharam,700718,เขาชะงุ้ม,Khao Cha-Ngum,70120
5803,ภาคตะวันตก,70,ราชบุรี,Ratchaburi,7007,โพธาราม,Photharam,700719,หนองกวาง,Nong Kwang,70120
5804,ภาคตะวันตก,70,ราชบุรี,Ratchaburi,7008,ปากท่อ,Pak Tho,700801,ทุ่งหลวง,Thung Luang,70140
5805,ภาคตะวันตก,70,ราชบุรี,Ratchaburi,7008,ปากท่อ,Pak Tho,700802,วังมะนาว,Wang Manao,70140
5806,ภาคตะวันตก,70,ราชบุรี,Ratchaburi,7008,ปากท่อ,Pak Tho,700803,ดอนทราย,Don Sai,70140
5807,ภาคตะวันตก,70,ราชบุรี,Ratchaburi,7008,ปากท่อ,Pak Tho,700804,หนองกระทุ่ม,Nong Krathum,70140
5808,ภาคตะวันตก,70,ราชบุรี,Ratchaburi,7008,ปากท่อ,Pak Tho,700805,ปากท่อ,Pak Tho,70140
5809,ภาคตะวันตก,70,ราชบุรี,Ratchaburi,7008,ปากท่อ,Pak Tho,700806,ป่าไก่,Pa Kai,70140
5810,ภาคตะวันตก,70,ราชบุรี,Ratchaburi,7008,ปากท่อ,Pak Tho,700807,วัดยางงาม,Wat Yang Ngam,70140
5811,ภาคตะวันตก,70,ราชบุรี,Ratchaburi,7008,ปากท่อ,Pak Tho,700808,อ่างหิน,Ang Hin,70140
5812,ภาคตะวันตก,70,ราชบุรี,Ratchaburi,7008,ปากท่อ,Pak Tho,700809,บ่อกระดาน,Bo Kradan,70140
5813,ภาคตะวันตก,70,ราชบุรี,Ratchaburi,7008,ปากท่อ,Pak Tho,700810,ยางหัก,Yang Hak,70140
5814,ภาคตะวันตก,70,ราชบุรี,Ratchaburi,7008,ปากท่อ,Pak Tho,700811,วันดาว,Wan Dao,70140
5815,ภาคตะวันตก,70,ราชบุรี,Ratchaburi,7008,ปากท่อ,Pak Tho,700812,ห้วยยางโทน,Huai Yang Thon,70140
5816,ภาคตะวันตก,70,ราชบุรี,Ratchaburi,7009,วัดเพลง,Wat Phleng,700901,เกาะศาลพระ,Ko San Phra,70170
5817,ภาคตะวันตก,70,ราชบุรี,Ratchaburi,7009,วัดเพลง,Wat Phleng,700902,จอมประทัด,Chom Prathat,70170
5818,ภาคตะวันตก,70,ราชบุรี,Ratchaburi,7009,วัดเพลง,Wat Phleng,700903,วัดเพลง,Wat Phleng,70170
5819,ภาคตะวันตก,70,ราชบุรี,Ratchaburi,7010,บ้านคา,Ban Kha,701001,บ้านคา,Ban Kha,70180
5820,ภาคตะวันตก,70,ราชบุรี,Ratchaburi,7010,บ้านคา,Ban Kha,701002,บ้านบึง,Ban Bueng,70180
5821,ภาคตะวันตก,70,ราชบุรี,Ratchaburi,7010,บ้านคา,Ban Kha,701003,หนองพันจันทร์,Nong Phan Chan,70180
5822,ภาคตะวันตก,71,กาญจนบุรี,Kanchanaburi,7101,เมืองกาญจนบุรี,Mueang Kanchanaburi,710101,บ้านเหนือ,Ban Nuea,71000
5823,ภาคตะวันตก,71,กาญจนบุรี,Kanchanaburi,7101,เมืองกาญจนบุรี,Mueang Kanchanaburi,710102,บ้านใต้,Ban Tai,71000
5824,ภาคตะวันตก,71,กาญจนบุรี,Kanchanaburi,7101,เมืองกาญจนบุรี,Mueang Kanchanaburi,710103,ปากแพรก,Pak Phraek,71000
5825,ภาคตะวันตก,71,กาญจนบุรี,Kanchanaburi,7101,เมืองกาญจนบุรี,Mueang Kanchanaburi,710104,ท่ามะขาม,Tha Makham,71000
5826,ภาคตะวันตก,71,กาญจนบุรี,Kanchanaburi,7101,เมืองกาญจนบุรี,Mueang Kanchanaburi,710105,แก่งเสี้ยน,Kaeng Sian,71000
5827,ภาคตะวันตก,71,กาญจนบุรี,Kanchanaburi,7101,เมืองกาญจนบุรี,Mueang Kanchanaburi,710106,หนองบัว,Nong Bua,71190
5828,ภาคตะวันตก,71,กาญจนบุรี,Kanchanaburi,7101,เมืองกาญจนบุรี,Mueang Kanchanaburi,710107,ลาดหญ้า,Lat Ya,71190
5829,ภาคตะวันตก,71,กาญจนบุรี,Kanchanaburi,7101,เมืองกาญจนบุรี,Mueang Kanchanaburi,710108,วังด้ง,Wang Dong,71190
5830,ภาคตะวันตก,71,กาญจนบุรี,Kanchanaburi,7101,เมืองกาญจนบุรี,Mueang Kanchanaburi,710109,ช่องสะเดา,Chong Sadao,71190
5831,ภาคตะวันตก,71,กาญจนบุรี,Kanchanaburi,7101,เมืองกาญจนบุรี,Mueang Kanchanaburi,710110,หนองหญ้า,Nong Ya,71000
5832,ภาคตะวันตก,71,กาญจนบุรี,Kanchanaburi,7101,เมืองกาญจนบุรี,Mueang Kanchanaburi,710111,เกาะสำโรง,Ko Samrong,71000
5833,ภาคตะวันตก,71,กาญจนบุรี,Kanchanaburi,7101,เมืองกาญจนบุรี,Mueang Kanchanaburi,710113,บ้านเก่า,Ban Kao,71000
5834,ภาคตะวันตก,71,กาญจนบุรี,Kanchanaburi,7101,เมืองกาญจนบุรี,Mueang Kanchanaburi,710116,วังเย็น,Wang Yen,71000
5835,ภาคตะวันตก,71,กาญจนบุรี,Kanchanaburi,7102,ไทรโยค,Sai Yok,710201,ลุ่มสุ่ม,Lum Sum,71150
5836,ภาคตะวันตก,71,กาญจนบุรี,Kanchanaburi,7102,ไทรโยค,Sai Yok,710202,ท่าเสา,Tha Sao,71150
5837,ภาคตะวันตก,71,กาญจนบุรี,Kanchanaburi,7102,ไทรโยค,Sai Yok,710203,สิงห์,Sing,71150
5838,ภาคตะวันตก,71,กาญจนบุรี,Kanchanaburi,7102,ไทรโยค,Sai Yok,710204,ไทรโยค,Sai Yok,71150
5839,ภาคตะวันตก,71,กาญจนบุรี,Kanchanaburi,7102,ไทรโยค,Sai Yok,710205,วังกระแจะ,Wang Krachae,71150
5840,ภาคตะวันตก,71,กาญจนบุรี,Kanchanaburi,7102,ไทรโยค,Sai Yok,710206,ศรีมงคล,Si Mongkhon,71150
5841,ภาคตะวันตก,71,กาญจนบุรี,Kanchanaburi,7102,ไทรโยค,Sai Yok,710207,บ้องตี้,Bong Ti,71150
5842,ภาคตะวันตก,71,กาญจนบุรี,Kanchanaburi,7103,บ่อพลอย,Bo Phloi,710301,บ่อพลอย,Bo Phloi,71160
5843,ภาคตะวันตก,71,กาญจนบุรี,Kanchanaburi,7103,บ่อพลอย,Bo Phloi,710302,หนองกุ่ม,Nong Kum,71160
5844,ภาคตะวันตก,71,กาญจนบุรี,Kanchanaburi,7103,บ่อพลอย,Bo Phloi,710303,หนองรี,Nong Ri,71220
5845,ภาคตะวันตก,71,กาญจนบุรี,Kanchanaburi,7103,บ่อพลอย,Bo Phloi,710305,หลุมรัง,Lum Rang,71160
5846,ภาคตะวันตก,71,กาญจนบุรี,Kanchanaburi,7103,บ่อพลอย,Bo Phloi,710308,ช่องด่าน,Chong Dan,71160
5847,ภาคตะวันตก,71,กาญจนบุรี,Kanchanaburi,7103,บ่อพลอย,Bo Phloi,710309,หนองกร่าง,Nong Krang,71220
5848,ภาคตะวันตก,71,กาญจนบุรี,Kanchanaburi,7104,ศรีสวัสดิ์,Si Sawat,710401,นาสวน,Na Suan,71250
5849,ภาคตะวันตก,71,กาญจนบุรี,Kanchanaburi,7104,ศรีสวัสดิ์,Si Sawat,710402,ด่านแม่แฉลบ,Dan Mae Chalaep,71250
5850,ภาคตะวันตก,71,กาญจนบุรี,Kanchanaburi,7104,ศรีสวัสดิ์,Si Sawat,710403,หนองเป็ด,Nong Pet,71250
5851,ภาคตะวันตก,71,กาญจนบุรี,Kanchanaburi,7104,ศรีสวัสดิ์,Si Sawat,710404,ท่ากระดาน,Tha Kradan,71250
5852,ภาคตะวันตก,71,กาญจนบุรี,Kanchanaburi,7104,ศรีสวัสดิ์,Si Sawat,710405,เขาโจด,Khao Chot,71220
5853,ภาคตะวันตก,71,กาญจนบุรี,Kanchanaburi,7104,ศรีสวัสดิ์,Si Sawat,710406,แม่กระบุง,Mae Krabung,71250
5854,ภาคตะวันตก,71,กาญจนบุรี,Kanchanaburi,7105,ท่ามะกา,Tha Maka,710501,พงตึก,Phong Tuek,71120
5855,ภาคตะวันตก,71,กาญจนบุรี,Kanchanaburi,7105,ท่ามะกา,Tha Maka,710502,ยางม่วง,Yang Muang,71120
5856,ภาคตะวันตก,71,กาญจนบุรี,Kanchanaburi,7105,ท่ามะกา,Tha Maka,710503,ดอนชะเอม,Don Cha-Em,71130
5857,ภาคตะวันตก,71,กาญจนบุรี,Kanchanaburi,7105,ท่ามะกา,Tha Maka,710504,ท่าไม้,Tha Mai,71120
5858,ภาคตะวันตก,71,กาญจนบุรี,Kanchanaburi,7105,ท่ามะกา,Tha Maka,710505,ตะคร้ำเอน,Takhram En,71130
5859,ภาคตะวันตก,71,กาญจนบุรี,Kanchanaburi,7105,ท่ามะกา,Tha Maka,710506,ท่ามะกา,Tha Maka,71120
5860,ภาคตะวันตก,71,กาญจนบุรี,Kanchanaburi,7105,ท่ามะกา,Tha Maka,710507,ท่าเรือ,Tha Ruea,71130
5861,ภาคตะวันตก,71,กาญจนบุรี,Kanchanaburi,7105,ท่ามะกา,Tha Maka,710508,โคกตะบอง,Khok Tabong,71120
5862,ภาคตะวันตก,71,กาญจนบุรี,Kanchanaburi,7105,ท่ามะกา,Tha Maka,710509,ดอนขมิ้น,Don Khamin,71120
5863,ภาคตะวันตก,71,กาญจนบุรี,Kanchanaburi,7105,ท่ามะกา,Tha Maka,710510,อุโลกสี่หมื่น,Ulok Si Muen,71130
5864,ภาคตะวันตก,71,กาญจนบุรี,Kanchanaburi,7105,ท่ามะกา,Tha Maka,710511,เขาสามสิบหาบ,Khao Sam Sip Hap,71120
5865,ภาคตะวันตก,71,กาญจนบุรี,Kanchanaburi,7105,ท่ามะกา,Tha Maka,710512,พระแท่น,Phra Thaen,71130
5866,ภาคตะวันตก,71,กาญจนบุรี,Kanchanaburi,7105,ท่ามะกา,Tha Maka,710513,หวายเหนียว,Wai Niao,71120
5867,ภาคตะวันตก,71,กาญจนบุรี,Kanchanaburi,7105,ท่ามะกา,Tha Maka,710514,แสนตอ,Saen To,71130
5868,ภาคตะวันตก,71,กาญจนบุรี,Kanchanaburi,7105,ท่ามะกา,Tha Maka,710515,สนามแย้,Sanam Yae,70190
5869,ภาคตะวันตก,71,กาญจนบุรี,Kanchanaburi,7105,ท่ามะกา,Tha Maka,710516,ท่าเสา,Tha Sao,71120
5870,ภาคตะวันตก,71,กาญจนบุรี,Kanchanaburi,7105,ท่ามะกา,Tha Maka,710517,หนองลาน,Nong Lan,71130
5871,ภาคตะวันตก,71,กาญจนบุรี,Kanchanaburi,7106,ท่าม่วง,Tha Muang,710601,ท่าม่วง,Tha Muang,71110
5872,ภาคตะวันตก,71,กาญจนบุรี,Kanchanaburi,7106,ท่าม่วง,Tha Muang,710602,วังขนาย,Wang Khanai,71110
5873,ภาคตะวันตก,71,กาญจนบุรี,Kanchanaburi,7106,ท่าม่วง,Tha Muang,710603,วังศาลา,Wang Sala,71110
5874,ภาคตะวันตก,71,กาญจนบุรี,Kanchanaburi,7106,ท่าม่วง,Tha Muang,710604,ท่าล้อ,Tha Lo,71110
5875,ภาคตะวันตก,71,กาญจนบุรี,Kanchanaburi,7106,ท่าม่วง,Tha Muang,710605,หนองขาว,Nong Khao,71110
5876,ภาคตะวันตก,71,กาญจนบุรี,Kanchanaburi,7106,ท่าม่วง,Tha Muang,710606,ทุ่งทอง,Thung Thong,71110
5877,ภาคตะวันตก,71,กาญจนบุรี,Kanchanaburi,7106,ท่าม่วง,Tha Muang,710607,เขาน้อย,Khao Noi,71110
5878,ภาคตะวันตก,71,กาญจนบุรี,Kanchanaburi,7106,ท่าม่วง,Tha Muang,710608,ม่วงชุม,Muang Chum,71110
5879,ภาคตะวันตก,71,กาญจนบุรี,Kanchanaburi,7106,ท่าม่วง,Tha Muang,710609,บ้านใหม่,Ban Mai,71110
5880,ภาคตะวันตก,71,กาญจนบุรี,Kanchanaburi,7106,ท่าม่วง,Tha Muang,710610,พังตรุ,Phang Tru,71110
5881,ภาคตะวันตก,71,กาญจนบุรี,Kanchanaburi,7106,ท่าม่วง,Tha Muang,710611,ท่าตะคร้อ,Tha Takhro,71130
5882,ภาคตะวันตก,71,กาญจนบุรี,Kanchanaburi,7106,ท่าม่วง,Tha Muang,710612,รางสาลี่,Rang Sali,71110
5883,ภาคตะวันตก,71,กาญจนบุรี,Kanchanaburi,7106,ท่าม่วง,Tha Muang,710613,หนองตากยา,Nong Tak Ya,71110
5884,ภาคตะวันตก,71,กาญจนบุรี,Kanchanaburi,7107,ทองผาภูมิ,Thong Pha Phum,710701,ท่าขนุน,Tha Khanun,71180
5885,ภาคตะวันตก,71,กาญจนบุรี,Kanchanaburi,7107,ทองผาภูมิ,Thong Pha Phum,710702,ปิล๊อก,Pi Lok,71180
5886,ภาคตะวันตก,71,กาญจนบุรี,Kanchanaburi,7107,ทองผาภูมิ,Thong Pha Phum,710703,หินดาด,Hin Dat,71180
5887,ภาคตะวันตก,71,กาญจนบุรี,Kanchanaburi,7107,ทองผาภูมิ,Thong Pha Phum,710704,ลิ่นถิ่น,Lin Thin,71180
5888,ภาคตะวันตก,71,กาญจนบุรี,Kanchanaburi,7107,ทองผาภูมิ,Thong Pha Phum,710705,ชะแล,Chalae,71180
5889,ภาคตะวันตก,71,กาญจนบุรี,Kanchanaburi,7107,ทองผาภูมิ,Thong Pha Phum,710706,ห้วยเขย่ง,Huai Khayeng,71180
5890,ภาคตะวันตก,71,กาญจนบุรี,Kanchanaburi,7107,ทองผาภูมิ,Thong Pha Phum,710707,สหกรณ์นิคม,Sahakon Nikhom,71180
5891,ภาคตะวันตก,71,กาญจนบุรี,Kanchanaburi,7108,สังขละบุรี,Sangkhla Buri,710801,หนองลู,Nong Lu,71240
5892,ภาคตะวันตก,71,กาญจนบุรี,Kanchanaburi,7108,สังขละบุรี,Sangkhla Buri,710802,ปรังเผล,Prang Phle,71240
5893,ภาคตะวันตก,71,กาญจนบุรี,Kanchanaburi,7108,สังขละบุรี,Sangkhla Buri,710803,ไล่โว่,Lai Wo,71240
5894,ภาคตะวันตก,71,กาญจนบุรี,Kanchanaburi,7109,พนมทวน,Phanom Thuan,710901,พนมทวน,Phanom Thuan,71140
5895,ภาคตะวันตก,71,กาญจนบุรี,Kanchanaburi,7109,พนมทวน,Phanom Thuan,710902,หนองโรง,Nong Rong,71140
5896,ภาคตะวันตก,71,กาญจนบุรี,Kanchanaburi,7109,พนมทวน,Phanom Thuan,710903,ทุ่งสมอ,Thung Samo,71140
5897,ภาคตะวันตก,71,กาญจนบุรี,Kanchanaburi,7109,พนมทวน,Phanom Thuan,710904,ดอนเจดีย์,Don Chedi,71140
5898,ภาคตะวันตก,71,กาญจนบุรี,Kanchanaburi,7109,พนมทวน,Phanom Thuan,710905,พังตรุ,Phang Tru,71140
5899,ภาคตะวันตก,71,กาญจนบุรี,Kanchanaburi,7109,พนมทวน,Phanom Thuan,710906,รางหวาย,Rang Wai,71170
5900,ภาคตะวันตก,71,กาญจนบุรี,Kanchanaburi,7109,พนมทวน,Phanom Thuan,710911,หนองสาหร่าย,Nong Sarai,71140
5901,ภาคตะวันตก,71,กาญจนบุรี,Kanchanaburi,7109,พนมทวน,Phanom Thuan,710912,ดอนตาเพชร,Don Ta Phet,71140
5902,ภาคตะวันตก,71,กาญจนบุรี,Kanchanaburi,7110,เลาขวัญ,Lao Khwan,711001,เลาขวัญ,Lao Khwan,71210
5903,ภาคตะวันตก,71,กาญจนบุรี,Kanchanaburi,7110,เลาขวัญ,Lao Khwan,711002,หนองโสน,Nong Sano,71210
5904,ภาคตะวันตก,71,กาญจนบุรี,Kanchanaburi,7110,เลาขวัญ,Lao Khwan,711003,หนองประดู่,Nong Pradu,71210
5905,ภาคตะวันตก,71,กาญจนบุรี,Kanchanaburi,7110,เลาขวัญ,Lao Khwan,711004,หนองปลิง,Nong Pling,71210
5906,ภาคตะวันตก,71,กาญจนบุรี,Kanchanaburi,7110,เลาขวัญ,Lao Khwan,711005,หนองนกแก้ว,Nong Nok Kaeo,71210
5907,ภาคตะวันตก,71,กาญจนบุรี,Kanchanaburi,7110,เลาขวัญ,Lao Khwan,711006,ทุ่งกระบ่ำ,Thung Krabam,71210
5908,ภาคตะวันตก,71,กาญจนบุรี,Kanchanaburi,7110,เลาขวัญ,Lao Khwan,711007,หนองฝ้าย,Nong Fai,71210
5909,ภาคตะวันตก,71,กาญจนบุรี,Kanchanaburi,7111,ด่านมะขามเตี้ย,Dan Makham Tia,711101,ด่านมะขามเตี้ย,Dan Makham Tia,71260
5910,ภาคตะวันตก,71,กาญจนบุรี,Kanchanaburi,7111,ด่านมะขามเตี้ย,Dan Makham Tia,711102,กลอนโด,Klon Do,71260
5911,ภาคตะวันตก,71,กาญจนบุรี,Kanchanaburi,7111,ด่านมะขามเตี้ย,Dan Makham Tia,711103,จรเข้เผือก,Chorakhe Phueak,71260
5912,ภาคตะวันตก,71,กาญจนบุรี,Kanchanaburi,7111,ด่านมะขามเตี้ย,Dan Makham Tia,711104,หนองไผ่,Nong Phai,71260
5913,ภาคตะวันตก,71,กาญจนบุรี,Kanchanaburi,7112,หนองปรือ,Nong Prue,711201,หนองปรือ,Nong Prue,71220
5914,ภาคตะวันตก,71,กาญจนบุรี,Kanchanaburi,7112,หนองปรือ,Nong Prue,711202,หนองปลาไหล,Nong Pla Lai,71220
5915,ภาคตะวันตก,71,กาญจนบุรี,Kanchanaburi,7112,หนองปรือ,Nong Prue,711203,สมเด็จเจริญ,Somdet Charoen,71220
5916,ภาคตะวันตก,71,กาญจนบุรี,Kanchanaburi,7113,ห้วยกระเจา,Huai Krachao,711301,ห้วยกระเจา,Huai Krachao,71170
5917,ภาคตะวันตก,71,กาญจนบุรี,Kanchanaburi,7113,ห้วยกระเจา,Huai Krachao,711302,วังไผ่,Wang Phai,71170
5918,ภาคตะวันตก,71,กาญจนบุรี,Kanchanaburi,7113,ห้วยกระเจา,Huai Krachao,711303,ดอนแสลบ,Don Salaep,71170
5919,ภาคตะวันตก,71,กาญจนบุรี,Kanchanaburi,7113,ห้วยกระเจา,Huai Krachao,711304,สระลงเรือ,Sa Long Ruea,71170
5920,ภาคกลาง,72,สุพรรณบุรี,Suphan Buri,7201,เมืองสุพรรณบุรี,Mueang Saphan Buri,720101,ท่าพี่เลี้ยง,Tha Phi Liang,72000
5921,ภาคกลาง,72,สุพรรณบุรี,Suphan Buri,7201,เมืองสุพรรณบุรี,Mueang Saphan Buri,720102,รั้วใหญ่,Rua Yai,72000
5922,ภาคกลาง,72,สุพรรณบุรี,Suphan Buri,7201,เมืองสุพรรณบุรี,Mueang Saphan Buri,720103,ทับตีเหล็ก,Thap Ti Lek,72000
5923,ภาคกลาง,72,สุพรรณบุรี,Suphan Buri,7201,เมืองสุพรรณบุรี,Mueang Saphan Buri,720104,ท่าระหัด,Tha Rahat,72000
5924,ภาคกลาง,72,สุพรรณบุรี,Suphan Buri,7201,เมืองสุพรรณบุรี,Mueang Saphan Buri,720105,ไผ่ขวาง,Phai Khwang,72000
5925,ภาคกลาง,72,สุพรรณบุรี,Suphan Buri,7201,เมืองสุพรรณบุรี,Mueang Saphan Buri,720106,โคกโคเฒ่า,Khok Kho Thao,72000
5926,ภาคกลาง,72,สุพรรณบุรี,Suphan Buri,7201,เมืองสุพรรณบุรี,Mueang Saphan Buri,720107,ดอนตาล,Don Tan,72000
5927,ภาคกลาง,72,สุพรรณบุรี,Suphan Buri,7201,เมืองสุพรรณบุรี,Mueang Saphan Buri,720108,ดอนมะสังข์,Don Masang,72000
5928,ภาคกลาง,72,สุพรรณบุรี,Suphan Buri,7201,เมืองสุพรรณบุรี,Mueang Saphan Buri,720109,พิหารแดง,Phihan Daeng,72000
5929,ภาคกลาง,72,สุพรรณบุรี,Suphan Buri,7201,เมืองสุพรรณบุรี,Mueang Saphan Buri,720110,ดอนกำยาน,Don Kamyan,72000
5930,ภาคกลาง,72,สุพรรณบุรี,Suphan Buri,7201,เมืองสุพรรณบุรี,Mueang Saphan Buri,720111,ดอนโพธิ์ทอง,Don Pho Thong,72000
5931,ภาคกลาง,72,สุพรรณบุรี,Suphan Buri,7201,เมืองสุพรรณบุรี,Mueang Saphan Buri,720112,บ้านโพธิ์,Ban Pho,72000
5932,ภาคกลาง,72,สุพรรณบุรี,Suphan Buri,7201,เมืองสุพรรณบุรี,Mueang Saphan Buri,720113,สระแก้ว,Sa Kaeo,72230
5933,ภาคกลาง,72,สุพรรณบุรี,Suphan Buri,7201,เมืองสุพรรณบุรี,Mueang Saphan Buri,720114,ตลิ่งชัน,Taling Chan,72230
5934,ภาคกลาง,72,สุพรรณบุรี,Suphan Buri,7201,เมืองสุพรรณบุรี,Mueang Saphan Buri,720115,บางกุ้ง,Bang Kung,72210
5935,ภาคกลาง,72,สุพรรณบุรี,Suphan Buri,7201,เมืองสุพรรณบุรี,Mueang Saphan Buri,720116,ศาลาขาว,Sala Khao,72210
5936,ภาคกลาง,72,สุพรรณบุรี,Suphan Buri,7201,เมืองสุพรรณบุรี,Mueang Saphan Buri,720117,สวนแตง,Suan Taeng,72210
5937,ภาคกลาง,72,สุพรรณบุรี,Suphan Buri,7201,เมืองสุพรรณบุรี,Mueang Saphan Buri,720118,สนามชัย,Sanam Chai,72000
5938,ภาคกลาง,72,สุพรรณบุรี,Suphan Buri,7201,เมืองสุพรรณบุรี,Mueang Saphan Buri,720119,โพธิ์พระยา,Pho Phraya,72000
5939,ภาคกลาง,72,สุพรรณบุรี,Suphan Buri,7201,เมืองสุพรรณบุรี,Mueang Saphan Buri,720120,สนามคลี,Sanam Khli,72230
5940,ภาคกลาง,72,สุพรรณบุรี,Suphan Buri,7202,เดิมบางนางบวช,Doem Bang Nang Buat,720201,เขาพระ,Khao Phra,72120
5941,ภาคกลาง,72,สุพรรณบุรี,Suphan Buri,7202,เดิมบางนางบวช,Doem Bang Nang Buat,720202,เดิมบาง,Doem Bang,72120
5942,ภาคกลาง,72,สุพรรณบุรี,Suphan Buri,7202,เดิมบางนางบวช,Doem Bang Nang Buat,720203,นางบวช,Nang Buat,72120
5943,ภาคกลาง,72,สุพรรณบุรี,Suphan Buri,7202,เดิมบางนางบวช,Doem Bang Nang Buat,720204,เขาดิน,Khao Din,72120
5944,ภาคกลาง,72,สุพรรณบุรี,Suphan Buri,7202,เดิมบางนางบวช,Doem Bang Nang Buat,720205,ปากน้ำ,Pak Nam,72120
5945,ภาคกลาง,72,สุพรรณบุรี,Suphan Buri,7202,เดิมบางนางบวช,Doem Bang Nang Buat,720206,ทุ่งคลี,Thung Khli,72120
5946,ภาคกลาง,72,สุพรรณบุรี,Suphan Buri,7202,เดิมบางนางบวช,Doem Bang Nang Buat,720207,โคกช้าง,Khok Chang,72120
5947,ภาคกลาง,72,สุพรรณบุรี,Suphan Buri,7202,เดิมบางนางบวช,Doem Bang Nang Buat,720208,หัวเขา,Hua Khao,72120
5948,ภาคกลาง,72,สุพรรณบุรี,Suphan Buri,7202,เดิมบางนางบวช,Doem Bang Nang Buat,720209,หัวนา,Hua Na,72120
5949,ภาคกลาง,72,สุพรรณบุรี,Suphan Buri,7202,เดิมบางนางบวช,Doem Bang Nang Buat,720210,บ่อกรุ,Bo Kru,72120
5950,ภาคกลาง,72,สุพรรณบุรี,Suphan Buri,7202,เดิมบางนางบวช,Doem Bang Nang Buat,720211,วังศรีราช,Wang Si Rat,72120
5951,ภาคกลาง,72,สุพรรณบุรี,Suphan Buri,7202,เดิมบางนางบวช,Doem Bang Nang Buat,720212,ป่าสะแก,Pa Sakae,72120
5952,ภาคกลาง,72,สุพรรณบุรี,Suphan Buri,7202,เดิมบางนางบวช,Doem Bang Nang Buat,720213,ยางนอน,Yang Non,72120
5953,ภาคกลาง,72,สุพรรณบุรี,Suphan Buri,7202,เดิมบางนางบวช,Doem Bang Nang Buat,720214,หนองกระทุ่ม,Nong Krathum,72120
5954,ภาคกลาง,72,สุพรรณบุรี,Suphan Buri,7203,ด่านช้าง,Dan Chang,720301,หนองมะค่าโมง,Nong Makha Mong,72180
5955,ภาคกลาง,72,สุพรรณบุรี,Suphan Buri,7203,ด่านช้าง,Dan Chang,720302,ด่านช้าง,Dan Chang,72180
5956,ภาคกลาง,72,สุพรรณบุรี,Suphan Buri,7203,ด่านช้าง,Dan Chang,720303,ห้วยขมิ้น,Huai Khamin,72180
5957,ภาคกลาง,72,สุพรรณบุรี,Suphan Buri,7203,ด่านช้าง,Dan Chang,720304,องค์พระ,Ong Phra,72180
5958,ภาคกลาง,72,สุพรรณบุรี,Suphan Buri,7203,ด่านช้าง,Dan Chang,720305,วังคัน,Wang Khan,72180
5959,ภาคกลาง,72,สุพรรณบุรี,Suphan Buri,7203,ด่านช้าง,Dan Chang,720306,นิคมกระเสียว,Nikhom Krasiao,72180
5960,ภาคกลาง,72,สุพรรณบุรี,Suphan Buri,7203,ด่านช้าง,Dan Chang,720307,วังยาว,Wang Yao,72180
5961,ภาคกลาง,72,สุพรรณบุรี,Suphan Buri,7204,บางปลาม้า,Bang Pla Ma,720401,โคกคราม,Khok Khram,72150
5962,ภาคกลาง,72,สุพรรณบุรี,Suphan Buri,7204,บางปลาม้า,Bang Pla Ma,720402,บางปลาม้า,Bang Pla Ma,72150
5963,ภาคกลาง,72,สุพรรณบุรี,Suphan Buri,7204,บางปลาม้า,Bang Pla Ma,720403,ตะค่า,Takha,72150
5964,ภาคกลาง,72,สุพรรณบุรี,Suphan Buri,7204,บางปลาม้า,Bang Pla Ma,720404,บางใหญ่,Bang Yai,72150
5965,ภาคกลาง,72,สุพรรณบุรี,Suphan Buri,7204,บางปลาม้า,Bang Pla Ma,720405,กฤษณา,Kritsana,72150
5966,ภาคกลาง,72,สุพรรณบุรี,Suphan Buri,7204,บางปลาม้า,Bang Pla Ma,720406,สาลี,Sali,72150
5967,ภาคกลาง,72,สุพรรณบุรี,Suphan Buri,7204,บางปลาม้า,Bang Pla Ma,720407,ไผ่กองดิน,Phai Kong Din,72150
5968,ภาคกลาง,72,สุพรรณบุรี,Suphan Buri,7204,บางปลาม้า,Bang Pla Ma,720408,องครักษ์,Ongkharak,72150
5969,ภาคกลาง,72,สุพรรณบุรี,Suphan Buri,7204,บางปลาม้า,Bang Pla Ma,720409,จรเข้ใหญ่,Chorakhe Yai,72150
5970,ภาคกลาง,72,สุพรรณบุรี,Suphan Buri,7204,บางปลาม้า,Bang Pla Ma,720410,บ้านแหลม,Ban Laem,72150
5971,ภาคกลาง,72,สุพรรณบุรี,Suphan Buri,7204,บางปลาม้า,Bang Pla Ma,720411,มะขามล้ม,Makham Lom,72150
5972,ภาคกลาง,72,สุพรรณบุรี,Suphan Buri,7204,บางปลาม้า,Bang Pla Ma,720412,วังน้ำเย็น,Wang Nam Yen,72150
5973,ภาคกลาง,72,สุพรรณบุรี,Suphan Buri,7204,บางปลาม้า,Bang Pla Ma,720413,วัดโบสถ์,Wat Bot,72150
5974,ภาคกลาง,72,สุพรรณบุรี,Suphan Buri,7204,บางปลาม้า,Bang Pla Ma,720414,วัดดาว,Wat Dao,72150
5975,ภาคกลาง,72,สุพรรณบุรี,Suphan Buri,7205,ศรีประจันต์,Si Prachan,720501,ศรีประจันต์,Si Prachan,72140
5976,ภาคกลาง,72,สุพรรณบุรี,Suphan Buri,7205,ศรีประจันต์,Si Prachan,720502,บ้านกร่าง,Ban Krang,72140
5977,ภาคกลาง,72,สุพรรณบุรี,Suphan Buri,7205,ศรีประจันต์,Si Prachan,720503,มดแดง,Mot Daeng,72140
5978,ภาคกลาง,72,สุพรรณบุรี,Suphan Buri,7205,ศรีประจันต์,Si Prachan,720504,บางงาม,Bang Ngam,72140
5979,ภาคกลาง,72,สุพรรณบุรี,Suphan Buri,7205,ศรีประจันต์,Si Prachan,720505,ดอนปรู,Don Pru,72140
5980,ภาคกลาง,72,สุพรรณบุรี,Suphan Buri,7205,ศรีประจันต์,Si Prachan,720506,ปลายนา,Plai Na,72140
5981,ภาคกลาง,72,สุพรรณบุรี,Suphan Buri,7205,ศรีประจันต์,Si Prachan,720507,วังหว้า,Wang Wa,72140
5982,ภาคกลาง,72,สุพรรณบุรี,Suphan Buri,7205,ศรีประจันต์,Si Prachan,720508,วังน้ำซับ,Wang Nam Sap,72140
5983,ภาคกลาง,72,สุพรรณบุรี,Suphan Buri,7205,ศรีประจันต์,Si Prachan,720509,วังยาง,Wang Yang,72140
5984,ภาคกลาง,72,สุพรรณบุรี,Suphan Buri,7206,ดอนเจดีย์,Don Chedi,720601,ดอนเจดีย์,Don Chedi,72170
5985,ภาคกลาง,72,สุพรรณบุรี,Suphan Buri,7206,ดอนเจดีย์,Don Chedi,720602,หนองสาหร่าย,Nong Sarai,72170
5986,ภาคกลาง,72,สุพรรณบุรี,Suphan Buri,7206,ดอนเจดีย์,Don Chedi,720603,ไร่รถ,Rai Rot,72170
5987,ภาคกลาง,72,สุพรรณบุรี,Suphan Buri,7206,ดอนเจดีย์,Don Chedi,720604,สระกระโจม,Sa Krachom,72250
5988,ภาคกลาง,72,สุพรรณบุรี,Suphan Buri,7206,ดอนเจดีย์,Don Chedi,720605,ทะเลบก,Thale Bok,72250
5989,ภาคกลาง,72,สุพรรณบุรี,Suphan Buri,7207,สองพี่น้อง,Song Phi Nong,720701,สองพี่น้อง,Song Phi Nong,72110
5990,ภาคกลาง,72,สุพรรณบุรี,Suphan Buri,7207,สองพี่น้อง,Song Phi Nong,720702,บางเลน,Bang Len,72110
5991,ภาคกลาง,72,สุพรรณบุรี,Suphan Buri,7207,สองพี่น้อง,Song Phi Nong,720703,บางตาเถร,Bang Ta Then,72110
5992,ภาคกลาง,72,สุพรรณบุรี,Suphan Buri,7207,สองพี่น้อง,Song Phi Nong,720704,บางตะเคียน,Bang Takhian,72110
5993,ภาคกลาง,72,สุพรรณบุรี,Suphan Buri,7207,สองพี่น้อง,Song Phi Nong,720705,บ้านกุ่ม,Ban Kum,72110
5994,ภาคกลาง,72,สุพรรณบุรี,Suphan Buri,7207,สองพี่น้อง,Song Phi Nong,720706,หัวโพธิ์,Hua Pho,72110
5995,ภาคกลาง,72,สุพรรณบุรี,Suphan Buri,7207,สองพี่น้อง,Song Phi Nong,720707,บางพลับ,Bang Phlap,72110
5996,ภาคกลาง,72,สุพรรณบุรี,Suphan Buri,7207,สองพี่น้อง,Song Phi Nong,720708,เนินพระปรางค์,Noen Phraprang,72110
5997,ภาคกลาง,72,สุพรรณบุรี,Suphan Buri,7207,สองพี่น้อง,Song Phi Nong,720709,บ้านช้าง,Ban Chang,72110
5998,ภาคกลาง,72,สุพรรณบุรี,Suphan Buri,7207,สองพี่น้อง,Song Phi Nong,720710,ต้นตาล,Ton Tan,72110
5999,ภาคกลาง,72,สุพรรณบุรี,Suphan Buri,7207,สองพี่น้อง,Song Phi Nong,720711,ศรีสำราญ,Si Samran,72110
6000,ภาคกลาง,72,สุพรรณบุรี,Suphan Buri,7207,สองพี่น้อง,Song Phi Nong,720712,ทุ่งคอก,Thung Khok,72190
6001,ภาคกลาง,72,สุพรรณบุรี,Suphan Buri,7207,สองพี่น้อง,Song Phi Nong,720713,หนองบ่อ,Nong Bo,72110
6002,ภาคกลาง,72,สุพรรณบุรี,Suphan Buri,7207,สองพี่น้อง,Song Phi Nong,720714,บ่อสุพรรณ,Bo Suphan,72190
6003,ภาคกลาง,72,สุพรรณบุรี,Suphan Buri,7207,สองพี่น้อง,Song Phi Nong,720715,ดอนมะนาว,Don Manao,72110
6004,ภาคกลาง,72,สุพรรณบุรี,Suphan Buri,7208,สามชุก,Sam Chuk,720801,ย่านยาว,Yan Yao,72130
6005,ภาคกลาง,72,สุพรรณบุรี,Suphan Buri,7208,สามชุก,Sam Chuk,720802,วังลึก,Wang Luek,72130
6006,ภาคกลาง,72,สุพรรณบุรี,Suphan Buri,7208,สามชุก,Sam Chuk,720803,สามชุก,Sam Chuk,72130
6007,ภาคกลาง,72,สุพรรณบุรี,Suphan Buri,7208,สามชุก,Sam Chuk,720804,หนองผักนาก,Nong Phak Nak,72130
6008,ภาคกลาง,72,สุพรรณบุรี,Suphan Buri,7208,สามชุก,Sam Chuk,720805,บ้านสระ,Ban Sa,72130
6009,ภาคกลาง,72,สุพรรณบุรี,Suphan Buri,7208,สามชุก,Sam Chuk,720806,หนองสะเดา,Nong Sadao,72130
6010,ภาคกลาง,72,สุพรรณบุรี,Suphan Buri,7208,สามชุก,Sam Chuk,720807,กระเสียว,Krasiao,72130
6011,ภาคกลาง,72,สุพรรณบุรี,Suphan Buri,7209,อู่ทอง,U Thong,720901,อู่ทอง,U Thong,72160
6012,ภาคกลาง,72,สุพรรณบุรี,Suphan Buri,7209,อู่ทอง,U Thong,720902,สระยายโสม,Sa Yai Som,72220
6013,ภาคกลาง,72,สุพรรณบุรี,Suphan Buri,7209,อู่ทอง,U Thong,720903,จรเข้สามพัน,Chorakhe Sam Phan,72160
6014,ภาคกลาง,72,สุพรรณบุรี,Suphan Buri,7209,อู่ทอง,U Thong,720904,บ้านดอน,Ban Don,72160
6015,ภาคกลาง,72,สุพรรณบุรี,Suphan Buri,7209,อู่ทอง,U Thong,720905,ยุ้งทะลาย,Yung Thalai,72160
6016,ภาคกลาง,72,สุพรรณบุรี,Suphan Buri,7209,อู่ทอง,U Thong,720906,ดอนมะเกลือ,Don Makluea,72220
6017,ภาคกลาง,72,สุพรรณบุรี,Suphan Buri,7209,อู่ทอง,U Thong,720907,หนองโอ่ง,Nong Ong,72160
6018,ภาคกลาง,72,สุพรรณบุรี,Suphan Buri,7209,อู่ทอง,U Thong,720908,ดอนคา,Don Kha,72160
6019,ภาคกลาง,72,สุพรรณบุรี,Suphan Buri,7209,อู่ทอง,U Thong,720909,พลับพลาไชย,Phlapphla Chai,72160
6020,ภาคกลาง,72,สุพรรณบุรี,Suphan Buri,7209,อู่ทอง,U Thong,720910,บ้านโข้ง,Ban Khong,72160
6021,ภาคกลาง,72,สุพรรณบุรี,Suphan Buri,7209,อู่ทอง,U Thong,720911,เจดีย์,Chedi,72160
6022,ภาคกลาง,72,สุพรรณบุรี,Suphan Buri,7209,อู่ทอง,U Thong,720912,สระพังลาน,Sa Phang Lan,72220
6023,ภาคกลาง,72,สุพรรณบุรี,Suphan Buri,7209,อู่ทอง,U Thong,720913,กระจัน,Krachan,72160
6024,ภาคกลาง,72,สุพรรณบุรี,Suphan Buri,7210,หนองหญ้าไซ,Nong Ya Sai,721001,หนองหญ้าไซ,Nong Ya Sai,72240
6025,ภาคกลาง,72,สุพรรณบุรี,Suphan Buri,7210,หนองหญ้าไซ,Nong Ya Sai,721002,หนองราชวัตร,Nong Ratchawat,72240
6026,ภาคกลาง,72,สุพรรณบุรี,Suphan Buri,7210,หนองหญ้าไซ,Nong Ya Sai,721003,หนองโพธิ์,Nong Pho,72240
6027,ภาคกลาง,72,สุพรรณบุรี,Suphan Buri,7210,หนองหญ้าไซ,Nong Ya Sai,721004,แจงงาม,Chaeng Ngam,72240
6028,ภาคกลาง,72,สุพรรณบุรี,Suphan Buri,7210,หนองหญ้าไซ,Nong Ya Sai,721005,หนองขาม,Nong Kham,72240
6029,ภาคกลาง,72,สุพรรณบุรี,Suphan Buri,7210,หนองหญ้าไซ,Nong Ya Sai,721006,ทัพหลวง,Thap Luang,72240
6030,ภาคกลาง,73,นครปฐม,Nakhon Pathom,7301,เมืองนครปฐม,Mueang Nakhon Pathom,730101,พระปฐมเจดีย์,Phra Pathom Chedi,73000
6031,ภาคกลาง,73,นครปฐม,Nakhon Pathom,7301,เมืองนครปฐม,Mueang Nakhon Pathom,730102,บางแขม,Bang Khaem,73000
6032,ภาคกลาง,73,นครปฐม,Nakhon Pathom,7301,เมืองนครปฐม,Mueang Nakhon Pathom,730103,พระประโทน,Phra Prathon,73000
6033,ภาคกลาง,73,นครปฐม,Nakhon Pathom,7301,เมืองนครปฐม,Mueang Nakhon Pathom,730104,ธรรมศาลา,Thammasala,73000
6034,ภาคกลาง,73,นครปฐม,Nakhon Pathom,7301,เมืองนครปฐม,Mueang Nakhon Pathom,730105,ตาก้อง,Ta Kong,73000
6035,ภาคกลาง,73,นครปฐม,Nakhon Pathom,7301,เมืองนครปฐม,Mueang Nakhon Pathom,730106,มาบแค,Map Khae,73000
6036,ภาคกลาง,73,นครปฐม,Nakhon Pathom,7301,เมืองนครปฐม,Mueang Nakhon Pathom,730107,สนามจันทร์,Sanam Chan,73000
6037,ภาคกลาง,73,นครปฐม,Nakhon Pathom,7301,เมืองนครปฐม,Mueang Nakhon Pathom,730108,ดอนยายหอม,Don Yai Hom,73000
6038,ภาคกลาง,73,นครปฐม,Nakhon Pathom,7301,เมืองนครปฐม,Mueang Nakhon Pathom,730109,ถนนขาด,Thanon Khat,73000
6039,ภาคกลาง,73,นครปฐม,Nakhon Pathom,7301,เมืองนครปฐม,Mueang Nakhon Pathom,730110,บ่อพลับ,Bo Phlap,73000
6040,ภาคกลาง,73,นครปฐม,Nakhon Pathom,7301,เมืองนครปฐม,Mueang Nakhon Pathom,730111,นครปฐม,Nakhon Pathom,73000
6041,ภาคกลาง,73,นครปฐม,Nakhon Pathom,7301,เมืองนครปฐม,Mueang Nakhon Pathom,730112,วังตะกู,Wang Taku,73000
6042,ภาคกลาง,73,นครปฐม,Nakhon Pathom,7301,เมืองนครปฐม,Mueang Nakhon Pathom,730113,หนองปากโลง,Nong Pak Long,73000
6043,ภาคกลาง,73,นครปฐม,Nakhon Pathom,7301,เมืองนครปฐม,Mueang Nakhon Pathom,730114,สามควายเผือก,Sam Khwai Phueak,73000
6044,ภาคกลาง,73,นครปฐม,Nakhon Pathom,7301,เมืองนครปฐม,Mueang Nakhon Pathom,730115,ทุ่งน้อย,Thung Noi,73000
6045,ภาคกลาง,73,นครปฐม,Nakhon Pathom,7301,เมืองนครปฐม,Mueang Nakhon Pathom,730116,หนองดินแดง,Nong Din Daeng,73000
6046,ภาคกลาง,73,นครปฐม,Nakhon Pathom,7301,เมืองนครปฐม,Mueang Nakhon Pathom,730117,วังเย็น,Wang Yen,73000
6047,ภาคกลาง,73,นครปฐม,Nakhon Pathom,7301,เมืองนครปฐม,Mueang Nakhon Pathom,730118,โพรงมะเดื่อ,Phrong Maduea,73000
6048,ภาคกลาง,73,นครปฐม,Nakhon Pathom,7301,เมืองนครปฐม,Mueang Nakhon Pathom,730119,ลำพยา,Lam Phaya,73000
6049,ภาคกลาง,73,นครปฐม,Nakhon Pathom,7301,เมืองนครปฐม,Mueang Nakhon Pathom,730120,สระกะเทียม,Sa Kathiam,73000
6050,ภาคกลาง,73,นครปฐม,Nakhon Pathom,7301,เมืองนครปฐม,Mueang Nakhon Pathom,730121,สวนป่าน,Suan Pan,73000
6051,ภาคกลาง,73,นครปฐม,Nakhon Pathom,7301,เมืองนครปฐม,Mueang Nakhon Pathom,730122,ห้วยจรเข้,Huai Chorakhe,73000
6052,ภาคกลาง,73,นครปฐม,Nakhon Pathom,7301,เมืองนครปฐม,Mueang Nakhon Pathom,730123,ทัพหลวง,Thap Luang,73000
6053,ภาคกลาง,73,นครปฐม,Nakhon Pathom,7301,เมืองนครปฐม,Mueang Nakhon Pathom,730124,หนองงูเหลือม,Nong Ngu Lueam,73000
6054,ภาคกลาง,73,นครปฐม,Nakhon Pathom,7301,เมืองนครปฐม,Mueang Nakhon Pathom,730125,บ้านยาง,Ban Yang,73000
6055,ภาคกลาง,73,นครปฐม,Nakhon Pathom,7302,กำแพงแสน,Kamphaeng Saen,730201,ทุ่งกระพังโหม,Thung Kraphang Hom,73140
6056,ภาคกลาง,73,นครปฐม,Nakhon Pathom,7302,กำแพงแสน,Kamphaeng Saen,730202,กระตีบ,Kratip,73180
6057,ภาคกลาง,73,นครปฐม,Nakhon Pathom,7302,กำแพงแสน,Kamphaeng Saen,730203,ทุ่งลูกนก,Thung Luk Nok,73140
6058,ภาคกลาง,73,นครปฐม,Nakhon Pathom,7302,กำแพงแสน,Kamphaeng Saen,730204,ห้วยขวาง,Huai Khwang,73140
6059,ภาคกลาง,73,นครปฐม,Nakhon Pathom,7302,กำแพงแสน,Kamphaeng Saen,730205,ทุ่งขวาง,Thung Khwang,73140
6060,ภาคกลาง,73,นครปฐม,Nakhon Pathom,7302,กำแพงแสน,Kamphaeng Saen,730206,สระสี่มุม,Sa Si Mum,73140
6061,ภาคกลาง,73,นครปฐม,Nakhon Pathom,7302,กำแพงแสน,Kamphaeng Saen,730207,ทุ่งบัว,Thung Bua,73140
6062,ภาคกลาง,73,นครปฐม,Nakhon Pathom,7302,กำแพงแสน,Kamphaeng Saen,730208,ดอนข่อย,Don Khoi,73140
6063,ภาคกลาง,73,นครปฐม,Nakhon Pathom,7302,กำแพงแสน,Kamphaeng Saen,730209,สระพัฒนา,Sa Phatthana,73180
6064,ภาคกลาง,73,นครปฐม,Nakhon Pathom,7302,กำแพงแสน,Kamphaeng Saen,730210,ห้วยหมอนทอง,Huai Mon Thong,73140
6065,ภาคกลาง,73,นครปฐม,Nakhon Pathom,7302,กำแพงแสน,Kamphaeng Saen,730211,ห้วยม่วง,Huai Muang,73180
6066,ภาคกลาง,73,นครปฐม,Nakhon Pathom,7302,กำแพงแสน,Kamphaeng Saen,730212,กำแพงแสน,Kamphaeng Saen,73140
6067,ภาคกลาง,73,นครปฐม,Nakhon Pathom,7302,กำแพงแสน,Kamphaeng Saen,730213,รางพิกุล,Rang Phikun,73140
6068,ภาคกลาง,73,นครปฐม,Nakhon Pathom,7302,กำแพงแสน,Kamphaeng Saen,730214,หนองกระทุ่ม,Nong Krathum,73140
6069,ภาคกลาง,73,นครปฐม,Nakhon Pathom,7302,กำแพงแสน,Kamphaeng Saen,730215,วังน้ำเขียว,Wang Nam Khiao,73140
6070,ภาคกลาง,73,นครปฐม,Nakhon Pathom,7303,นครชัยศรี,Nakhon Chai Si,730301,นครชัยศรี,Nakhon Chai Si,73120
6071,ภาคกลาง,73,นครปฐม,Nakhon Pathom,7303,นครชัยศรี,Nakhon Chai Si,730302,บางกระเบา,Bang Krabao,73120
6072,ภาคกลาง,73,นครปฐม,Nakhon Pathom,7303,นครชัยศรี,Nakhon Chai Si,730303,วัดแค,Wat Khae,73120
6073,ภาคกลาง,73,นครปฐม,Nakhon Pathom,7303,นครชัยศรี,Nakhon Chai Si,730304,ท่าตำหนัก,Tha Tamnak,73120
6074,ภาคกลาง,73,นครปฐม,Nakhon Pathom,7303,นครชัยศรี,Nakhon Chai Si,730305,บางแก้ว,Bang Kaeo,73120
6075,ภาคกลาง,73,นครปฐม,Nakhon Pathom,7303,นครชัยศรี,Nakhon Chai Si,730306,ท่ากระชับ,Tha Krachap,73120
6076,ภาคกลาง,73,นครปฐม,Nakhon Pathom,7303,นครชัยศรี,Nakhon Chai Si,730307,ขุนแก้ว,Khun Kaeo,73120
6077,ภาคกลาง,73,นครปฐม,Nakhon Pathom,7303,นครชัยศรี,Nakhon Chai Si,730308,ท่าพระยา,Tha Phraya,73120
6078,ภาคกลาง,73,นครปฐม,Nakhon Pathom,7303,นครชัยศรี,Nakhon Chai Si,730309,พะเนียด,Phaniat,73120
6079,ภาคกลาง,73,นครปฐม,Nakhon Pathom,7303,นครชัยศรี,Nakhon Chai Si,730310,บางระกำ,Bang Rakam,73120
6080,ภาคกลาง,73,นครปฐม,Nakhon Pathom,7303,นครชัยศรี,Nakhon Chai Si,730311,โคกพระเจดีย์,Khok Phra Chedi,73120
6081,ภาคกลาง,73,นครปฐม,Nakhon Pathom,7303,นครชัยศรี,Nakhon Chai Si,730312,ศรีษะทอง,Sisa Thong,73120
6082,ภาคกลาง,73,นครปฐม,Nakhon Pathom,7303,นครชัยศรี,Nakhon Chai Si,730313,แหลมบัว,Laem Bua,73120
6083,ภาคกลาง,73,นครปฐม,Nakhon Pathom,7303,นครชัยศรี,Nakhon Chai Si,730314,ศรีมหาโพธิ์,Si Mahapho,73120
6084,ภาคกลาง,73,นครปฐม,Nakhon Pathom,7303,นครชัยศรี,Nakhon Chai Si,730315,สัมปทวน,Sampathuan,73120
6085,ภาคกลาง,73,นครปฐม,Nakhon Pathom,7303,นครชัยศรี,Nakhon Chai Si,730316,วัดสำโรง,Wat Samrong,73120
6086,ภาคกลาง,73,นครปฐม,Nakhon Pathom,7303,นครชัยศรี,Nakhon Chai Si,730317,ดอนแฝก,Don Faek,73120
6087,ภาคกลาง,73,นครปฐม,Nakhon Pathom,7303,นครชัยศรี,Nakhon Chai Si,730318,ห้วยพลู,Huai Phlu,73120
6088,ภาคกลาง,73,นครปฐม,Nakhon Pathom,7303,นครชัยศรี,Nakhon Chai Si,730319,วัดละมุด,Wat Lamut,73120
6089,ภาคกลาง,73,นครปฐม,Nakhon Pathom,7303,นครชัยศรี,Nakhon Chai Si,730320,บางพระ,Bang Phra,73120
6090,ภาคกลาง,73,นครปฐม,Nakhon Pathom,7303,นครชัยศรี,Nakhon Chai Si,730321,บางแก้วฟ้า,Bang Kaeo Fa,73120
6091,ภาคกลาง,73,นครปฐม,Nakhon Pathom,7303,นครชัยศรี,Nakhon Chai Si,730322,ลานตากฟ้า,Lan Tak Fa,73120
6092,ภาคกลาง,73,นครปฐม,Nakhon Pathom,7303,นครชัยศรี,Nakhon Chai Si,730323,งิ้วราย,Ngio Rai,73120
6093,ภาคกลาง,73,นครปฐม,Nakhon Pathom,7303,นครชัยศรี,Nakhon Chai Si,730324,ไทยาวาส,Thaiyawat,73120
6094,ภาคกลาง,73,นครปฐม,Nakhon Pathom,7304,ดอนตูม,Don Tum,730401,สามง่าม,Sam Ngam,73150
6095,ภาคกลาง,73,นครปฐม,Nakhon Pathom,7304,ดอนตูม,Don Tum,730402,ห้วยพระ,Huai Phra,73150
6096,ภาคกลาง,73,นครปฐม,Nakhon Pathom,7304,ดอนตูม,Don Tum,730403,ลำเหย,Lam Hoei,73150
6097,ภาคกลาง,73,นครปฐม,Nakhon Pathom,7304,ดอนตูม,Don Tum,730404,ดอนพุทรา,Don Phutsa,73150
6098,ภาคกลาง,73,นครปฐม,Nakhon Pathom,7304,ดอนตูม,Don Tum,730405,บ้านหลวง,Ban Luang,73150
6099,ภาคกลาง,73,นครปฐม,Nakhon Pathom,7304,ดอนตูม,Don Tum,730406,ดอนรวก,Don Ruak,73150
6100,ภาคกลาง,73,นครปฐม,Nakhon Pathom,7304,ดอนตูม,Don Tum,730407,ห้วยด้วน,Huai Duan,73150
6101,ภาคกลาง,73,นครปฐม,Nakhon Pathom,7304,ดอนตูม,Don Tum,730408,ลำลูกบัว,Lam Luk Bua,73150
6102,ภาคกลาง,73,นครปฐม,Nakhon Pathom,7305,บางเลน,Bang Len,730501,บางเลน,Bang Len,73130
6103,ภาคกลาง,73,นครปฐม,Nakhon Pathom,7305,บางเลน,Bang Len,730502,บางปลา,Bang Pla,73130
6104,ภาคกลาง,73,นครปฐม,Nakhon Pathom,7305,บางเลน,Bang Len,730503,บางหลวง,Bang Luang,73190
6105,ภาคกลาง,73,นครปฐม,Nakhon Pathom,7305,บางเลน,Bang Len,730504,บางภาษี,Bang Phasi,73130
6106,ภาคกลาง,73,นครปฐม,Nakhon Pathom,7305,บางเลน,Bang Len,730505,บางระกำ,Bang Rakam,73130
6107,ภาคกลาง,73,นครปฐม,Nakhon Pathom,7305,บางเลน,Bang Len,730506,บางไทรป่า,Bang Sai Pa,73130
6108,ภาคกลาง,73,นครปฐม,Nakhon Pathom,7305,บางเลน,Bang Len,730507,หินมูล,Hin Mun,73190
6109,ภาคกลาง,73,นครปฐม,Nakhon Pathom,7305,บางเลน,Bang Len,730508,ไทรงาม,Sai Ngam,73130
6110,ภาคกลาง,73,นครปฐม,Nakhon Pathom,7305,บางเลน,Bang Len,730509,ดอนตูม,Don Tum,73130
6111,ภาคกลาง,73,นครปฐม,Nakhon Pathom,7305,บางเลน,Bang Len,730510,นิลเพชร,Nin Phet,73130
6112,ภาคกลาง,73,นครปฐม,Nakhon Pathom,7305,บางเลน,Bang Len,730511,บัวปากท่า,Bua Pak Tha,73130
6113,ภาคกลาง,73,นครปฐม,Nakhon Pathom,7305,บางเลน,Bang Len,730512,คลองนกกระทุง,Khlong Nok Krathung,73130
6114,ภาคกลาง,73,นครปฐม,Nakhon Pathom,7305,บางเลน,Bang Len,730513,นราภิรมย์,Nara Phirom,73130
6115,ภาคกลาง,73,นครปฐม,Nakhon Pathom,7305,บางเลน,Bang Len,730514,ลำพญา,Lam Phaya,73130
6116,ภาคกลาง,73,นครปฐม,Nakhon Pathom,7305,บางเลน,Bang Len,730515,ไผ่หูช้าง,Phai Hu Chang,73130
6117,ภาคกลาง,73,นครปฐม,Nakhon Pathom,7306,สามพราน,Sam Phran,730601,ท่าข้าม,Tha Kham,73110
6118,ภาคกลาง,73,นครปฐม,Nakhon Pathom,7306,สามพราน,Sam Phran,730602,ทรงคนอง,Song Khanong,73210
6119,ภาคกลาง,73,นครปฐม,Nakhon Pathom,7306,สามพราน,Sam Phran,730603,หอมเกร็ด,Hom Kret,73110
6120,ภาคกลาง,73,นครปฐม,Nakhon Pathom,7306,สามพราน,Sam Phran,730604,บางกระทึก,Bang Krathuek,73210
6121,ภาคกลาง,73,นครปฐม,Nakhon Pathom,7306,สามพราน,Sam Phran,730605,บางเตย,Bang Toei,73210
6122,ภาคกลาง,73,นครปฐม,Nakhon Pathom,7306,สามพราน,Sam Phran,730606,สามพราน,Sam Phran,73110
6123,ภาคกลาง,73,นครปฐม,Nakhon Pathom,7306,สามพราน,Sam Phran,730607,บางช้าง,Bang Chang,73110
6124,ภาคกลาง,73,นครปฐม,Nakhon Pathom,7306,สามพราน,Sam Phran,730608,ไร่ขิง,Rai Khing,73210
6125,ภาคกลาง,73,นครปฐม,Nakhon Pathom,7306,สามพราน,Sam Phran,730609,ท่าตลาด,Tha Talat,73110
6126,ภาคกลาง,73,นครปฐม,Nakhon Pathom,7306,สามพราน,Sam Phran,730610,กระทุ่มล้ม,Krathum Lom,73220
6127,ภาคกลาง,73,นครปฐม,Nakhon Pathom,7306,สามพราน,Sam Phran,730611,คลองใหม่,Khlong Mai,73110
6128,ภาคกลาง,73,นครปฐม,Nakhon Pathom,7306,สามพราน,Sam Phran,730612,ตลาดจินดา,Talat Chinda,73110
6129,ภาคกลาง,73,นครปฐม,Nakhon Pathom,7306,สามพราน,Sam Phran,730613,คลองจินดา,Khlong Chinda,73110
6130,ภาคกลาง,73,นครปฐม,Nakhon Pathom,7306,สามพราน,Sam Phran,730614,ยายชา,Yai Cha,73110
6131,ภาคกลาง,73,นครปฐม,Nakhon Pathom,7306,สามพราน,Sam Phran,730615,บ้านใหม่,Ban Mai,73110
6132,ภาคกลาง,73,นครปฐม,Nakhon Pathom,7306,สามพราน,Sam Phran,730616,อ้อมใหญ่,Om Yai,73160
6133,ภาคกลาง,73,นครปฐม,Nakhon Pathom,7307,พุทธมณฑล,Phutthamonthon,730701,ศาลายา,Sala Ya,73170
6134,ภาคกลาง,73,นครปฐม,Nakhon Pathom,7307,พุทธมณฑล,Phutthamonthon,730702,คลองโยง,Khlong Yong,73170
6135,ภาคกลาง,73,นครปฐม,Nakhon Pathom,7307,พุทธมณฑล,Phutthamonthon,730703,มหาสวัสดิ์,Mahasawat,73170
6136,ภาคกลาง,74,สมุทรสาคร,Samut Sakhon,7401,เมืองสมุทรสาคร,Mueang Samut Sakhon,740101,มหาชัย,Mahachai,74000
6137,ภาคกลาง,74,สมุทรสาคร,Samut Sakhon,7401,เมืองสมุทรสาคร,Mueang Samut Sakhon,740102,ท่าฉลอม,Tha Chalom,74000
6138,ภาคกลาง,74,สมุทรสาคร,Samut Sakhon,7401,เมืองสมุทรสาคร,Mueang Samut Sakhon,740103,โกรกกราก,Krok Krak,74000
6139,ภาคกลาง,74,สมุทรสาคร,Samut Sakhon,7401,เมืองสมุทรสาคร,Mueang Samut Sakhon,740104,บ้านบ่อ,Ban Bo,74000
6140,ภาคกลาง,74,สมุทรสาคร,Samut Sakhon,7401,เมืองสมุทรสาคร,Mueang Samut Sakhon,740105,บางโทรัด,Bang Thorat,74000
6141,ภาคกลาง,74,สมุทรสาคร,Samut Sakhon,7401,เมืองสมุทรสาคร,Mueang Samut Sakhon,740106,กาหลง,Kalong,74000
6142,ภาคกลาง,74,สมุทรสาคร,Samut Sakhon,7401,เมืองสมุทรสาคร,Mueang Samut Sakhon,740107,นาโคก,Na Khok,74000
6143,ภาคกลาง,74,สมุทรสาคร,Samut Sakhon,7401,เมืองสมุทรสาคร,Mueang Samut Sakhon,740108,ท่าจีน,Tha Chin,74000
6144,ภาคกลาง,74,สมุทรสาคร,Samut Sakhon,7401,เมืองสมุทรสาคร,Mueang Samut Sakhon,740109,นาดี,Na Di,74000
6145,ภาคกลาง,74,สมุทรสาคร,Samut Sakhon,7401,เมืองสมุทรสาคร,Mueang Samut Sakhon,740110,ท่าทราย,Tha Sai,74000
6146,ภาคกลาง,74,สมุทรสาคร,Samut Sakhon,7401,เมืองสมุทรสาคร,Mueang Samut Sakhon,740111,คอกกระบือ,Khok Krabue,74000
6147,ภาคกลาง,74,สมุทรสาคร,Samut Sakhon,7401,เมืองสมุทรสาคร,Mueang Samut Sakhon,740112,บางน้ำจืด,Bang Nam Chuet,74000
6148,ภาคกลาง,74,สมุทรสาคร,Samut Sakhon,7401,เมืองสมุทรสาคร,Mueang Samut Sakhon,740113,พันท้ายนรสิงห์,Phanthai Norasing,74000
6149,ภาคกลาง,74,สมุทรสาคร,Samut Sakhon,7401,เมืองสมุทรสาคร,Mueang Samut Sakhon,740114,โคกขาม,Khok Kham,74000
6150,ภาคกลาง,74,สมุทรสาคร,Samut Sakhon,7401,เมืองสมุทรสาคร,Mueang Samut Sakhon,740115,บ้านเกาะ,Ban Ko,74000
6151,ภาคกลาง,74,สมุทรสาคร,Samut Sakhon,7401,เมืองสมุทรสาคร,Mueang Samut Sakhon,740116,บางกระเจ้า,Bang Krachao,74000
6152,ภาคกลาง,74,สมุทรสาคร,Samut Sakhon,7401,เมืองสมุทรสาคร,Mueang Samut Sakhon,740117,บางหญ้าแพรก,Bang Ya Phraek,74000
6153,ภาคกลาง,74,สมุทรสาคร,Samut Sakhon,7401,เมืองสมุทรสาคร,Mueang Samut Sakhon,740118,ชัยมงคล,Chai Mongkhon,74000
6154,ภาคกลาง,74,สมุทรสาคร,Samut Sakhon,7402,กระทุ่มแบน,Krathum Baen,740201,ตลาดกระทุ่มแบน,Talat Krathum Baen,74110
6155,ภาคกลาง,74,สมุทรสาคร,Samut Sakhon,7402,กระทุ่มแบน,Krathum Baen,740202,อ้อมน้อย,Om Noi,74130
6156,ภาคกลาง,74,สมุทรสาคร,Samut Sakhon,7402,กระทุ่มแบน,Krathum Baen,740203,ท่าไม้,Tha Mai,74110
6157,ภาคกลาง,74,สมุทรสาคร,Samut Sakhon,7402,กระทุ่มแบน,Krathum Baen,740204,สวนหลวง,Suan Luang,74110
6158,ภาคกลาง,74,สมุทรสาคร,Samut Sakhon,7402,กระทุ่มแบน,Krathum Baen,740205,บางยาง,Bang Yang,74110
6159,ภาคกลาง,74,สมุทรสาคร,Samut Sakhon,7402,กระทุ่มแบน,Krathum Baen,740206,คลองมะเดื่อ,Khlong Maduea,74110
6160,ภาคกลาง,74,สมุทรสาคร,Samut Sakhon,7402,กระทุ่มแบน,Krathum Baen,740207,หนองนกไข่,Nong Nok Khai,74110
6161,ภาคกลาง,74,สมุทรสาคร,Samut Sakhon,7402,กระทุ่มแบน,Krathum Baen,740208,ดอนไก่ดี,Don Kai Di,74110
6162,ภาคกลาง,74,สมุทรสาคร,Samut Sakhon,7402,กระทุ่มแบน,Krathum Baen,740209,แคราย,Khae Rai,74110
6163,ภาคกลาง,74,สมุทรสาคร,Samut Sakhon,7402,กระทุ่มแบน,Krathum Baen,740210,ท่าเสา,Tha Sao,74110
6164,ภาคกลาง,74,สมุทรสาคร,Samut Sakhon,7403,บ้านแพ้ว,Ban Phaeo,740301,บ้านแพ้ว,Ban Phaeo,74120
6165,ภาคกลาง,74,สมุทรสาคร,Samut Sakhon,7403,บ้านแพ้ว,Ban Phaeo,740302,หลักสาม,Lak Sam,74120
6166,ภาคกลาง,74,สมุทรสาคร,Samut Sakhon,7403,บ้านแพ้ว,Ban Phaeo,740303,ยกกระบัตร,Yok Krabat,74120
6167,ภาคกลาง,74,สมุทรสาคร,Samut Sakhon,7403,บ้านแพ้ว,Ban Phaeo,740304,โรงเข้,Rong Khe,74120
6168,ภาคกลาง,74,สมุทรสาคร,Samut Sakhon,7403,บ้านแพ้ว,Ban Phaeo,740305,หนองสองห้อง,Nong Song Hong,74120
6169,ภาคกลาง,74,สมุทรสาคร,Samut Sakhon,7403,บ้านแพ้ว,Ban Phaeo,740306,หนองบัว,Nong Bua,74120
6170,ภาคกลาง,74,สมุทรสาคร,Samut Sakhon,7403,บ้านแพ้ว,Ban Phaeo,740307,หลักสอง,Lak Song,74120
6171,ภาคกลาง,74,สมุทรสาคร,Samut Sakhon,7403,บ้านแพ้ว,Ban Phaeo,740308,เจ็ดริ้ว,Chet Rio,74120
6172,ภาคกลาง,74,สมุทรสาคร,Samut Sakhon,7403,บ้านแพ้ว,Ban Phaeo,740309,คลองตัน,Khlong Tan,74120
6173,ภาคกลาง,74,สมุทรสาคร,Samut Sakhon,7403,บ้านแพ้ว,Ban Phaeo,740310,อำแพง,Amphaeng,74120
6174,ภาคกลาง,74,สมุทรสาคร,Samut Sakhon,7403,บ้านแพ้ว,Ban Phaeo,740311,สวนส้ม,Suan Som,74120
6175,ภาคกลาง,74,สมุทรสาคร,Samut Sakhon,7403,บ้านแพ้ว,Ban Phaeo,740312,เกษตรพัฒนา,Kaset Phatthana,74120
6176,ภาคกลาง,75,สมุทรสงคราม,Samut Songkhram,7501,เมืองสมุทรสงคราม,Mueang Samut Songkhram,750101,แม่กลอง,Mae Klong,75000
6177,ภาคกลาง,75,สมุทรสงคราม,Samut Songkhram,7501,เมืองสมุทรสงคราม,Mueang Samut Songkhram,750102,บางขันแตก,Bang Khan Taek,75000
6178,ภาคกลาง,75,สมุทรสงคราม,Samut Songkhram,7501,เมืองสมุทรสงคราม,Mueang Samut Songkhram,750103,ลาดใหญ่,Lat Yai,75000
6179,ภาคกลาง,75,สมุทรสงคราม,Samut Songkhram,7501,เมืองสมุทรสงคราม,Mueang Samut Songkhram,750104,บ้านปรก,Ban Prok,75000
6180,ภาคกลาง,75,สมุทรสงคราม,Samut Songkhram,7501,เมืองสมุทรสงคราม,Mueang Samut Songkhram,750105,บางแก้ว,Bang Kaeo,75000
6181,ภาคกลาง,75,สมุทรสงคราม,Samut Songkhram,7501,เมืองสมุทรสงคราม,Mueang Samut Songkhram,750106,ท้ายหาด,Thai Hat,75000
6182,ภาคกลาง,75,สมุทรสงคราม,Samut Songkhram,7501,เมืองสมุทรสงคราม,Mueang Samut Songkhram,750107,แหลมใหญ่,Laem Yai,75000
6183,ภาคกลาง,75,สมุทรสงคราม,Samut Songkhram,7501,เมืองสมุทรสงคราม,Mueang Samut Songkhram,750108,คลองเขิน,Khlong Khoen,75000
6184,ภาคกลาง,75,สมุทรสงคราม,Samut Songkhram,7501,เมืองสมุทรสงคราม,Mueang Samut Songkhram,750109,คลองโคน,Khlong Khon,75000
6185,ภาคกลาง,75,สมุทรสงคราม,Samut Songkhram,7501,เมืองสมุทรสงคราม,Mueang Samut Songkhram,750110,นางตะเคียน,Nang Takhian,75000
6186,ภาคกลาง,75,สมุทรสงคราม,Samut Songkhram,7501,เมืองสมุทรสงคราม,Mueang Samut Songkhram,750111,บางจะเกร็ง,Bang Chakreng,75000
6187,ภาคกลาง,75,สมุทรสงคราม,Samut Songkhram,7502,บางคนที,Bang Khonthi,750201,กระดังงา,Kradang Nga,75120
6188,ภาคกลาง,75,สมุทรสงคราม,Samut Songkhram,7502,บางคนที,Bang Khonthi,750202,บางสะแก,Bang Sakae,75120
6189,ภาคกลาง,75,สมุทรสงคราม,Samut Songkhram,7502,บางคนที,Bang Khonthi,750203,บางยี่รงค์,Bang Yi Rong,75120
6190,ภาคกลาง,75,สมุทรสงคราม,Samut Songkhram,7502,บางคนที,Bang Khonthi,750204,โรงหีบ,Rong Hip,75120
6191,ภาคกลาง,75,สมุทรสงคราม,Samut Songkhram,7502,บางคนที,Bang Khonthi,750205,บางคนที,Bang Khonthi,75120
6192,ภาคกลาง,75,สมุทรสงคราม,Samut Songkhram,7502,บางคนที,Bang Khonthi,750206,ดอนมะโนรา,Don Manora,75120
6193,ภาคกลาง,75,สมุทรสงคราม,Samut Songkhram,7502,บางคนที,Bang Khonthi,750207,บางพรม,Bang Phrom,75120
6194,ภาคกลาง,75,สมุทรสงคราม,Samut Songkhram,7502,บางคนที,Bang Khonthi,750208,บางกุ้ง,Bang Kung,75120
6195,ภาคกลาง,75,สมุทรสงคราม,Samut Songkhram,7502,บางคนที,Bang Khonthi,750209,จอมปลวก,Chom Pluak,75120
6196,ภาคกลาง,75,สมุทรสงคราม,Samut Songkhram,7502,บางคนที,Bang Khonthi,750210,บางนกแขวก,Bang Nok Khwaek,75120
6197,ภาคกลาง,75,สมุทรสงคราม,Samut Songkhram,7502,บางคนที,Bang Khonthi,750211,ยายแพง,Yai Phaeng,75120
6198,ภาคกลาง,75,สมุทรสงคราม,Samut Songkhram,7502,บางคนที,Bang Khonthi,750212,บางกระบือ,Bang Krabue,75120
6199,ภาคกลาง,75,สมุทรสงคราม,Samut Songkhram,7502,บางคนที,Bang Khonthi,750213,บ้านปราโมทย์,Ban Pramot,75120
6200,ภาคกลาง,75,สมุทรสงคราม,Samut Songkhram,7503,อัมพวา,Amphawa,750301,อัมพวา,Amphawa,75110
6201,ภาคกลาง,75,สมุทรสงคราม,Samut Songkhram,7503,อัมพวา,Amphawa,750302,สวนหลวง,Suan Luang,75110
6202,ภาคกลาง,75,สมุทรสงคราม,Samut Songkhram,7503,อัมพวา,Amphawa,750303,ท่าคา,Tha Kha,75110
6203,ภาคกลาง,75,สมุทรสงคราม,Samut Songkhram,7503,อัมพวา,Amphawa,750304,วัดประดู่,Wat Pradu,75110
6204,ภาคกลาง,75,สมุทรสงคราม,Samut Songkhram,7503,อัมพวา,Amphawa,750305,เหมืองใหม่,Mueang Mai,75110
6205,ภาคกลาง,75,สมุทรสงคราม,Samut Songkhram,7503,อัมพวา,Amphawa,750306,บางช้าง,Bang Chang,75110
6206,ภาคกลาง,75,สมุทรสงคราม,Samut Songkhram,7503,อัมพวา,Amphawa,750307,แควอ้อม,Khwae Om,75110
6207,ภาคกลาง,75,สมุทรสงคราม,Samut Songkhram,7503,อัมพวา,Amphawa,750308,ปลายโพงพาง,Plai Phongphang,75110
6208,ภาคกลาง,75,สมุทรสงคราม,Samut Songkhram,7503,อัมพวา,Amphawa,750309,บางแค,Bang Khae,75110
6209,ภาคกลาง,75,สมุทรสงคราม,Samut Songkhram,7503,อัมพวา,Amphawa,750310,แพรกหนามแดง,Phraek Nam Daeng,75110
6210,ภาคกลาง,75,สมุทรสงคราม,Samut Songkhram,7503,อัมพวา,Amphawa,750311,ยี่สาร,Yi San,75110
6211,ภาคกลาง,75,สมุทรสงคราม,Samut Songkhram,7503,อัมพวา,Amphawa,750312,บางนางลี่,Bang Nang Li,75110
6212,ภาคตะวันตก,76,เพชรบุรี,Phetchaburi,7601,เมืองเพชรบุรี,Mueang Phetchaburi,760101,ท่าราบ,Tha Rap,76000
6213,ภาคตะวันตก,76,เพชรบุรี,Phetchaburi,7601,เมืองเพชรบุรี,Mueang Phetchaburi,760102,คลองกระแชง,Khlong Krachaeng,76000
6214,ภาคตะวันตก,76,เพชรบุรี,Phetchaburi,7601,เมืองเพชรบุรี,Mueang Phetchaburi,760103,บางจาน,Bang Chan,76000
6215,ภาคตะวันตก,76,เพชรบุรี,Phetchaburi,7601,เมืองเพชรบุรี,Mueang Phetchaburi,760104,นาพันสาม,Na Phan Sam,76000
6216,ภาคตะวันตก,76,เพชรบุรี,Phetchaburi,7601,เมืองเพชรบุรี,Mueang Phetchaburi,760105,ธงชัย,Thong Chai,76000
6217,ภาคตะวันตก,76,เพชรบุรี,Phetchaburi,7601,เมืองเพชรบุรี,Mueang Phetchaburi,760106,บ้านกุ่ม,Ban Kum,76000
6218,ภาคตะวันตก,76,เพชรบุรี,Phetchaburi,7601,เมืองเพชรบุรี,Mueang Phetchaburi,760107,หนองโสน,Nong Sano,76000
6219,ภาคตะวันตก,76,เพชรบุรี,Phetchaburi,7601,เมืองเพชรบุรี,Mueang Phetchaburi,760108,ไร่ส้ม,Rai Som,76000
6220,ภาคตะวันตก,76,เพชรบุรี,Phetchaburi,7601,เมืองเพชรบุรี,Mueang Phetchaburi,760109,เวียงคอย,Wiang Khoi,76000
6221,ภาคตะวันตก,76,เพชรบุรี,Phetchaburi,7601,เมืองเพชรบุรี,Mueang Phetchaburi,760110,บางจาก,Bang Chak,76000
6222,ภาคตะวันตก,76,เพชรบุรี,Phetchaburi,7601,เมืองเพชรบุรี,Mueang Phetchaburi,760111,บ้านหม้อ,Ban Mo,76000
6223,ภาคตะวันตก,76,เพชรบุรี,Phetchaburi,7601,เมืองเพชรบุรี,Mueang Phetchaburi,760112,ต้นมะม่วง,Ton Mamuang,76000
6224,ภาคตะวันตก,76,เพชรบุรี,Phetchaburi,7601,เมืองเพชรบุรี,Mueang Phetchaburi,760113,ช่องสะแก,Chong Sakae,76000
6225,ภาคตะวันตก,76,เพชรบุรี,Phetchaburi,7601,เมืองเพชรบุรี,Mueang Phetchaburi,760114,นาวุ้ง,Na Wung,76000
6226,ภาคตะวันตก,76,เพชรบุรี,Phetchaburi,7601,เมืองเพชรบุรี,Mueang Phetchaburi,760115,สำมะโรง,Sam Marong,76000
6227,ภาคตะวันตก,76,เพชรบุรี,Phetchaburi,7601,เมืองเพชรบุรี,Mueang Phetchaburi,760116,โพพระ,Pho Phra,76000
6228,ภาคตะวันตก,76,เพชรบุรี,Phetchaburi,7601,เมืองเพชรบุรี,Mueang Phetchaburi,760117,หาดเจ้าสำราญ,Hat Chao Samran,76100
6229,ภาคตะวันตก,76,เพชรบุรี,Phetchaburi,7601,เมืองเพชรบุรี,Mueang Phetchaburi,760118,หัวสะพาน,Hua Saphan,76000
6230,ภาคตะวันตก,76,เพชรบุรี,Phetchaburi,7601,เมืองเพชรบุรี,Mueang Phetchaburi,760119,ต้นมะพร้าว,Ton Maphrao,76000
6231,ภาคตะวันตก,76,เพชรบุรี,Phetchaburi,7601,เมืองเพชรบุรี,Mueang Phetchaburi,760120,วังตะโก,Wang Tako,76000
6232,ภาคตะวันตก,76,เพชรบุรี,Phetchaburi,7601,เมืองเพชรบุรี,Mueang Phetchaburi,760121,โพไร่หวาน,Pho Rai Wan,76000
6233,ภาคตะวันตก,76,เพชรบุรี,Phetchaburi,7601,เมืองเพชรบุรี,Mueang Phetchaburi,760122,ดอนยาง,Don Yang,76000
6234,ภาคตะวันตก,76,เพชรบุรี,Phetchaburi,7601,เมืองเพชรบุรี,Mueang Phetchaburi,760123,หนองขนาน,Nong Khanan,76000
6235,ภาคตะวันตก,76,เพชรบุรี,Phetchaburi,7601,เมืองเพชรบุรี,Mueang Phetchaburi,760124,หนองพลับ,Nong Phlap,76000
6236,ภาคตะวันตก,76,เพชรบุรี,Phetchaburi,7602,เขาย้อย,Khao Yoi,760201,เขาย้อย,Khao Yoi,76140
6237,ภาคตะวันตก,76,เพชรบุรี,Phetchaburi,7602,เขาย้อย,Khao Yoi,760202,สระพัง,Sa Phang,76140
6238,ภาคตะวันตก,76,เพชรบุรี,Phetchaburi,7602,เขาย้อย,Khao Yoi,760203,บางเค็ม,Bang Khem,76140
6239,ภาคตะวันตก,76,เพชรบุรี,Phetchaburi,7602,เขาย้อย,Khao Yoi,760204,ทับคาง,Thap Khang,76140
6240,ภาคตะวันตก,76,เพชรบุรี,Phetchaburi,7602,เขาย้อย,Khao Yoi,760205,หนองปลาไหล,Nong Pla Lai,76140
6241,ภาคตะวันตก,76,เพชรบุรี,Phetchaburi,7602,เขาย้อย,Khao Yoi,760206,หนองปรง,Nong Prong,76140
6242,ภาคตะวันตก,76,เพชรบุรี,Phetchaburi,7602,เขาย้อย,Khao Yoi,760207,หนองชุมพล,Nong Chumphon,76140
6243,ภาคตะวันตก,76,เพชรบุรี,Phetchaburi,7602,เขาย้อย,Khao Yoi,760208,ห้วยโรง,Huai Rong,76140
6244,ภาคตะวันตก,76,เพชรบุรี,Phetchaburi,7602,เขาย้อย,Khao Yoi,760209,ห้วยท่าช้าง,Huai Tha Chang,76140
6245,ภาคตะวันตก,76,เพชรบุรี,Phetchaburi,7602,เขาย้อย,Khao Yoi,760210,หนองชุมพลเหนือ,Nong Chumphon Nuea,76140
6246,ภาคตะวันตก,76,เพชรบุรี,Phetchaburi,7603,หนองหญ้าปล้อง,Nong Ya Plong,760301,หนองหญ้าปล้อง,Nong Ya Plong,76160
6247,ภาคตะวันตก,76,เพชรบุรี,Phetchaburi,7603,หนองหญ้าปล้อง,Nong Ya Plong,760302,ยางน้ำกลัดเหนือ,Yang Nam Klat Nuea,76160
6248,ภาคตะวันตก,76,เพชรบุรี,Phetchaburi,7603,หนองหญ้าปล้อง,Nong Ya Plong,760303,ยางน้ำกลัดใต้,Yang Nam Klat Tai,76160
6249,ภาคตะวันตก,76,เพชรบุรี,Phetchaburi,7603,หนองหญ้าปล้อง,Nong Ya Plong,760304,ท่าตะคร้อ,Tha Takhro,76160
6250,ภาคตะวันตก,76,เพชรบุรี,Phetchaburi,7604,ชะอำ,Cha-Am,760401,ชะอำ,Cha-Am,76120
6251,ภาคตะวันตก,76,เพชรบุรี,Phetchaburi,7604,ชะอำ,Cha-Am,760402,บางเก่า,Bang Kao,76120
6252,ภาคตะวันตก,76,เพชรบุรี,Phetchaburi,7604,ชะอำ,Cha-Am,760403,นายาง,Na Yang,76120
6253,ภาคตะวันตก,76,เพชรบุรี,Phetchaburi,7604,ชะอำ,Cha-Am,760404,เขาใหญ่,Khao Yai,76120
6254,ภาคตะวันตก,76,เพชรบุรี,Phetchaburi,7604,ชะอำ,Cha-Am,760405,หนองศาลา,Nong Sala,76120
6255,ภาคตะวันตก,76,เพชรบุรี,Phetchaburi,7604,ชะอำ,Cha-Am,760406,ห้วยทรายเหนือ,Huai Sai Nuea,76120
6256,ภาคตะวันตก,76,เพชรบุรี,Phetchaburi,7604,ชะอำ,Cha-Am,760407,ไร่ใหม่พัฒนา,Rai Mai Phatthana,76120
6257,ภาคตะวันตก,76,เพชรบุรี,Phetchaburi,7604,ชะอำ,Cha-Am,760408,สามพระยา,Sam Phraya,76120
6258,ภาคตะวันตก,76,เพชรบุรี,Phetchaburi,7604,ชะอำ,Cha-Am,760409,ดอนขุนห้วย,Don Khun Huai,76120
6259,ภาคตะวันตก,76,เพชรบุรี,Phetchaburi,7605,ท่ายาง,Tha Yang,760501,ท่ายาง,Tha Yang,76130
6260,ภาคตะวันตก,76,เพชรบุรี,Phetchaburi,7605,ท่ายาง,Tha Yang,760502,ท่าคอย,Tha Khoi,76130
6261,ภาคตะวันตก,76,เพชรบุรี,Phetchaburi,7605,ท่ายาง,Tha Yang,760503,ยางหย่อง,Yang Yong,76130
6262,ภาคตะวันตก,76,เพชรบุรี,Phetchaburi,7605,ท่ายาง,Tha Yang,760504,หนองจอก,Nong Chok,76130
6263,ภาคตะวันตก,76,เพชรบุรี,Phetchaburi,7605,ท่ายาง,Tha Yang,760505,มาบปลาเค้า,Map Pla Khao,76130
6264,ภาคตะวันตก,76,เพชรบุรี,Phetchaburi,7605,ท่ายาง,Tha Yang,760506,ท่าไม้รวก,Tha Mai Ruak,76130
6265,ภาคตะวันตก,76,เพชรบุรี,Phetchaburi,7605,ท่ายาง,Tha Yang,760507,วังไคร้,Wang Khrai,76130
6266,ภาคตะวันตก,76,เพชรบุรี,Phetchaburi,7605,ท่ายาง,Tha Yang,760511,กลัดหลวง,Klat Luang,76130
6267,ภาคตะวันตก,76,เพชรบุรี,Phetchaburi,7605,ท่ายาง,Tha Yang,760512,ปึกเตียน,Puek Tian,76130
6268,ภาคตะวันตก,76,เพชรบุรี,Phetchaburi,7605,ท่ายาง,Tha Yang,760513,เขากระปุก,Khao Krapuk,76130
6269,ภาคตะวันตก,76,เพชรบุรี,Phetchaburi,7605,ท่ายาง,Tha Yang,760514,ท่าแลง,Tha Laeng,76130
6270,ภาคตะวันตก,76,เพชรบุรี,Phetchaburi,7605,ท่ายาง,Tha Yang,760515,บ้านในดง,Ban Nai Dong,76130
6271,ภาคตะวันตก,76,เพชรบุรี,Phetchaburi,7606,บ้านลาด,Ban Lat,760601,บ้านลาด,Ban Lat,76150
6272,ภาคตะวันตก,76,เพชรบุรี,Phetchaburi,7606,บ้านลาด,Ban Lat,760602,บ้านหาด,Ban Hat,76150
6273,ภาคตะวันตก,76,เพชรบุรี,Phetchaburi,7606,บ้านลาด,Ban Lat,760603,บ้านทาน,Ban Than,76150
6274,ภาคตะวันตก,76,เพชรบุรี,Phetchaburi,7606,บ้านลาด,Ban Lat,760604,ตำหรุ,Tamru,76150
6275,ภาคตะวันตก,76,เพชรบุรี,Phetchaburi,7606,บ้านลาด,Ban Lat,760605,สมอพลือ,Samo Phlue,76150
6276,ภาคตะวันตก,76,เพชรบุรี,Phetchaburi,7606,บ้านลาด,Ban Lat,760606,ไร่มะขาม,Rai Makham,76150
6277,ภาคตะวันตก,76,เพชรบุรี,Phetchaburi,7606,บ้านลาด,Ban Lat,760607,ท่าเสน,Tha Sen,76150
6278,ภาคตะวันตก,76,เพชรบุรี,Phetchaburi,7606,บ้านลาด,Ban Lat,760608,หนองกระเจ็ด,Nong Krachet,76150
6279,ภาคตะวันตก,76,เพชรบุรี,Phetchaburi,7606,บ้านลาด,Ban Lat,760609,หนองกะปุ,Nong Kapu,76150
6280,ภาคตะวันตก,76,เพชรบุรี,Phetchaburi,7606,บ้านลาด,Ban Lat,760610,ลาดโพธิ์,Lat Pho,76150
6281,ภาคตะวันตก,76,เพชรบุรี,Phetchaburi,7606,บ้านลาด,Ban Lat,760611,สะพานไกร,Saphan Krai,76150
6282,ภาคตะวันตก,76,เพชรบุรี,Phetchaburi,7606,บ้านลาด,Ban Lat,760612,ไร่โคก,Rai Khok,76150
6283,ภาคตะวันตก,76,เพชรบุรี,Phetchaburi,7606,บ้านลาด,Ban Lat,760613,โรงเข้,Rong Khe,76150
6284,ภาคตะวันตก,76,เพชรบุรี,Phetchaburi,7606,บ้านลาด,Ban Lat,760614,ไร่สะท้อน,Rai Sathon,76150
6285,ภาคตะวันตก,76,เพชรบุรี,Phetchaburi,7606,บ้านลาด,Ban Lat,760615,ห้วยข้อง,Huai Khong,76150
6286,ภาคตะวันตก,76,เพชรบุรี,Phetchaburi,7606,บ้านลาด,Ban Lat,760616,ท่าช้าง,Tha Chang,76150
6287,ภาคตะวันตก,76,เพชรบุรี,Phetchaburi,7606,บ้านลาด,Ban Lat,760617,ถ้ำรงค์,Tham Rong,76150
6288,ภาคตะวันตก,76,เพชรบุรี,Phetchaburi,7606,บ้านลาด,Ban Lat,760618,ห้วยลึก,Huai Luek,76150
6289,ภาคตะวันตก,76,เพชรบุรี,Phetchaburi,7607,บ้านแหลม,Ban Laem,760701,บ้านแหลม,Ban Laem,76110
6290,ภาคตะวันตก,76,เพชรบุรี,Phetchaburi,7607,บ้านแหลม,Ban Laem,760702,บางขุนไทร,Bang Khun Sai,76110
6291,ภาคตะวันตก,76,เพชรบุรี,Phetchaburi,7607,บ้านแหลม,Ban Laem,760703,ปากทะเล,Pak Thale,76110
6292,ภาคตะวันตก,76,เพชรบุรี,Phetchaburi,7607,บ้านแหลม,Ban Laem,760704,บางแก้ว,Bang Kaeo,76110
6293,ภาคตะวันตก,76,เพชรบุรี,Phetchaburi,7607,บ้านแหลม,Ban Laem,760705,แหลมผักเบี้ย,Laem Phak Bia,76100
6294,ภาคตะวันตก,76,เพชรบุรี,Phetchaburi,7607,บ้านแหลม,Ban Laem,760706,บางตะบูน,Bang Tabun,76110
6295,ภาคตะวันตก,76,เพชรบุรี,Phetchaburi,7607,บ้านแหลม,Ban Laem,760707,บางตะบูนออก,Bang Tabun Ok,76110
6296,ภาคตะวันตก,76,เพชรบุรี,Phetchaburi,7607,บ้านแหลม,Ban Laem,760708,บางครก,Bang Khrok,76110
6297,ภาคตะวันตก,76,เพชรบุรี,Phetchaburi,7607,บ้านแหลม,Ban Laem,760709,ท่าแร้ง,Tha Raeng,76110
6298,ภาคตะวันตก,76,เพชรบุรี,Phetchaburi,7607,บ้านแหลม,Ban Laem,760710,ท่าแร้งออก,Tha Raeng Ok,76110
6299,ภาคตะวันตก,76,เพชรบุรี,Phetchaburi,7608,แก่งกระจาน,Kaeng Krachan,760801,แก่งกระจาน,Kaeng Krachan,76170
6300,ภาคตะวันตก,76,เพชรบุรี,Phetchaburi,7608,แก่งกระจาน,Kaeng Krachan,760802,สองพี่น้อง,Song Phi Nong,76170
6301,ภาคตะวันตก,76,เพชรบุรี,Phetchaburi,7608,แก่งกระจาน,Kaeng Krachan,760803,วังจันทร์,Wang Chan,76170
6302,ภาคตะวันตก,76,เพชรบุรี,Phetchaburi,7608,แก่งกระจาน,Kaeng Krachan,760804,ป่าเด็ง,Pa Deng,76170
6303,ภาคตะวันตก,76,เพชรบุรี,Phetchaburi,7608,แก่งกระจาน,Kaeng Krachan,760805,พุสวรรค์,Phu Sawan,76170
6304,ภาคตะวันตก,76,เพชรบุรี,Phetchaburi,7608,แก่งกระจาน,Kaeng Krachan,760806,ห้วยแม่เพรียง,Huai Mae Phriang,76170
6305,ภาคตะวันตก,77,ประจวบคีรีขันธ์,Prachuap Khiri Khan,7701,เมืองประจวบคีรีขันธ์,Mueang Prachuap Khiri Khan,770101,ประจวบคีรีขันธ์,Prachuap Khiri Khan,77000
6306,ภาคตะวันตก,77,ประจวบคีรีขันธ์,Prachuap Khiri Khan,7701,เมืองประจวบคีรีขันธ์,Mueang Prachuap Khiri Khan,770102,เกาะหลัก,Ko Lak,77000
6307,ภาคตะวันตก,77,ประจวบคีรีขันธ์,Prachuap Khiri Khan,7701,เมืองประจวบคีรีขันธ์,Mueang Prachuap Khiri Khan,770103,คลองวาฬ,Khlong Wan,77000
6308,ภาคตะวันตก,77,ประจวบคีรีขันธ์,Prachuap Khiri Khan,7701,เมืองประจวบคีรีขันธ์,Mueang Prachuap Khiri Khan,770104,ห้วยทราย,Huai Sai,77000
6309,ภาคตะวันตก,77,ประจวบคีรีขันธ์,Prachuap Khiri Khan,7701,เมืองประจวบคีรีขันธ์,Mueang Prachuap Khiri Khan,770105,อ่าวน้อย,Ao Noi,77000
6310,ภาคตะวันตก,77,ประจวบคีรีขันธ์,Prachuap Khiri Khan,7701,เมืองประจวบคีรีขันธ์,Mueang Prachuap Khiri Khan,770106,บ่อนอก,Bo Nok,77210
6311,ภาคตะวันตก,77,ประจวบคีรีขันธ์,Prachuap Khiri Khan,7702,กุยบุรี,Kui Buri,770201,กุยบุรี,Kui Buri,77150
6312,ภาคตะวันตก,77,ประจวบคีรีขันธ์,Prachuap Khiri Khan,7702,กุยบุรี,Kui Buri,770202,กุยเหนือ,Kui Nuea,77150
6313,ภาคตะวันตก,77,ประจวบคีรีขันธ์,Prachuap Khiri Khan,7702,กุยบุรี,Kui Buri,770203,เขาแดง,Khao Daeng,77150
6314,ภาคตะวันตก,77,ประจวบคีรีขันธ์,Prachuap Khiri Khan,7702,กุยบุรี,Kui Buri,770204,ดอนยายหนู,Don Yai Nu,77150
6315,ภาคตะวันตก,77,ประจวบคีรีขันธ์,Prachuap Khiri Khan,7702,กุยบุรี,Kui Buri,770206,สามกระทาย,Sam Krathai,77150
6316,ภาคตะวันตก,77,ประจวบคีรีขันธ์,Prachuap Khiri Khan,7702,กุยบุรี,Kui Buri,770207,หาดขาม,Hat Kham,77150
6317,ภาคตะวันตก,77,ประจวบคีรีขันธ์,Prachuap Khiri Khan,7703,ทับสะแก,Thap Sakae,770301,ทับสะแก,Thap Sakae,77130
6318,ภาคตะวันตก,77,ประจวบคีรีขันธ์,Prachuap Khiri Khan,7703,ทับสะแก,Thap Sakae,770302,อ่างทอง,Ang Thong,77130
6319,ภาคตะวันตก,77,ประจวบคีรีขันธ์,Prachuap Khiri Khan,7703,ทับสะแก,Thap Sakae,770303,นาหูกวาง,Na Hu Kwang,77130
6320,ภาคตะวันตก,77,ประจวบคีรีขันธ์,Prachuap Khiri Khan,7703,ทับสะแก,Thap Sakae,770304,เขาล้าน,Khao Lan,77130
6321,ภาคตะวันตก,77,ประจวบคีรีขันธ์,Prachuap Khiri Khan,7703,ทับสะแก,Thap Sakae,770305,ห้วยยาง,Huai Yang,77130
6322,ภาคตะวันตก,77,ประจวบคีรีขันธ์,Prachuap Khiri Khan,7703,ทับสะแก,Thap Sakae,770306,แสงอรุณ,Saeng Arun,77130
6323,ภาคตะวันตก,77,ประจวบคีรีขันธ์,Prachuap Khiri Khan,7704,บางสะพาน,Bang Saphan,770401,กำเนิดนพคุณ,Kamnoet Nopphakhun,77140
6324,ภาคตะวันตก,77,ประจวบคีรีขันธ์,Prachuap Khiri Khan,7704,บางสะพาน,Bang Saphan,770402,พงศ์ประศาสน์,Phong Prasat,77140
6325,ภาคตะวันตก,77,ประจวบคีรีขันธ์,Prachuap Khiri Khan,7704,บางสะพาน,Bang Saphan,770403,ร่อนทอง,Ron Thong,77230
6326,ภาคตะวันตก,77,ประจวบคีรีขันธ์,Prachuap Khiri Khan,7704,บางสะพาน,Bang Saphan,770404,ธงชัย,Thong Chai,77190
6327,ภาคตะวันตก,77,ประจวบคีรีขันธ์,Prachuap Khiri Khan,7704,บางสะพาน,Bang Saphan,770405,ชัยเกษม,Chai Kasem,77190
6328,ภาคตะวันตก,77,ประจวบคีรีขันธ์,Prachuap Khiri Khan,7704,บางสะพาน,Bang Saphan,770406,ทองมงคล,Thong Mongkhon,77230
6329,ภาคตะวันตก,77,ประจวบคีรีขันธ์,Prachuap Khiri Khan,7704,บางสะพาน,Bang Saphan,770407,แม่รำพึง,Mae Ramphueng,77140
6330,ภาคตะวันตก,77,ประจวบคีรีขันธ์,Prachuap Khiri Khan,7705,บางสะพานน้อย,Bang Saphan Noi,770501,ปากแพรก,Pak Phraek,77170
6331,ภาคตะวันตก,77,ประจวบคีรีขันธ์,Prachuap Khiri Khan,7705,บางสะพานน้อย,Bang Saphan Noi,770502,บางสะพาน,Bang Saphan,77170
6332,ภาคตะวันตก,77,ประจวบคีรีขันธ์,Prachuap Khiri Khan,7705,บางสะพานน้อย,Bang Saphan Noi,770503,ทรายทอง,Sai Thong,77170
6333,ภาคตะวันตก,77,ประจวบคีรีขันธ์,Prachuap Khiri Khan,7705,บางสะพานน้อย,Bang Saphan Noi,770504,ช้างแรก,Chang Raek,77170
6334,ภาคตะวันตก,77,ประจวบคีรีขันธ์,Prachuap Khiri Khan,7705,บางสะพานน้อย,Bang Saphan Noi,770505,ไชยราช,Chaiyarat,77170
6335,ภาคตะวันตก,77,ประจวบคีรีขันธ์,Prachuap Khiri Khan,7706,ปราณบุรี,Pran Buri,770601,ปราณบุรี,Pran Buri,77120
6336,ภาคตะวันตก,77,ประจวบคีรีขันธ์,Prachuap Khiri Khan,7706,ปราณบุรี,Pran Buri,770602,เขาน้อย,Khao Noi,77120
6337,ภาคตะวันตก,77,ประจวบคีรีขันธ์,Prachuap Khiri Khan,7706,ปราณบุรี,Pran Buri,770604,ปากน้ำปราณ,Pak Nam Pran,77220
6338,ภาคตะวันตก,77,ประจวบคีรีขันธ์,Prachuap Khiri Khan,7706,ปราณบุรี,Pran Buri,770607,หนองตาแต้ม,Nong Ta Taem,77120
6339,ภาคตะวันตก,77,ประจวบคีรีขันธ์,Prachuap Khiri Khan,7706,ปราณบุรี,Pran Buri,770608,วังก์พง,Wang Phong,77120
6340,ภาคตะวันตก,77,ประจวบคีรีขันธ์,Prachuap Khiri Khan,7706,ปราณบุรี,Pran Buri,770609,เขาจ้าว,Khao Chao,77120
6341,ภาคตะวันตก,77,ประจวบคีรีขันธ์,Prachuap Khiri Khan,7707,หัวหิน,Hua Hin,770701,หัวหิน,Hua Hin,77110
6342,ภาคตะวันตก,77,ประจวบคีรีขันธ์,Prachuap Khiri Khan,7707,หัวหิน,Hua Hin,770702,หนองแก,Nong Kae,77110
6343,ภาคตะวันตก,77,ประจวบคีรีขันธ์,Prachuap Khiri Khan,7707,หัวหิน,Hua Hin,770703,หินเหล็กไฟ,Hin Lek Fai,77110
6344,ภาคตะวันตก,77,ประจวบคีรีขันธ์,Prachuap Khiri Khan,7707,หัวหิน,Hua Hin,770704,หนองพลับ,Nong Phlap,77110
6345,ภาคตะวันตก,77,ประจวบคีรีขันธ์,Prachuap Khiri Khan,7707,หัวหิน,Hua Hin,770705,ทับใต้,Thap Tai,77110
6346,ภาคตะวันตก,77,ประจวบคีรีขันธ์,Prachuap Khiri Khan,7707,หัวหิน,Hua Hin,770706,ห้วยสัตว์ใหญ่,Huai Sat Yai,77110
6347,ภาคตะวันตก,77,ประจวบคีรีขันธ์,Prachuap Khiri Khan,7707,หัวหิน,Hua Hin,770707,บึงนคร,Bueng Nakhon,77110
6348,ภาคตะวันตก,77,ประจวบคีรีขันธ์,Prachuap Khiri Khan,7708,สามร้อยยอด,Sam Roi Yot,770801,สามร้อยยอด,Sam Roi Yot,77120
6349,ภาคตะวันตก,77,ประจวบคีรีขันธ์,Prachuap Khiri Khan,7708,สามร้อยยอด,Sam Roi Yot,770802,ศิลาลอย,Sila Loi,77180
6350,ภาคตะวันตก,77,ประจวบคีรีขันธ์,Prachuap Khiri Khan,7708,สามร้อยยอด,Sam Roi Yot,770803,ไร่เก่า,Rai Kao,77180
6351,ภาคตะวันตก,77,ประจวบคีรีขันธ์,Prachuap Khiri Khan,7708,สามร้อยยอด,Sam Roi Yot,770804,ศาลาลัย,Sala Lai,77180
6352,ภาคตะวันตก,77,ประจวบคีรีขันธ์,Prachuap Khiri Khan,7708,สามร้อยยอด,Sam Roi Yot,770805,ไร่ใหม่,Rai Mai,77180
6353,ภาคใต้,80,นครศรีธรรมราช,Nakhon Si Thammarat,8001,เมืองนครศรีธรรมราช,Mueang Nakhon Si Thammarat,800101,ในเมือง,Nai Mueang,80000
6354,ภาคใต้,80,นครศรีธรรมราช,Nakhon Si Thammarat,8001,เมืองนครศรีธรรมราช,Mueang Nakhon Si Thammarat,800102,ท่าวัง,Tha Wang,80000
6355,ภาคใต้,80,นครศรีธรรมราช,Nakhon Si Thammarat,8001,เมืองนครศรีธรรมราช,Mueang Nakhon Si Thammarat,800103,คลัง,Khlang,80000
6356,ภาคใต้,80,นครศรีธรรมราช,Nakhon Si Thammarat,8001,เมืองนครศรีธรรมราช,Mueang Nakhon Si Thammarat,800106,ท่าไร่,Tha Rai,80000
6357,ภาคใต้,80,นครศรีธรรมราช,Nakhon Si Thammarat,8001,เมืองนครศรีธรรมราช,Mueang Nakhon Si Thammarat,800107,ปากนคร,Pak Nakhon,80000
6358,ภาคใต้,80,นครศรีธรรมราช,Nakhon Si Thammarat,8001,เมืองนครศรีธรรมราช,Mueang Nakhon Si Thammarat,800108,นาทราย,Na Sai,80280
6359,ภาคใต้,80,นครศรีธรรมราช,Nakhon Si Thammarat,8001,เมืองนครศรีธรรมราช,Mueang Nakhon Si Thammarat,800112,กำแพงเซา,Kamphaeng Sao,80280
6360,ภาคใต้,80,นครศรีธรรมราช,Nakhon Si Thammarat,8001,เมืองนครศรีธรรมราช,Mueang Nakhon Si Thammarat,800113,ไชยมนตรี,Chai Montri,80000
6361,ภาคใต้,80,นครศรีธรรมราช,Nakhon Si Thammarat,8001,เมืองนครศรีธรรมราช,Mueang Nakhon Si Thammarat,800114,มะม่วงสองต้น,Mamuang Song Ton,80000
6362,ภาคใต้,80,นครศรีธรรมราช,Nakhon Si Thammarat,8001,เมืองนครศรีธรรมราช,Mueang Nakhon Si Thammarat,800115,นาเคียน,Na Khian,80000
6363,ภาคใต้,80,นครศรีธรรมราช,Nakhon Si Thammarat,8001,เมืองนครศรีธรรมราช,Mueang Nakhon Si Thammarat,800116,ท่างิ้ว,Tha Ngio,80280
6364,ภาคใต้,80,นครศรีธรรมราช,Nakhon Si Thammarat,8001,เมืองนครศรีธรรมราช,Mueang Nakhon Si Thammarat,800118,โพธิ์เสด็จ,Pho Sadet,80000
6365,ภาคใต้,80,นครศรีธรรมราช,Nakhon Si Thammarat,8001,เมืองนครศรีธรรมราช,Mueang Nakhon Si Thammarat,800119,บางจาก,Bang Chak,80330
6366,ภาคใต้,80,นครศรีธรรมราช,Nakhon Si Thammarat,8001,เมืองนครศรีธรรมราช,Mueang Nakhon Si Thammarat,800120,ปากพูน,Pak Phun,80000
6367,ภาคใต้,80,นครศรีธรรมราช,Nakhon Si Thammarat,8001,เมืองนครศรีธรรมราช,Mueang Nakhon Si Thammarat,800121,ท่าซัก,Tha Sak,80000
6368,ภาคใต้,80,นครศรีธรรมราช,Nakhon Si Thammarat,8001,เมืองนครศรีธรรมราช,Mueang Nakhon Si Thammarat,800122,ท่าเรือ,Tha Ruea,80290
6369,ภาคใต้,80,นครศรีธรรมราช,Nakhon Si Thammarat,8002,พรหมคีรี,Phrom Khiri,800201,พรหมโลก,Phrom Lok,80320
6370,ภาคใต้,80,นครศรีธรรมราช,Nakhon Si Thammarat,8002,พรหมคีรี,Phrom Khiri,800202,บ้านเกาะ,Ban Ko,80320
6371,ภาคใต้,80,นครศรีธรรมราช,Nakhon Si Thammarat,8002,พรหมคีรี,Phrom Khiri,800203,อินคีรี,In Khiri,80320
6372,ภาคใต้,80,นครศรีธรรมราช,Nakhon Si Thammarat,8002,พรหมคีรี,Phrom Khiri,800204,ทอนหงส์,Thon Hong,80320
6373,ภาคใต้,80,นครศรีธรรมราช,Nakhon Si Thammarat,8002,พรหมคีรี,Phrom Khiri,800205,นาเรียง,Na Riang,80320
6374,ภาคใต้,80,นครศรีธรรมราช,Nakhon Si Thammarat,8003,ลานสกา,Lan Saka,800301,เขาแก้ว,Khao Kaeo,80230
6375,ภาคใต้,80,นครศรีธรรมราช,Nakhon Si Thammarat,8003,ลานสกา,Lan Saka,800302,ลานสกา,Lan Saka,80230
6376,ภาคใต้,80,นครศรีธรรมราช,Nakhon Si Thammarat,8003,ลานสกา,Lan Saka,800303,ท่าดี,Tha Di,80230
6377,ภาคใต้,80,นครศรีธรรมราช,Nakhon Si Thammarat,8003,ลานสกา,Lan Saka,800304,กำโลน,Kamlon,80230
6378,ภาคใต้,80,นครศรีธรรมราช,Nakhon Si Thammarat,8003,ลานสกา,Lan Saka,800305,ขุนทะเล,Khun Thale,80230
6379,ภาคใต้,80,นครศรีธรรมราช,Nakhon Si Thammarat,8004,ฉวาง,Chawang,800401,ฉวาง,Chawang,80150
6380,ภาคใต้,80,นครศรีธรรมราช,Nakhon Si Thammarat,8004,ฉวาง,Chawang,800403,ละอาย,La-Ai,80250
6381,ภาคใต้,80,นครศรีธรรมราช,Nakhon Si Thammarat,8004,ฉวาง,Chawang,800404,นาแว,Na Wae,80260
6382,ภาคใต้,80,นครศรีธรรมราช,Nakhon Si Thammarat,8004,ฉวาง,Chawang,800405,ไม้เรียง,Mai Riang,80150
6383,ภาคใต้,80,นครศรีธรรมราช,Nakhon Si Thammarat,8004,ฉวาง,Chawang,800406,กะเปียด,Kapiat,80260
6384,ภาคใต้,80,นครศรีธรรมราช,Nakhon Si Thammarat,8004,ฉวาง,Chawang,800407,นากะชะ,Na Kacha,80150
6385,ภาคใต้,80,นครศรีธรรมราช,Nakhon Si Thammarat,8004,ฉวาง,Chawang,800409,ห้วยปริก,Huai Prik,80260
6386,ภาคใต้,80,นครศรีธรรมราช,Nakhon Si Thammarat,8004,ฉวาง,Chawang,800410,ไสหร้า,Sai Ra,80150
6387,ภาคใต้,80,นครศรีธรรมราช,Nakhon Si Thammarat,8004,ฉวาง,Chawang,800415,นาเขลียง,Na Khliang,80260
6388,ภาคใต้,80,นครศรีธรรมราช,Nakhon Si Thammarat,8004,ฉวาง,Chawang,800416,จันดี,Chan Di,80250
6389,ภาคใต้,80,นครศรีธรรมราช,Nakhon Si Thammarat,8005,พิปูน,Phipun,800501,พิปูน,Phipun,80270
6390,ภาคใต้,80,นครศรีธรรมราช,Nakhon Si Thammarat,8005,พิปูน,Phipun,800502,กะทูน,Kathun,80270
6391,ภาคใต้,80,นครศรีธรรมราช,Nakhon Si Thammarat,8005,พิปูน,Phipun,800503,เขาพระ,Khao Phra,80270
6392,ภาคใต้,80,นครศรีธรรมราช,Nakhon Si Thammarat,8005,พิปูน,Phipun,800504,ยางค้อม,Yang Khom,80270
6393,ภาคใต้,80,นครศรีธรรมราช,Nakhon Si Thammarat,8005,พิปูน,Phipun,800505,ควนกลาง,Khuan Klang,80270
6394,ภาคใต้,80,นครศรีธรรมราช,Nakhon Si Thammarat,8006,เชียรใหญ่,Chian Yai,800601,เชียรใหญ่,Chian Yai,80190
6395,ภาคใต้,80,นครศรีธรรมราช,Nakhon Si Thammarat,8006,เชียรใหญ่,Chian Yai,800603,ท่าขนาน,Tha Khanan,80190
6396,ภาคใต้,80,นครศรีธรรมราช,Nakhon Si Thammarat,8006,เชียรใหญ่,Chian Yai,800604,บ้านกลาง,Ban Klang,80190
6397,ภาคใต้,80,นครศรีธรรมราช,Nakhon Si Thammarat,8006,เชียรใหญ่,Chian Yai,800605,บ้านเนิน,Ban Noen,80190
6398,ภาคใต้,80,นครศรีธรรมราช,Nakhon Si Thammarat,8006,เชียรใหญ่,Chian Yai,800606,ไสหมาก,Sai Mak,80190
6399,ภาคใต้,80,นครศรีธรรมราช,Nakhon Si Thammarat,8006,เชียรใหญ่,Chian Yai,800607,ท้องลำเจียก,Thong Lamchiak,80190
6400,ภาคใต้,80,นครศรีธรรมราช,Nakhon Si Thammarat,8006,เชียรใหญ่,Chian Yai,800610,เสือหึง,Suea Hueng,80190
6401,ภาคใต้,80,นครศรีธรรมราช,Nakhon Si Thammarat,8006,เชียรใหญ่,Chian Yai,800611,การะเกด,Karaket,80190
6402,ภาคใต้,80,นครศรีธรรมราช,Nakhon Si Thammarat,8006,เชียรใหญ่,Chian Yai,800612,เขาพระบาท,Khao Phrabat,80190
6403,ภาคใต้,80,นครศรีธรรมราช,Nakhon Si Thammarat,8006,เชียรใหญ่,Chian Yai,800613,แม่เจ้าอยู่หัว,Mae Chao Yu Hua,80190
6404,ภาคใต้,80,นครศรีธรรมราช,Nakhon Si Thammarat,8007,ชะอวด,Cha-Uat,800701,ชะอวด,Cha-Uat,80180
6405,ภาคใต้,80,นครศรีธรรมราช,Nakhon Si Thammarat,8007,ชะอวด,Cha-Uat,800702,ท่าเสม็ด,Tha Samet,80180
6406,ภาคใต้,80,นครศรีธรรมราช,Nakhon Si Thammarat,8007,ชะอวด,Cha-Uat,800703,ท่าประจะ,Tha Pracha,80180
6407,ภาคใต้,80,นครศรีธรรมราช,Nakhon Si Thammarat,8007,ชะอวด,Cha-Uat,800704,เคร็ง,Khreng,80180
6408,ภาคใต้,80,นครศรีธรรมราช,Nakhon Si Thammarat,8007,ชะอวด,Cha-Uat,800705,วังอ่าง,Wang Ang,80180
6409,ภาคใต้,80,นครศรีธรรมราช,Nakhon Si Thammarat,8007,ชะอวด,Cha-Uat,800706,บ้านตูล,Ban Tun,80180
6410,ภาคใต้,80,นครศรีธรรมราช,Nakhon Si Thammarat,8007,ชะอวด,Cha-Uat,800707,ขอนหาด,Khon Hat,80180
6411,ภาคใต้,80,นครศรีธรรมราช,Nakhon Si Thammarat,8007,ชะอวด,Cha-Uat,800708,เกาะขันธ์,Ko Khan,80180
6412,ภาคใต้,80,นครศรีธรรมราช,Nakhon Si Thammarat,8007,ชะอวด,Cha-Uat,800709,ควนหนองหงษ์,Khuan Nong Hong,80180
6413,ภาคใต้,80,นครศรีธรรมราช,Nakhon Si Thammarat,8007,ชะอวด,Cha-Uat,800710,เขาพระทอง,Khao Phra Thong,80180
6414,ภาคใต้,80,นครศรีธรรมราช,Nakhon Si Thammarat,8007,ชะอวด,Cha-Uat,800711,นางหลง,Nang Long,80180
6415,ภาคใต้,80,นครศรีธรรมราช,Nakhon Si Thammarat,8008,ท่าศาลา,Tha Sala,800801,ท่าศาลา,Tha Sala,80160
6416,ภาคใต้,80,นครศรีธรรมราช,Nakhon Si Thammarat,8008,ท่าศาลา,Tha Sala,800802,กลาย,Klai,80160
6417,ภาคใต้,80,นครศรีธรรมราช,Nakhon Si Thammarat,8008,ท่าศาลา,Tha Sala,800803,ท่าขึ้น,Tha Khuen,80160
6418,ภาคใต้,80,นครศรีธรรมราช,Nakhon Si Thammarat,8008,ท่าศาลา,Tha Sala,800804,หัวตะพาน,Hua Taphan,80160
6419,ภาคใต้,80,นครศรีธรรมราช,Nakhon Si Thammarat,8008,ท่าศาลา,Tha Sala,800806,สระแก้ว,Sa Kaeo,80160
6420,ภาคใต้,80,นครศรีธรรมราช,Nakhon Si Thammarat,8008,ท่าศาลา,Tha Sala,800807,โมคลาน,Mo Khlan,80160
6421,ภาคใต้,80,นครศรีธรรมราช,Nakhon Si Thammarat,8008,ท่าศาลา,Tha Sala,800809,ไทยบุรี,Thai Buri,80160
6422,ภาคใต้,80,นครศรีธรรมราช,Nakhon Si Thammarat,8008,ท่าศาลา,Tha Sala,800810,ดอนตะโก,Don Tako,80160
6423,ภาคใต้,80,นครศรีธรรมราช,Nakhon Si Thammarat,8008,ท่าศาลา,Tha Sala,800811,ตลิ่งชัน,Taling Chan,80160
6424,ภาคใต้,80,นครศรีธรรมราช,Nakhon Si Thammarat,8008,ท่าศาลา,Tha Sala,800813,โพธิ์ทอง,Pho Thong,80160
6425,ภาคใต้,80,นครศรีธรรมราช,Nakhon Si Thammarat,8009,ทุ่งสง,Thung Song,800901,ปากแพรก,Pak Phraek,80110
6426,ภาคใต้,80,นครศรีธรรมราช,Nakhon Si Thammarat,8009,ทุ่งสง,Thung Song,800902,ชะมาย,Chamai,80110
6427,ภาคใต้,80,นครศรีธรรมราช,Nakhon Si Thammarat,8009,ทุ่งสง,Thung Song,800903,หนองหงส์,Nong Hong,80110
6428,ภาคใต้,80,นครศรีธรรมราช,Nakhon Si Thammarat,8009,ทุ่งสง,Thung Song,800904,ควนกรด,Khuan Krot,80110
6429,ภาคใต้,80,นครศรีธรรมราช,Nakhon Si Thammarat,8009,ทุ่งสง,Thung Song,800905,นาไม้ไผ่,Na Mai Phai,80110
6430,ภาคใต้,80,นครศรีธรรมราช,Nakhon Si Thammarat,8009,ทุ่งสง,Thung Song,800906,นาหลวงเสน,Na Luang Sen,80110
6431,ภาคใต้,80,นครศรีธรรมราช,Nakhon Si Thammarat,8009,ทุ่งสง,Thung Song,800907,เขาโร,Khao Ro,80110
6432,ภาคใต้,80,นครศรีธรรมราช,Nakhon Si Thammarat,8009,ทุ่งสง,Thung Song,800908,กะปาง,Kapang,80310
6433,ภาคใต้,80,นครศรีธรรมราช,Nakhon Si Thammarat,8009,ทุ่งสง,Thung Song,800909,ที่วัง,Thi Wang,80110
6434,ภาคใต้,80,นครศรีธรรมราช,Nakhon Si Thammarat,8009,ทุ่งสง,Thung Song,800910,น้ำตก,Namtok,80110
6435,ภาคใต้,80,นครศรีธรรมราช,Nakhon Si Thammarat,8009,ทุ่งสง,Thung Song,800911,ถ้ำใหญ่,Tham Yai,80110
6436,ภาคใต้,80,นครศรีธรรมราช,Nakhon Si Thammarat,8009,ทุ่งสง,Thung Song,800912,นาโพธิ์,Na Pho,80110
6437,ภาคใต้,80,นครศรีธรรมราช,Nakhon Si Thammarat,8009,ทุ่งสง,Thung Song,800913,เขาขาว,Khao Khao,80110
6438,ภาคใต้,80,นครศรีธรรมราช,Nakhon Si Thammarat,8010,นาบอน,Na Bon,801001,นาบอน,Na Bon,80220
6439,ภาคใต้,80,นครศรีธรรมราช,Nakhon Si Thammarat,8010,นาบอน,Na Bon,801002,ทุ่งสง,Thung Song,80220
6440,ภาคใต้,80,นครศรีธรรมราช,Nakhon Si Thammarat,8010,นาบอน,Na Bon,801003,แก้วแสน,Kaeo Saen,80220
6441,ภาคใต้,80,นครศรีธรรมราช,Nakhon Si Thammarat,8011,ทุ่งใหญ่,Thung Yai,801101,ท่ายาง,Tha Yang,80240
6442,ภาคใต้,80,นครศรีธรรมราช,Nakhon Si Thammarat,8011,ทุ่งใหญ่,Thung Yai,801102,ทุ่งสัง,Thung Sang,80240
6443,ภาคใต้,80,นครศรีธรรมราช,Nakhon Si Thammarat,8011,ทุ่งใหญ่,Thung Yai,801103,ทุ่งใหญ่,Thung Yai,80240
6444,ภาคใต้,80,นครศรีธรรมราช,Nakhon Si Thammarat,8011,ทุ่งใหญ่,Thung Yai,801104,กุแหระ,Kurae,80240
6445,ภาคใต้,80,นครศรีธรรมราช,Nakhon Si Thammarat,8011,ทุ่งใหญ่,Thung Yai,801105,ปริก,Prik,80240
6446,ภาคใต้,80,นครศรีธรรมราช,Nakhon Si Thammarat,8011,ทุ่งใหญ่,Thung Yai,801106,บางรูป,Bang Rup,80240
6447,ภาคใต้,80,นครศรีธรรมราช,Nakhon Si Thammarat,8011,ทุ่งใหญ่,Thung Yai,801107,กรุงหยัน,Krung Yan,80240
6448,ภาคใต้,80,นครศรีธรรมราช,Nakhon Si Thammarat,8012,ปากพนัง,Pak Phanang,801201,ปากพนัง,Pak Phanang,80140
6449,ภาคใต้,80,นครศรีธรรมราช,Nakhon Si Thammarat,8012,ปากพนัง,Pak Phanang,801202,คลองน้อย,Khlong Noi,80330
6450,ภาคใต้,80,นครศรีธรรมราช,Nakhon Si Thammarat,8012,ปากพนัง,Pak Phanang,801203,ป่าระกำ,Pa Rakam,80140
6451,ภาคใต้,80,นครศรีธรรมราช,Nakhon Si Thammarat,8012,ปากพนัง,Pak Phanang,801204,ชะเมา,Chamao,80330
6452,ภาคใต้,80,นครศรีธรรมราช,Nakhon Si Thammarat,8012,ปากพนัง,Pak Phanang,801205,คลองกระบือ,Khlong Krabue,80140
6453,ภาคใต้,80,นครศรีธรรมราช,Nakhon Si Thammarat,8012,ปากพนัง,Pak Phanang,801206,เกาะทวด,Ko Thuat,80330
6454,ภาคใต้,80,นครศรีธรรมราช,Nakhon Si Thammarat,8012,ปากพนัง,Pak Phanang,801207,บ้านใหม่,Ban Mai,80140
6455,ภาคใต้,80,นครศรีธรรมราช,Nakhon Si Thammarat,8012,ปากพนัง,Pak Phanang,801208,หูล่อง,Hu Long,80140
6456,ภาคใต้,80,นครศรีธรรมราช,Nakhon Si Thammarat,8012,ปากพนัง,Pak Phanang,801209,แหลมตะลุมพุก,Laem Talumphuk,80140
6457,ภาคใต้,80,นครศรีธรรมราช,Nakhon Si Thammarat,8012,ปากพนัง,Pak Phanang,801210,ปากพนังฝั่งตะวันตก,Pak Phanang Fang Tawan Tok,80140
6458,ภาคใต้,80,นครศรีธรรมราช,Nakhon Si Thammarat,8012,ปากพนัง,Pak Phanang,801211,บางศาลา,Bang Sala,80140
6459,ภาคใต้,80,นครศรีธรรมราช,Nakhon Si Thammarat,8012,ปากพนัง,Pak Phanang,801212,บางพระ,Bang Phra,80140
6460,ภาคใต้,80,นครศรีธรรมราช,Nakhon Si Thammarat,8012,ปากพนัง,Pak Phanang,801213,บางตะพง,Bang Taphong,80140
6461,ภาคใต้,80,นครศรีธรรมราช,Nakhon Si Thammarat,8012,ปากพนัง,Pak Phanang,801214,ปากพนังฝั่งตะวันออก,Pak Phanang Fang Tawan Ok,80140
6462,ภาคใต้,80,นครศรีธรรมราช,Nakhon Si Thammarat,8012,ปากพนัง,Pak Phanang,801215,บ้านเพิง,Ban Phoeng,80140
6463,ภาคใต้,80,นครศรีธรรมราช,Nakhon Si Thammarat,8012,ปากพนัง,Pak Phanang,801216,ท่าพยา,Tha Phaya,80140
6464,ภาคใต้,80,นครศรีธรรมราช,Nakhon Si Thammarat,8012,ปากพนัง,Pak Phanang,801217,ปากแพรก,Pak Phraek,80140
6465,ภาคใต้,80,นครศรีธรรมราช,Nakhon Si Thammarat,8012,ปากพนัง,Pak Phanang,801218,ขนาบนาก,Khanap Nak,80140
6466,ภาคใต้,80,นครศรีธรรมราช,Nakhon Si Thammarat,8013,ร่อนพิบูลย์,Ron Phibun,801301,ร่อนพิบูลย์,Ron Phibun,80130
6467,ภาคใต้,80,นครศรีธรรมราช,Nakhon Si Thammarat,8013,ร่อนพิบูลย์,Ron Phibun,801302,หินตก,Hin Tok,80350
6468,ภาคใต้,80,นครศรีธรรมราช,Nakhon Si Thammarat,8013,ร่อนพิบูลย์,Ron Phibun,801303,เสาธง,Sao Thong,80350
6469,ภาคใต้,80,นครศรีธรรมราช,Nakhon Si Thammarat,8013,ร่อนพิบูลย์,Ron Phibun,801304,ควนเกย,Khuan Koei,80130
6470,ภาคใต้,80,นครศรีธรรมราช,Nakhon Si Thammarat,8013,ร่อนพิบูลย์,Ron Phibun,801305,ควนพัง,Khuan Phang,80130
6471,ภาคใต้,80,นครศรีธรรมราช,Nakhon Si Thammarat,8013,ร่อนพิบูลย์,Ron Phibun,801306,ควนชุม,Khuan Chum,80130
6472,ภาคใต้,80,นครศรีธรรมราช,Nakhon Si Thammarat,8014,สิชล,Sichon,801401,สิชล,Sichon,80120
6473,ภาคใต้,80,นครศรีธรรมราช,Nakhon Si Thammarat,8014,สิชล,Sichon,801402,ทุ่งปรัง,Thung Prang,80120
6474,ภาคใต้,80,นครศรีธรรมราช,Nakhon Si Thammarat,8014,สิชล,Sichon,801403,ฉลอง,Chalong,80120
6475,ภาคใต้,80,นครศรีธรรมราช,Nakhon Si Thammarat,8014,สิชล,Sichon,801404,เสาเภา,Sao Phao,80340
6476,ภาคใต้,80,นครศรีธรรมราช,Nakhon Si Thammarat,8014,สิชล,Sichon,801405,เปลี่ยน,Plian,80120
6477,ภาคใต้,80,นครศรีธรรมราช,Nakhon Si Thammarat,8014,สิชล,Sichon,801406,สี่ขีด,Si Khit,80120
6478,ภาคใต้,80,นครศรีธรรมราช,Nakhon Si Thammarat,8014,สิชล,Sichon,801407,เทพราช,Theppharat,80340
6479,ภาคใต้,80,นครศรีธรรมราช,Nakhon Si Thammarat,8014,สิชล,Sichon,801408,เขาน้อย,Khao Noi,80120
6480,ภาคใต้,80,นครศรีธรรมราช,Nakhon Si Thammarat,8014,สิชล,Sichon,801409,ทุ่งใส,Thung Sai,80120
6481,ภาคใต้,80,นครศรีธรรมราช,Nakhon Si Thammarat,8015,ขนอม,Khanom,801501,ขนอม,Khanom,80210
6482,ภาคใต้,80,นครศรีธรรมราช,Nakhon Si Thammarat,8015,ขนอม,Khanom,801502,ควนทอง,Khuan Thong,80210
6483,ภาคใต้,80,นครศรีธรรมราช,Nakhon Si Thammarat,8015,ขนอม,Khanom,801503,ท้องเนียน,Thong Nian,80210
6484,ภาคใต้,80,นครศรีธรรมราช,Nakhon Si Thammarat,8016,หัวไทร,Hua Sai,801601,หัวไทร,Hua Sai,80170
6485,ภาคใต้,80,นครศรีธรรมราช,Nakhon Si Thammarat,8016,หัวไทร,Hua Sai,801602,หน้าสตน,Na Saton,80170
6486,ภาคใต้,80,นครศรีธรรมราช,Nakhon Si Thammarat,8016,หัวไทร,Hua Sai,801603,ทรายขาว,Sai Khao,80170
6487,ภาคใต้,80,นครศรีธรรมราช,Nakhon Si Thammarat,8016,หัวไทร,Hua Sai,801604,แหลม,Laem,80170
6488,ภาคใต้,80,นครศรีธรรมราช,Nakhon Si Thammarat,8016,หัวไทร,Hua Sai,801605,เขาพังไกร,Khao Phang Krai,80170
6489,ภาคใต้,80,นครศรีธรรมราช,Nakhon Si Thammarat,8016,หัวไทร,Hua Sai,801606,บ้านราม,Ban Ram,80170
6490,ภาคใต้,80,นครศรีธรรมราช,Nakhon Si Thammarat,8016,หัวไทร,Hua Sai,801607,บางนบ,Bang Nop,80170
6491,ภาคใต้,80,นครศรีธรรมราช,Nakhon Si Thammarat,8016,หัวไทร,Hua Sai,801608,ท่าซอม,Tha Som,80170
6492,ภาคใต้,80,นครศรีธรรมราช,Nakhon Si Thammarat,8016,หัวไทร,Hua Sai,801609,ควนชะลิก,Khuan Chalik,80170
6493,ภาคใต้,80,นครศรีธรรมราช,Nakhon Si Thammarat,8016,หัวไทร,Hua Sai,801610,รามแก้ว,Ram Kaeo,80170
6494,ภาคใต้,80,นครศรีธรรมราช,Nakhon Si Thammarat,8016,หัวไทร,Hua Sai,801611,เกาะเพชร,Ko Phet,80170
6495,ภาคใต้,80,นครศรีธรรมราช,Nakhon Si Thammarat,8017,บางขัน,Bang Khan,801701,บางขัน,Bang Khan,80360
6496,ภาคใต้,80,นครศรีธรรมราช,Nakhon Si Thammarat,8017,บางขัน,Bang Khan,801702,บ้านลำนาว,Ban Lamnao,80360
6497,ภาคใต้,80,นครศรีธรรมราช,Nakhon Si Thammarat,8017,บางขัน,Bang Khan,801703,วังหิน,Wang Hin,80360
6498,ภาคใต้,80,นครศรีธรรมราช,Nakhon Si Thammarat,8017,บางขัน,Bang Khan,801704,บ้านนิคม,Ban Nikhom,80360
6499,ภาคใต้,80,นครศรีธรรมราช,Nakhon Si Thammarat,8018,ถ้ำพรรณรา,Tham Phannara,801801,ถ้ำพรรณรา,Tham Phannara,80260
6500,ภาคใต้,80,นครศรีธรรมราช,Nakhon Si Thammarat,8018,ถ้ำพรรณรา,Tham Phannara,801802,คลองเส,Khlong Se,80260
6501,ภาคใต้,80,นครศรีธรรมราช,Nakhon Si Thammarat,8018,ถ้ำพรรณรา,Tham Phannara,801803,ดุสิต,Dusit,80260
6502,ภาคใต้,80,นครศรีธรรมราช,Nakhon Si Thammarat,8019,จุฬาภรณ์,Chulabhorn,801901,บ้านควนมุด,Ban Khuan Mut,80180
6503,ภาคใต้,80,นครศรีธรรมราช,Nakhon Si Thammarat,8019,จุฬาภรณ์,Chulabhorn,801902,บ้านชะอวด,Ban Cha-Uat,80180
6504,ภาคใต้,80,นครศรีธรรมราช,Nakhon Si Thammarat,8019,จุฬาภรณ์,Chulabhorn,801903,ควนหนองคว้า,Khuan Nong Kwa,80130
6505,ภาคใต้,80,นครศรีธรรมราช,Nakhon Si Thammarat,8019,จุฬาภรณ์,Chulabhorn,801904,ทุ่งโพธิ์,Thung Pho,80130
6506,ภาคใต้,80,นครศรีธรรมราช,Nakhon Si Thammarat,8019,จุฬาภรณ์,Chulabhorn,801905,นาหมอบุญ,Na Mo Bun,80130
6507,ภาคใต้,80,นครศรีธรรมราช,Nakhon Si Thammarat,8019,จุฬาภรณ์,Chulabhorn,801906,สามตำบล,Sam Tambon,80130
6508,ภาคใต้,80,นครศรีธรรมราช,Nakhon Si Thammarat,8020,พระพรหม,Phra Phrom,802001,นาพรุ,Na Phru,80000
6509,ภาคใต้,80,นครศรีธรรมราช,Nakhon Si Thammarat,8020,พระพรหม,Phra Phrom,802002,นาสาร,Na San,80000
6510,ภาคใต้,80,นครศรีธรรมราช,Nakhon Si Thammarat,8020,พระพรหม,Phra Phrom,802003,ท้ายสำเภา,Thai Samphao,80000
6511,ภาคใต้,80,นครศรีธรรมราช,Nakhon Si Thammarat,8020,พระพรหม,Phra Phrom,802004,ช้างซ้าย,Chang Sai,80000
6512,ภาคใต้,80,นครศรีธรรมราช,Nakhon Si Thammarat,8021,นบพิตำ,Nopphitam,802101,นบพิตำ,Nopphitam,80160
6513,ภาคใต้,80,นครศรีธรรมราช,Nakhon Si Thammarat,8021,นบพิตำ,Nopphitam,802102,กรุงชิง,Krung Ching,80160
6514,ภาคใต้,80,นครศรีธรรมราช,Nakhon Si Thammarat,8021,นบพิตำ,Nopphitam,802103,กะหรอ,Karo,80160
6515,ภาคใต้,80,นครศรีธรรมราช,Nakhon Si Thammarat,8021,นบพิตำ,Nopphitam,802104,นาเหรง,Na Reng,80160
6516,ภาคใต้,80,นครศรีธรรมราช,Nakhon Si Thammarat,8022,ช้างกลาง,Chang Klang,802201,ช้างกลาง,Chang Klang,80250
6517,ภาคใต้,80,นครศรีธรรมราช,Nakhon Si Thammarat,8022,ช้างกลาง,Chang Klang,802202,หลักช้าง,Lak Chang,80250
6518,ภาคใต้,80,นครศรีธรรมราช,Nakhon Si Thammarat,8022,ช้างกลาง,Chang Klang,802203,สวนขัน,Suan Khan,80250
6519,ภาคใต้,80,นครศรีธรรมราช,Nakhon Si Thammarat,8023,เฉลิมพระเกียรติ,Chaloem Phra Kiet,802301,เชียรเขา,Chian Khao,80190
6520,ภาคใต้,80,นครศรีธรรมราช,Nakhon Si Thammarat,8023,เฉลิมพระเกียรติ,Chaloem Phra Kiet,802302,ดอนตรอ,Don Tro,80290
6521,ภาคใต้,80,นครศรีธรรมราช,Nakhon Si Thammarat,8023,เฉลิมพระเกียรติ,Chaloem Phra Kiet,802303,สวนหลวง,Suan Luang,80190
6522,ภาคใต้,80,นครศรีธรรมราช,Nakhon Si Thammarat,8023,เฉลิมพระเกียรติ,Chaloem Phra Kiet,802304,ทางพูน,Thang Phun,80190
6523,ภาคใต้,81,กระบี่,Krabi,8101,เมืองกระบี่,Mueang Krabi,810101,ปากน้ำ,Pak Nam,81000
6524,ภาคใต้,81,กระบี่,Krabi,8101,เมืองกระบี่,Mueang Krabi,810102,กระบี่ใหญ่,Krabi Yai,81000
6525,ภาคใต้,81,กระบี่,Krabi,8101,เมืองกระบี่,Mueang Krabi,810103,กระบี่น้อย,Krabi Noi,81000
6526,ภาคใต้,81,กระบี่,Krabi,8101,เมืองกระบี่,Mueang Krabi,810105,เขาคราม,Khao Khram,81000
6527,ภาคใต้,81,กระบี่,Krabi,8101,เมืองกระบี่,Mueang Krabi,810106,เขาทอง,Khao Thong,81000
6528,ภาคใต้,81,กระบี่,Krabi,8101,เมืองกระบี่,Mueang Krabi,810111,ทับปริก,Thap Prik,81000
6529,ภาคใต้,81,กระบี่,Krabi,8101,เมืองกระบี่,Mueang Krabi,810115,ไสไทย,Sai Thai,81000
6530,ภาคใต้,81,กระบี่,Krabi,8101,เมืองกระบี่,Mueang Krabi,810116,อ่าวนาง,Ao Nang,81000
6531,ภาคใต้,81,กระบี่,Krabi,8101,เมืองกระบี่,Mueang Krabi,810117,หนองทะเล,Nong Thale,81000
6532,ภาคใต้,81,กระบี่,Krabi,8101,เมืองกระบี่,Mueang Krabi,810118,คลองประสงค์,Khlong Prasong,81000
6533,ภาคใต้,81,กระบี่,Krabi,8102,เขาพนม,Khao Phanom,810201,เขาพนม,Khao Phanom,81140
6534,ภาคใต้,81,กระบี่,Krabi,8102,เขาพนม,Khao Phanom,810202,เขาดิน,Khao Din,81140
6535,ภาคใต้,81,กระบี่,Krabi,8102,เขาพนม,Khao Phanom,810203,สินปุน,Sin Pun,80240
6536,ภาคใต้,81,กระบี่,Krabi,8102,เขาพนม,Khao Phanom,810204,พรุเตียว,Phru Tiao,81140
6537,ภาคใต้,81,กระบี่,Krabi,8102,เขาพนม,Khao Phanom,810205,หน้าเขา,Na Khao,81140
6538,ภาคใต้,81,กระบี่,Krabi,8102,เขาพนม,Khao Phanom,810206,โคกหาร,Khok Han,80240
6539,ภาคใต้,81,กระบี่,Krabi,8103,เกาะลันตา,Ko Lanta,810301,เกาะลันตาใหญ่,Ko Lanta Yai,81150
6540,ภาคใต้,81,กระบี่,Krabi,8103,เกาะลันตา,Ko Lanta,810302,เกาะลันตาน้อย,Ko Lanta Noi,81150
6541,ภาคใต้,81,กระบี่,Krabi,8103,เกาะลันตา,Ko Lanta,810303,เกาะกลาง,Ko Klang,81120
6542,ภาคใต้,81,กระบี่,Krabi,8103,เกาะลันตา,Ko Lanta,810304,คลองยาง,Khlong Yang,81120
6543,ภาคใต้,81,กระบี่,Krabi,8103,เกาะลันตา,Ko Lanta,810305,ศาลาด่าน,Sala Dan,81150
6544,ภาคใต้,81,กระบี่,Krabi,8104,คลองท่อม,Khlong Thom,810401,คลองท่อมใต้,Khlong Thom Tai,81120
6545,ภาคใต้,81,กระบี่,Krabi,8104,คลองท่อม,Khlong Thom,810402,คลองท่อมเหนือ,Khlong Thom Nuea,81120
6546,ภาคใต้,81,กระบี่,Krabi,8104,คลองท่อม,Khlong Thom,810403,คลองพน,Khlong Phon,81170
6547,ภาคใต้,81,กระบี่,Krabi,8104,คลองท่อม,Khlong Thom,810404,ทรายขาว,Sai Khao,81170
6548,ภาคใต้,81,กระบี่,Krabi,8104,คลองท่อม,Khlong Thom,810405,ห้วยน้ำขาว,Huai Nam Khao,81120
6549,ภาคใต้,81,กระบี่,Krabi,8104,คลองท่อม,Khlong Thom,810406,พรุดินนา,Phru Din Na,81120
6550,ภาคใต้,81,กระบี่,Krabi,8104,คลองท่อม,Khlong Thom,810407,เพหลา,Phela,81120
6551,ภาคใต้,81,กระบี่,Krabi,8105,อ่าวลึก,Ao Luek,810501,อ่าวลึกใต้,Ao Luek Tai,81110
6552,ภาคใต้,81,กระบี่,Krabi,8105,อ่าวลึก,Ao Luek,810502,แหลมสัก,Laem Sak,81110
6553,ภาคใต้,81,กระบี่,Krabi,8105,อ่าวลึก,Ao Luek,810503,นาเหนือ,Na Nuea,81110
6554,ภาคใต้,81,กระบี่,Krabi,8105,อ่าวลึก,Ao Luek,810504,คลองหิน,Khlong Hin,81110
6555,ภาคใต้,81,กระบี่,Krabi,8105,อ่าวลึก,Ao Luek,810505,อ่าวลึกน้อย,Ao Luek Noi,81110
6556,ภาคใต้,81,กระบี่,Krabi,8105,อ่าวลึก,Ao Luek,810506,อ่าวลึกเหนือ,Ao Luek Nuea,81110
6557,ภาคใต้,81,กระบี่,Krabi,8105,อ่าวลึก,Ao Luek,810507,เขาใหญ่,Khao Yai,81110
6558,ภาคใต้,81,กระบี่,Krabi,8105,อ่าวลึก,Ao Luek,810508,คลองยา,Khlong Ya,81110
6559,ภาคใต้,81,กระบี่,Krabi,8105,อ่าวลึก,Ao Luek,810509,บ้านกลาง,Ban Klang,81110
6560,ภาคใต้,81,กระบี่,Krabi,8106,ปลายพระยา,Plai Phraya,810601,ปลายพระยา,Plai Phraya,81160
6561,ภาคใต้,81,กระบี่,Krabi,8106,ปลายพระยา,Plai Phraya,810602,เขาเขน,Khao Khen,81160
6562,ภาคใต้,81,กระบี่,Krabi,8106,ปลายพระยา,Plai Phraya,810603,เขาต่อ,Khao To,81160
6563,ภาคใต้,81,กระบี่,Krabi,8106,ปลายพระยา,Plai Phraya,810604,คีรีวง,Khiri Wong,81160
6564,ภาคใต้,81,กระบี่,Krabi,8107,ลำทับ,Lam Thap,810701,ลำทับ,Lam Thap,81120
6565,ภาคใต้,81,กระบี่,Krabi,8107,ลำทับ,Lam Thap,810702,ดินอุดม,Din Udom,81120
6566,ภาคใต้,81,กระบี่,Krabi,8107,ลำทับ,Lam Thap,810703,ทุ่งไทรทอง,Thung Sai Thong,81120
6567,ภาคใต้,81,กระบี่,Krabi,8107,ลำทับ,Lam Thap,810704,ดินแดง,Din Daeng,81120
6568,ภาคใต้,81,กระบี่,Krabi,8108,เหนือคลอง,Nuea Khlong,810801,เหนือคลอง,Nuea Khlong,81130
6569,ภาคใต้,81,กระบี่,Krabi,8108,เหนือคลอง,Nuea Khlong,810802,เกาะศรีบอยา,Ko Si Boya,81130
6570,ภาคใต้,81,กระบี่,Krabi,8108,เหนือคลอง,Nuea Khlong,810803,คลองขนาน,Khlong Khanan,81130
6571,ภาคใต้,81,กระบี่,Krabi,8108,เหนือคลอง,Nuea Khlong,810804,คลองเขม้า,Khlong Khamao,81130
6572,ภาคใต้,81,กระบี่,Krabi,8108,เหนือคลอง,Nuea Khlong,810805,โคกยาง,Khok Yang,81130
6573,ภาคใต้,81,กระบี่,Krabi,8108,เหนือคลอง,Nuea Khlong,810806,ตลิ่งชัน,Taling Chan,81130
6574,ภาคใต้,81,กระบี่,Krabi,8108,เหนือคลอง,Nuea Khlong,810807,ปกาสัย,Pakasai,81130
6575,ภาคใต้,81,กระบี่,Krabi,8108,เหนือคลอง,Nuea Khlong,810808,ห้วยยูง,Huai Yung,81130
6576,ภาคใต้,82,พังงา,Phangnga,8201,เมืองพังงา,Mueang Phang-Nga,820101,ท้ายช้าง,Thai Chang,82000
6577,ภาคใต้,82,พังงา,Phangnga,8201,เมืองพังงา,Mueang Phang-Nga,820102,นบปริง,Nop Pring,82000
6578,ภาคใต้,82,พังงา,Phangnga,8201,เมืองพังงา,Mueang Phang-Nga,820103,ถ้ำน้ำผุด,Tham Nam Phut,82000
6579,ภาคใต้,82,พังงา,Phangnga,8201,เมืองพังงา,Mueang Phang-Nga,820104,บางเตย,Bang Toei,82000
6580,ภาคใต้,82,พังงา,Phangnga,8201,เมืองพังงา,Mueang Phang-Nga,820105,ตากแดด,Tak Daet,82000
6581,ภาคใต้,82,พังงา,Phangnga,8201,เมืองพังงา,Mueang Phang-Nga,820106,สองแพรก,Song Phraek,82000
6582,ภาคใต้,82,พังงา,Phangnga,8201,เมืองพังงา,Mueang Phang-Nga,820107,ทุ่งคาโงก,Thung Kha Ngok,82000
6583,ภาคใต้,82,พังงา,Phangnga,8201,เมืองพังงา,Mueang Phang-Nga,820108,เกาะปันหยี,Ko Panyi,82000
6584,ภาคใต้,82,พังงา,Phangnga,8201,เมืองพังงา,Mueang Phang-Nga,820109,ป่ากอ,Pa Ko,82000
6585,ภาคใต้,82,พังงา,Phangnga,8202,เกาะยาว,Ko Yao,820201,เกาะยาวน้อย,Ko Yao Noi,82160
6586,ภาคใต้,82,พังงา,Phangnga,8202,เกาะยาว,Ko Yao,820202,เกาะยาวใหญ่,Ko Yao Yai,82160
6587,ภาคใต้,82,พังงา,Phangnga,8202,เกาะยาว,Ko Yao,820203,พรุใน,Phru Nai,83000
6588,ภาคใต้,82,พังงา,Phangnga,8203,กะปง,Kapong,820301,กะปง,Kapong,82170
6589,ภาคใต้,82,พังงา,Phangnga,8203,กะปง,Kapong,820302,ท่านา,Tha Na,82170
6590,ภาคใต้,82,พังงา,Phangnga,8203,กะปง,Kapong,820303,เหมาะ,Mo,82170
6591,ภาคใต้,82,พังงา,Phangnga,8203,กะปง,Kapong,820304,เหล,Le,82170
6592,ภาคใต้,82,พังงา,Phangnga,8203,กะปง,Kapong,820305,รมณีย์,Rommani,82170
6593,ภาคใต้,82,พังงา,Phangnga,8204,ตะกั่วทุ่ง,Takua Thung,820401,ถ้ำ,Tham,82130
6594,ภาคใต้,82,พังงา,Phangnga,8204,ตะกั่วทุ่ง,Takua Thung,820402,กระโสม,Krasom,82130
6595,ภาคใต้,82,พังงา,Phangnga,8204,ตะกั่วทุ่ง,Takua Thung,820403,กะไหล,Kalai,82130
6596,ภาคใต้,82,พังงา,Phangnga,8204,ตะกั่วทุ่ง,Takua Thung,820404,ท่าอยู่,Tha Yu,82130
6597,ภาคใต้,82,พังงา,Phangnga,8204,ตะกั่วทุ่ง,Takua Thung,820405,หล่อยูง,Lo Yung,82140
6598,ภาคใต้,82,พังงา,Phangnga,8204,ตะกั่วทุ่ง,Takua Thung,820406,โคกกลอย,Khok Kloi,82140
6599,ภาคใต้,82,พังงา,Phangnga,8204,ตะกั่วทุ่ง,Takua Thung,820407,คลองเคียน,Khlong Khian,82130
6600,ภาคใต้,82,พังงา,Phangnga,8205,ตะกั่วป่า,Takua Pa,820501,ตะกั่วป่า,Takua Pa,82110
6601,ภาคใต้,82,พังงา,Phangnga,8205,ตะกั่วป่า,Takua Pa,820502,บางนายสี,Bang Nai Si,82110
6602,ภาคใต้,82,พังงา,Phangnga,8205,ตะกั่วป่า,Takua Pa,820503,บางไทร,Bang Sai,82110
6603,ภาคใต้,82,พังงา,Phangnga,8205,ตะกั่วป่า,Takua Pa,820504,บางม่วง,Bang Muang,82110
6604,ภาคใต้,82,พังงา,Phangnga,8205,ตะกั่วป่า,Takua Pa,820505,ตำตัว,Tamtua,82110
6605,ภาคใต้,82,พังงา,Phangnga,8205,ตะกั่วป่า,Takua Pa,820506,โคกเคียน,Khok Khian,82110
6606,ภาคใต้,82,พังงา,Phangnga,8205,ตะกั่วป่า,Takua Pa,820507,คึกคัก,Khuek Khak,82190
6607,ภาคใต้,82,พังงา,Phangnga,8205,ตะกั่วป่า,Takua Pa,820508,เกาะคอเขา,Ko Kho Khao,82190
6608,ภาคใต้,82,พังงา,Phangnga,8206,คุระบุรี,Khura Buri,820601,คุระ,Khu Ra,82150
6609,ภาคใต้,82,พังงา,Phangnga,8206,คุระบุรี,Khura Buri,820602,บางวัน,Bang Wan,82150
6610,ภาคใต้,82,พังงา,Phangnga,8206,คุระบุรี,Khura Buri,820603,เกาะพระทอง,Ko Phra Thong,82150
6611,ภาคใต้,82,พังงา,Phangnga,8206,คุระบุรี,Khura Buri,820605,แม่นางขาว,Mae Nang Khao,82150
6612,ภาคใต้,82,พังงา,Phangnga,8207,ทับปุด,Thap Put,820701,ทับปุด,Thap Put,82180
6613,ภาคใต้,82,พังงา,Phangnga,8207,ทับปุด,Thap Put,820702,มะรุ่ย,Marui,82180
6614,ภาคใต้,82,พังงา,Phangnga,8207,ทับปุด,Thap Put,820703,บ่อแสน,Bo Saen,82180
6615,ภาคใต้,82,พังงา,Phangnga,8207,ทับปุด,Thap Put,820704,ถ้ำทองหลาง,Tham Thong Lang,82180
6616,ภาคใต้,82,พังงา,Phangnga,8207,ทับปุด,Thap Put,820705,โคกเจริญ,Khok Charoen,82180
6617,ภาคใต้,82,พังงา,Phangnga,8207,ทับปุด,Thap Put,820706,บางเหรียง,Bang Riang,82180
6618,ภาคใต้,82,พังงา,Phangnga,8208,ท้ายเหมือง,Thai Mueang,820801,ท้ายเหมือง,Thai Mueang,82120
6619,ภาคใต้,82,พังงา,Phangnga,8208,ท้ายเหมือง,Thai Mueang,820802,นาเตย,Na Toei,82120
6620,ภาคใต้,82,พังงา,Phangnga,8208,ท้ายเหมือง,Thai Mueang,820803,บางทอง,Bang Thong,82120
6621,ภาคใต้,82,พังงา,Phangnga,8208,ท้ายเหมือง,Thai Mueang,820804,ทุ่งมะพร้าว,Thung Maphrao,82120
6622,ภาคใต้,82,พังงา,Phangnga,8208,ท้ายเหมือง,Thai Mueang,820805,ลำภี,Lam Phi,82120
6623,ภาคใต้,82,พังงา,Phangnga,8208,ท้ายเหมือง,Thai Mueang,820806,ลำแก่น,Lam Kaen,82120
6624,ภาคใต้,83,ภูเก็ต,Phuket,8301,เมืองภูเก็ต,Mueang Phuket,830101,ตลาดใหญ่,Talat Yai,83000
6625,ภาคใต้,83,ภูเก็ต,Phuket,8301,เมืองภูเก็ต,Mueang Phuket,830102,ตลาดเหนือ,Talat Nuea,83000
6626,ภาคใต้,83,ภูเก็ต,Phuket,8301,เมืองภูเก็ต,Mueang Phuket,830103,เกาะแก้ว,Ko Kaeo,83000
6627,ภาคใต้,83,ภูเก็ต,Phuket,8301,เมืองภูเก็ต,Mueang Phuket,830104,รัษฎา,Ratsada,83000
6628,ภาคใต้,83,ภูเก็ต,Phuket,8301,เมืองภูเก็ต,Mueang Phuket,830105,วิชิต,Wichit,83000
6629,ภาคใต้,83,ภูเก็ต,Phuket,8301,เมืองภูเก็ต,Mueang Phuket,830106,ฉลอง,Chalong,83130
6630,ภาคใต้,83,ภูเก็ต,Phuket,8301,เมืองภูเก็ต,Mueang Phuket,830107,ราไวย์,Rawai,83130
6631,ภาคใต้,83,ภูเก็ต,Phuket,8301,เมืองภูเก็ต,Mueang Phuket,830108,กะรน,Karon,83100
6632,ภาคใต้,83,ภูเก็ต,Phuket,8302,กะทู้,Kathu,830201,กะทู้,Kathu,83120
6633,ภาคใต้,83,ภูเก็ต,Phuket,8302,กะทู้,Kathu,830202,ป่าตอง,Patong,83150
6634,ภาคใต้,83,ภูเก็ต,Phuket,8302,กะทู้,Kathu,830203,กมลา,Kamala,83150
6635,ภาคใต้,83,ภูเก็ต,Phuket,8303,ถลาง,Thalang,830301,เทพกระษัตรี,Thep Krasattri,83110
6636,ภาคใต้,83,ภูเก็ต,Phuket,8303,ถลาง,Thalang,830302,ศรีสุนทร,Si Sunthon,83110
6637,ภาคใต้,83,ภูเก็ต,Phuket,8303,ถลาง,Thalang,830303,เชิงทะเล,Choeng Thale,83110
6638,ภาคใต้,83,ภูเก็ต,Phuket,8303,ถลาง,Thalang,830304,ป่าคลอก,Pa Khlok,83110
6639,ภาคใต้,83,ภูเก็ต,Phuket,8303,ถลาง,Thalang,830305,ไม้ขาว,Mai Khao,83110
6640,ภาคใต้,83,ภูเก็ต,Phuket,8303,ถลาง,Thalang,830306,สาคู,Sakhu,83110
6641,ภาคใต้,84,สุราษฎร์ธานี,Surat Thani,8401,เมืองสุราษฎร์ธานี,Mueang Surat Thani,840101,ตลาด,Talat,84000
6642,ภาคใต้,84,สุราษฎร์ธานี,Surat Thani,8401,เมืองสุราษฎร์ธานี,Mueang Surat Thani,840102,มะขามเตี้ย,Makham Tia,84000
6643,ภาคใต้,84,สุราษฎร์ธานี,Surat Thani,8401,เมืองสุราษฎร์ธานี,Mueang Surat Thani,840103,วัดประดู่,Wat Pradu,84000
6644,ภาคใต้,84,สุราษฎร์ธานี,Surat Thani,8401,เมืองสุราษฎร์ธานี,Mueang Surat Thani,840104,ขุนทะเล,Khun Thale,84100
6645,ภาคใต้,84,สุราษฎร์ธานี,Surat Thani,8401,เมืองสุราษฎร์ธานี,Mueang Surat Thani,840105,บางใบไม้,Bang Bai Mai,84000
6646,ภาคใต้,84,สุราษฎร์ธานี,Surat Thani,8401,เมืองสุราษฎร์ธานี,Mueang Surat Thani,840106,บางชนะ,Bang Chana,84000
6647,ภาคใต้,84,สุราษฎร์ธานี,Surat Thani,8401,เมืองสุราษฎร์ธานี,Mueang Surat Thani,840107,คลองน้อย,Khlong Noi,84000
6648,ภาคใต้,84,สุราษฎร์ธานี,Surat Thani,8401,เมืองสุราษฎร์ธานี,Mueang Surat Thani,840108,บางไทร,Bang Sai,84000
6649,ภาคใต้,84,สุราษฎร์ธานี,Surat Thani,8401,เมืองสุราษฎร์ธานี,Mueang Surat Thani,840109,บางโพธิ์,Bang Pho,84000
6650,ภาคใต้,84,สุราษฎร์ธานี,Surat Thani,8401,เมืองสุราษฎร์ธานี,Mueang Surat Thani,840110,บางกุ้ง,Bang Kung,84000
6651,ภาคใต้,84,สุราษฎร์ธานี,Surat Thani,8401,เมืองสุราษฎร์ธานี,Mueang Surat Thani,840111,คลองฉนาก,Khlong Chanak,84000
6652,ภาคใต้,84,สุราษฎร์ธานี,Surat Thani,8402,กาญจนดิษฐ์,Kanchanadit,840201,ท่าทองใหม่,Tha Thong Mai,84290
6653,ภาคใต้,84,สุราษฎร์ธานี,Surat Thani,8402,กาญจนดิษฐ์,Kanchanadit,840202,ท่าทอง,Tha Thong,84160
6654,ภาคใต้,84,สุราษฎร์ธานี,Surat Thani,8402,กาญจนดิษฐ์,Kanchanadit,840203,กะแดะ,Kadae,84160
6655,ภาคใต้,84,สุราษฎร์ธานี,Surat Thani,8402,กาญจนดิษฐ์,Kanchanadit,840204,ทุ่งกง,Thung Kong,84290
6656,ภาคใต้,84,สุราษฎร์ธานี,Surat Thani,8402,กาญจนดิษฐ์,Kanchanadit,840205,กรูด,Krut,84160
6657,ภาคใต้,84,สุราษฎร์ธานี,Surat Thani,8402,กาญจนดิษฐ์,Kanchanadit,840206,ช้างซ้าย,Chang Sai,84160
6658,ภาคใต้,84,สุราษฎร์ธานี,Surat Thani,8402,กาญจนดิษฐ์,Kanchanadit,840207,พลายวาส,Phlai Wat,84160
6659,ภาคใต้,84,สุราษฎร์ธานี,Surat Thani,8402,กาญจนดิษฐ์,Kanchanadit,840208,ป่าร่อน,Pa Ron,84160
6660,ภาคใต้,84,สุราษฎร์ธานี,Surat Thani,8402,กาญจนดิษฐ์,Kanchanadit,840209,ตะเคียนทอง,Takhian Thong,84160
6661,ภาคใต้,84,สุราษฎร์ธานี,Surat Thani,8402,กาญจนดิษฐ์,Kanchanadit,840210,ช้างขวา,Chang Khwa,84160
6662,ภาคใต้,84,สุราษฎร์ธานี,Surat Thani,8402,กาญจนดิษฐ์,Kanchanadit,840211,ท่าอุแท,Tha Uthae,84160
6663,ภาคใต้,84,สุราษฎร์ธานี,Surat Thani,8402,กาญจนดิษฐ์,Kanchanadit,840212,ทุ่งรัง,Thung Rang,84290
6664,ภาคใต้,84,สุราษฎร์ธานี,Surat Thani,8402,กาญจนดิษฐ์,Kanchanadit,840213,คลองสระ,Khlong Sa,84160
6665,ภาคใต้,84,สุราษฎร์ธานี,Surat Thani,8403,ดอนสัก,Don Sak,840301,ดอนสัก,Don Sak,84220
6666,ภาคใต้,84,สุราษฎร์ธานี,Surat Thani,8403,ดอนสัก,Don Sak,840302,ชลคราม,Chon Khram,84160
6667,ภาคใต้,84,สุราษฎร์ธานี,Surat Thani,8403,ดอนสัก,Don Sak,840303,ไชยคราม,Chai Khram,84220
6668,ภาคใต้,84,สุราษฎร์ธานี,Surat Thani,8403,ดอนสัก,Don Sak,840304,ปากแพรก,Pak Phraek,84340
6669,ภาคใต้,84,สุราษฎร์ธานี,Surat Thani,8404,เกาะสมุย,Ko Samui,840401,อ่างทอง,Ang Thong,84140
6670,ภาคใต้,84,สุราษฎร์ธานี,Surat Thani,8404,เกาะสมุย,Ko Samui,840402,ลิปะน้อย,Lipa Noi,84140
6671,ภาคใต้,84,สุราษฎร์ธานี,Surat Thani,8404,เกาะสมุย,Ko Samui,840403,ตลิ่งงาม,Taling Ngam,84140
6672,ภาคใต้,84,สุราษฎร์ธานี,Surat Thani,8404,เกาะสมุย,Ko Samui,840404,หน้าเมือง,Na Mueang,84140
6673,ภาคใต้,84,สุราษฎร์ธานี,Surat Thani,8404,เกาะสมุย,Ko Samui,840405,มะเร็ต,Maret,84310
6674,ภาคใต้,84,สุราษฎร์ธานี,Surat Thani,8404,เกาะสมุย,Ko Samui,840406,บ่อผุด,Bo Phut,84320
6675,ภาคใต้,84,สุราษฎร์ธานี,Surat Thani,8404,เกาะสมุย,Ko Samui,840407,แม่น้ำ,Maenam,84330
6676,ภาคใต้,84,สุราษฎร์ธานี,Surat Thani,8405,เกาะพะงัน,Ko Pha-Ngan,840501,เกาะพะงัน,Ko Pha-Ngan,84280
6677,ภาคใต้,84,สุราษฎร์ธานี,Surat Thani,8405,เกาะพะงัน,Ko Pha-Ngan,840502,บ้านใต้,Ban Tai,84280
6678,ภาคใต้,84,สุราษฎร์ธานี,Surat Thani,8405,เกาะพะงัน,Ko Pha-Ngan,840503,เกาะเต่า,Ko Tao,84280
6679,ภาคใต้,84,สุราษฎร์ธานี,Surat Thani,8406,ไชยา,Chaiya,840601,ตลาดไชยา,Talat Chaiya,84110
6680,ภาคใต้,84,สุราษฎร์ธานี,Surat Thani,8406,ไชยา,Chaiya,840602,พุมเรียง,Phum Riang,84110
6681,ภาคใต้,84,สุราษฎร์ธานี,Surat Thani,8406,ไชยา,Chaiya,840603,เลม็ด,Samet,84110
6682,ภาคใต้,84,สุราษฎร์ธานี,Surat Thani,8406,ไชยา,Chaiya,840604,เวียง,Wiang,84110
6683,ภาคใต้,84,สุราษฎร์ธานี,Surat Thani,8406,ไชยา,Chaiya,840605,ทุ่ง,Thung,84110
6684,ภาคใต้,84,สุราษฎร์ธานี,Surat Thani,8406,ไชยา,Chaiya,840606,ป่าเว,Pa We,84110
6685,ภาคใต้,84,สุราษฎร์ธานี,Surat Thani,8406,ไชยา,Chaiya,840607,ตะกรบ,Takrop,84110
6686,ภาคใต้,84,สุราษฎร์ธานี,Surat Thani,8406,ไชยา,Chaiya,840608,โมถ่าย,Mo Thai,84110
6687,ภาคใต้,84,สุราษฎร์ธานี,Surat Thani,8406,ไชยา,Chaiya,840609,ปากหมาก,Pak Mak,84110
6688,ภาคใต้,84,สุราษฎร์ธานี,Surat Thani,8407,ท่าชนะ,Tha Chana,840701,ท่าชนะ,Tha Chana,84170
6689,ภาคใต้,84,สุราษฎร์ธานี,Surat Thani,8407,ท่าชนะ,Tha Chana,840702,สมอทอง,Samo Thong,84170
6690,ภาคใต้,84,สุราษฎร์ธานี,Surat Thani,8407,ท่าชนะ,Tha Chana,840703,ประสงค์,Prasong,84170
6691,ภาคใต้,84,สุราษฎร์ธานี,Surat Thani,8407,ท่าชนะ,Tha Chana,840704,คันธุลี,Khan Thuli,84170
6692,ภาคใต้,84,สุราษฎร์ธานี,Surat Thani,8407,ท่าชนะ,Tha Chana,840705,วัง,Wang,84170
6693,ภาคใต้,84,สุราษฎร์ธานี,Surat Thani,8407,ท่าชนะ,Tha Chana,840706,คลองพา,Khlong Pha,84170
6694,ภาคใต้,84,สุราษฎร์ธานี,Surat Thani,8408,คีรีรัฐนิคม,Khiri Rat Nikhom,840801,ท่าขนอน,Tha Khanon,84180
6695,ภาคใต้,84,สุราษฎร์ธานี,Surat Thani,8408,คีรีรัฐนิคม,Khiri Rat Nikhom,840802,บ้านยาง,Ban Yang,84180
6696,ภาคใต้,84,สุราษฎร์ธานี,Surat Thani,8408,คีรีรัฐนิคม,Khiri Rat Nikhom,840803,น้ำหัก,Nam Hak,84180
6697,ภาคใต้,84,สุราษฎร์ธานี,Surat Thani,8408,คีรีรัฐนิคม,Khiri Rat Nikhom,840806,กะเปา,Kapao,84180
6698,ภาคใต้,84,สุราษฎร์ธานี,Surat Thani,8408,คีรีรัฐนิคม,Khiri Rat Nikhom,840807,ท่ากระดาน,Tha Kradan,84180
6699,ภาคใต้,84,สุราษฎร์ธานี,Surat Thani,8408,คีรีรัฐนิคม,Khiri Rat Nikhom,840808,ย่านยาว,Yan Yao,84180
6700,ภาคใต้,84,สุราษฎร์ธานี,Surat Thani,8408,คีรีรัฐนิคม,Khiri Rat Nikhom,840809,ถ้ำสิงขร,Tham Singkhon,84180
6701,ภาคใต้,84,สุราษฎร์ธานี,Surat Thani,8408,คีรีรัฐนิคม,Khiri Rat Nikhom,840810,บ้านทำเนียบ,Ban Thamniap,84180
6702,ภาคใต้,84,สุราษฎร์ธานี,Surat Thani,8409,บ้านตาขุน,Ban Ta Khun,840901,เขาวง,Khao Wong,84230
6703,ภาคใต้,84,สุราษฎร์ธานี,Surat Thani,8409,บ้านตาขุน,Ban Ta Khun,840902,พะแสง,Phasaeng,84230
6704,ภาคใต้,84,สุราษฎร์ธานี,Surat Thani,8409,บ้านตาขุน,Ban Ta Khun,840903,พรุไทย,Phru Thai,84230
6705,ภาคใต้,84,สุราษฎร์ธานี,Surat Thani,8409,บ้านตาขุน,Ban Ta Khun,840904,เขาพัง,Khao Phang,84230
6706,ภาคใต้,84,สุราษฎร์ธานี,Surat Thani,8410,พนม,Phanom,841001,พนม,Phanom,84250
6707,ภาคใต้,84,สุราษฎร์ธานี,Surat Thani,8410,พนม,Phanom,841002,ต้นยวน,Ton Yuan,84250
6708,ภาคใต้,84,สุราษฎร์ธานี,Surat Thani,8410,พนม,Phanom,841003,คลองศก,Khlong Sok,84250
6709,ภาคใต้,84,สุราษฎร์ธานี,Surat Thani,8410,พนม,Phanom,841004,พลูเถื่อน,Phlu Thuean,84250
6710,ภาคใต้,84,สุราษฎร์ธานี,Surat Thani,8410,พนม,Phanom,841005,พังกาญจน์,Phang Kan,84250
6711,ภาคใต้,84,สุราษฎร์ธานี,Surat Thani,8410,พนม,Phanom,841006,คลองชะอุ่น,Khlong Cha-Un,84250
6712,ภาคใต้,84,สุราษฎร์ธานี,Surat Thani,8411,ท่าฉาง,Tha Chang,841101,ท่าฉาง,Tha Chang,84150
6713,ภาคใต้,84,สุราษฎร์ธานี,Surat Thani,8411,ท่าฉาง,Tha Chang,841102,ท่าเคย,Tha Khoei,84150
6714,ภาคใต้,84,สุราษฎร์ธานี,Surat Thani,8411,ท่าฉาง,Tha Chang,841103,คลองไทร,Khlong Sai,84150
6715,ภาคใต้,84,สุราษฎร์ธานี,Surat Thani,8411,ท่าฉาง,Tha Chang,841104,เขาถ่าน,Khao Than,84150
6716,ภาคใต้,84,สุราษฎร์ธานี,Surat Thani,8411,ท่าฉาง,Tha Chang,841105,เสวียด,Sawiat,84150
6717,ภาคใต้,84,สุราษฎร์ธานี,Surat Thani,8411,ท่าฉาง,Tha Chang,841106,ปากฉลุย,Pak Chalui,84150
6718,ภาคใต้,84,สุราษฎร์ธานี,Surat Thani,8412,บ้านนาสาร,Ban Na San,841201,นาสาร,Na San,84120
6719,ภาคใต้,84,สุราษฎร์ธานี,Surat Thani,8412,บ้านนาสาร,Ban Na San,841202,พรุพี,Phru Phi,84270
6720,ภาคใต้,84,สุราษฎร์ธานี,Surat Thani,8412,บ้านนาสาร,Ban Na San,841203,ทุ่งเตา,Thung Tao,84120
6721,ภาคใต้,84,สุราษฎร์ธานี,Surat Thani,8412,บ้านนาสาร,Ban Na San,841204,ลำพูน,Lamphun,84120
6722,ภาคใต้,84,สุราษฎร์ธานี,Surat Thani,8412,บ้านนาสาร,Ban Na San,841205,ท่าชี,Tha Chi,84120
6723,ภาคใต้,84,สุราษฎร์ธานี,Surat Thani,8412,บ้านนาสาร,Ban Na San,841206,ควนศรี,Khuan Si,84270
6724,ภาคใต้,84,สุราษฎร์ธานี,Surat Thani,8412,บ้านนาสาร,Ban Na San,841207,ควนสุบรรณ,Khuan Suban,84120
6725,ภาคใต้,84,สุราษฎร์ธานี,Surat Thani,8412,บ้านนาสาร,Ban Na San,841208,คลองปราบ,Khlong Prap,84120
6726,ภาคใต้,84,สุราษฎร์ธานี,Surat Thani,8412,บ้านนาสาร,Ban Na San,841209,น้ำพุ,Namphu,84120
6727,ภาคใต้,84,สุราษฎร์ธานี,Surat Thani,8412,บ้านนาสาร,Ban Na San,841210,ทุ่งเตาใหม่,Thung Tao Mai,84120
6728,ภาคใต้,84,สุราษฎร์ธานี,Surat Thani,8412,บ้านนาสาร,Ban Na San,841211,เพิ่มพูนทรัพย์,Phoem Phun Sap,84120
6729,ภาคใต้,84,สุราษฎร์ธานี,Surat Thani,8413,บ้านนาเดิม,Ban Na Doem,841301,บ้านนา,Ban Na,84240
6730,ภาคใต้,84,สุราษฎร์ธานี,Surat Thani,8413,บ้านนาเดิม,Ban Na Doem,841302,ท่าเรือ,Tha Ruea,84240
6731,ภาคใต้,84,สุราษฎร์ธานี,Surat Thani,8413,บ้านนาเดิม,Ban Na Doem,841303,ทรัพย์ทวี,Sap Thawi,84240
6732,ภาคใต้,84,สุราษฎร์ธานี,Surat Thani,8413,บ้านนาเดิม,Ban Na Doem,841304,นาใต้,Na Tai,84240
6733,ภาคใต้,84,สุราษฎร์ธานี,Surat Thani,8414,เคียนซา,Khian Sa,841401,เคียนซา,Khian Sa,84260
6734,ภาคใต้,84,สุราษฎร์ธานี,Surat Thani,8414,เคียนซา,Khian Sa,841402,พ่วงพรมคร,Phuang Phromkhon,84210
6735,ภาคใต้,84,สุราษฎร์ธานี,Surat Thani,8414,เคียนซา,Khian Sa,841403,เขาตอก,Khao Tok,84260
6736,ภาคใต้,84,สุราษฎร์ธานี,Surat Thani,8414,เคียนซา,Khian Sa,841404,อรัญคามวารี,Aran Kham Wari,84260
6737,ภาคใต้,84,สุราษฎร์ธานี,Surat Thani,8414,เคียนซา,Khian Sa,841405,บ้านเสด็จ,Ban Sadet,84260
6738,ภาคใต้,84,สุราษฎร์ธานี,Surat Thani,8415,เวียงสระ,Wiang Sa,841501,เวียงสระ,Wiang Sa,84190
6739,ภาคใต้,84,สุราษฎร์ธานี,Surat Thani,8415,เวียงสระ,Wiang Sa,841502,บ้านส้อง,Ban Song,84190
6740,ภาคใต้,84,สุราษฎร์ธานี,Surat Thani,8415,เวียงสระ,Wiang Sa,841503,คลองฉนวน,Khlong Chanuan,84190
6741,ภาคใต้,84,สุราษฎร์ธานี,Surat Thani,8415,เวียงสระ,Wiang Sa,841504,ทุ่งหลวง,Thung Luang,84190
6742,ภาคใต้,84,สุราษฎร์ธานี,Surat Thani,8415,เวียงสระ,Wiang Sa,841505,เขานิพันธ์,Khao Niphan,84190
6743,ภาคใต้,84,สุราษฎร์ธานี,Surat Thani,8416,พระแสง,Phrasaeng,841601,อิปัน,I Pan,84210
6744,ภาคใต้,84,สุราษฎร์ธานี,Surat Thani,8416,พระแสง,Phrasaeng,841602,สินปุน,Sin Pun,84210
6745,ภาคใต้,84,สุราษฎร์ธานี,Surat Thani,8416,พระแสง,Phrasaeng,841603,บางสวรรค์,Bang Sawan,84210
6746,ภาคใต้,84,สุราษฎร์ธานี,Surat Thani,8416,พระแสง,Phrasaeng,841604,ไทรขึง,Sai Khueng,84210
6747,ภาคใต้,84,สุราษฎร์ธานี,Surat Thani,8416,พระแสง,Phrasaeng,841605,สินเจริญ,Sin Charoen,84210
6748,ภาคใต้,84,สุราษฎร์ธานี,Surat Thani,8416,พระแสง,Phrasaeng,841606,ไทรโสภา,Sai Sopha,84210
6749,ภาคใต้,84,สุราษฎร์ธานี,Surat Thani,8416,พระแสง,Phrasaeng,841607,สาคู,Sakhu,84210
6750,ภาคใต้,84,สุราษฎร์ธานี,Surat Thani,8417,พุนพิน,Phunphin,841701,ท่าข้าม,Tha Kham,84130
6751,ภาคใต้,84,สุราษฎร์ธานี,Surat Thani,8417,พุนพิน,Phunphin,841702,ท่าสะท้อน,Tha Sathon,84130
6752,ภาคใต้,84,สุราษฎร์ธานี,Surat Thani,8417,พุนพิน,Phunphin,841703,ลีเล็ด,Li Let,84130
6753,ภาคใต้,84,สุราษฎร์ธานี,Surat Thani,8417,พุนพิน,Phunphin,841704,บางมะเดื่อ,Bang Maduea,84130
6754,ภาคใต้,84,สุราษฎร์ธานี,Surat Thani,8417,พุนพิน,Phunphin,841705,บางเดือน,Bang Duean,84130
6755,ภาคใต้,84,สุราษฎร์ธานี,Surat Thani,8417,พุนพิน,Phunphin,841706,ท่าโรงช้าง,Tha Rong Chang,84130
6756,ภาคใต้,84,สุราษฎร์ธานี,Surat Thani,8417,พุนพิน,Phunphin,841707,กรูด,Krut,84130
6757,ภาคใต้,84,สุราษฎร์ธานี,Surat Thani,8417,พุนพิน,Phunphin,841708,พุนพิน,Phunphin,84130
6758,ภาคใต้,84,สุราษฎร์ธานี,Surat Thani,8417,พุนพิน,Phunphin,841709,บางงอน,Bang Ngon,84130
6759,ภาคใต้,84,สุราษฎร์ธานี,Surat Thani,8417,พุนพิน,Phunphin,841710,ศรีวิชัย,Si Wichai,84130
6760,ภาคใต้,84,สุราษฎร์ธานี,Surat Thani,8417,พุนพิน,Phunphin,841711,น้ำรอบ,Nam Rop,84130
6761,ภาคใต้,84,สุราษฎร์ธานี,Surat Thani,8417,พุนพิน,Phunphin,841712,มะลวน,Maluan,84130
6762,ภาคใต้,84,สุราษฎร์ธานี,Surat Thani,8417,พุนพิน,Phunphin,841713,หัวเตย,Hua Toei,84130
6763,ภาคใต้,84,สุราษฎร์ธานี,Surat Thani,8417,พุนพิน,Phunphin,841714,หนองไทร,Nong Sai,84130
6764,ภาคใต้,84,สุราษฎร์ธานี,Surat Thani,8417,พุนพิน,Phunphin,841715,เขาหัวควาย,Khao Hua Khwai,84130
6765,ภาคใต้,84,สุราษฎร์ธานี,Surat Thani,8417,พุนพิน,Phunphin,841716,ตะปาน,Tapan,84130
6766,ภาคใต้,84,สุราษฎร์ธานี,Surat Thani,8418,ชัยบุรี,Chai Buri,841801,สองแพรก,Song Phraek,84350
6767,ภาคใต้,84,สุราษฎร์ธานี,Surat Thani,8418,ชัยบุรี,Chai Buri,841802,ชัยบุรี,Chai Buri,84350
6768,ภาคใต้,84,สุราษฎร์ธานี,Surat Thani,8418,ชัยบุรี,Chai Buri,841803,คลองน้อย,Khlong Noi,84350
6769,ภาคใต้,84,สุราษฎร์ธานี,Surat Thani,8418,ชัยบุรี,Chai Buri,841804,ไทรทอง,Sai Thong,84350
6770,ภาคใต้,84,สุราษฎร์ธานี,Surat Thani,8419,วิภาวดี,Chai Buri,841901,ตะกุกใต้,Takuk Tai,84180
6771,ภาคใต้,84,สุราษฎร์ธานี,Surat Thani,8419,วิภาวดี,Chai Buri,841902,ตะกุกเหนือ,Takuk Nuea,84180
6772,ภาคใต้,85,ระนอง,Ranong,8501,เมืองระนอง,Mueang Ranong,850101,เขานิเวศน์,Khao Niwet,85000
6773,ภาคใต้,85,ระนอง,Ranong,8501,เมืองระนอง,Mueang Ranong,850102,ราชกรูด,Ratchakrut,85000
6774,ภาคใต้,85,ระนอง,Ranong,8501,เมืองระนอง,Mueang Ranong,850103,หงาว,Ngao,85000
6775,ภาคใต้,85,ระนอง,Ranong,8501,เมืองระนอง,Mueang Ranong,850104,บางริ้น,Bang Rin,85000
6776,ภาคใต้,85,ระนอง,Ranong,8501,เมืองระนอง,Mueang Ranong,850105,ปากน้ำ,Pak Nam,85000
6777,ภาคใต้,85,ระนอง,Ranong,8501,เมืองระนอง,Mueang Ranong,850106,บางนอน,Bang Non,85000
6778,ภาคใต้,85,ระนอง,Ranong,8501,เมืองระนอง,Mueang Ranong,850107,หาดส้มแป้น,Hat Som Paen,85000
6779,ภาคใต้,85,ระนอง,Ranong,8501,เมืองระนอง,Mueang Ranong,850108,ทรายแดง,Sai Daeng,85130
6780,ภาคใต้,85,ระนอง,Ranong,8501,เมืองระนอง,Mueang Ranong,850109,เกาะพยาม,Ko Phayam,85000
6781,ภาคใต้,85,ระนอง,Ranong,8502,ละอุ่น,La-Un,850201,ละอุ่นใต้,La-Un Tai,85130
6782,ภาคใต้,85,ระนอง,Ranong,8502,ละอุ่น,La-Un,850202,ละอุ่นเหนือ,La-Un Nuea,85130
6783,ภาคใต้,85,ระนอง,Ranong,8502,ละอุ่น,La-Un,850203,บางพระใต้,Bang Phra Tai,85130
6784,ภาคใต้,85,ระนอง,Ranong,8502,ละอุ่น,La-Un,850204,บางพระเหนือ,Bang Phra Nuea,85130
6785,ภาคใต้,85,ระนอง,Ranong,8502,ละอุ่น,La-Un,850205,บางแก้ว,Bang Kaeo,85130
6786,ภาคใต้,85,ระนอง,Ranong,8502,ละอุ่น,La-Un,850206,ในวงเหนือ,Nai Wong Nuea,85130
6787,ภาคใต้,85,ระนอง,Ranong,8502,ละอุ่น,La-Un,850207,ในวงใต้,Nai Wong Tai,85130
6788,ภาคใต้,85,ระนอง,Ranong,8503,กะเปอร์,Papoe,850301,ม่วงกลวง,Muang Kluang,85120
6789,ภาคใต้,85,ระนอง,Ranong,8503,กะเปอร์,Papoe,850302,กะเปอร์,Kapoe,85120
6790,ภาคใต้,85,ระนอง,Ranong,8503,กะเปอร์,Papoe,850303,เชี่ยวเหลียง,Chiao Liang,85120
6791,ภาคใต้,85,ระนอง,Ranong,8503,กะเปอร์,Papoe,850304,บ้านนา,Ban Na,85120
6792,ภาคใต้,85,ระนอง,Ranong,8503,กะเปอร์,Papoe,850305,บางหิน,Bang Hin,85120
6793,ภาคใต้,85,ระนอง,Ranong,8504,กระบุรี,Kra Buri,850401,น้ำจืด,Nam Chuet,85110
6794,ภาคใต้,85,ระนอง,Ranong,8504,กระบุรี,Kra Buri,850402,น้ำจืดน้อย,Nam Chuet Noi,85110
6795,ภาคใต้,85,ระนอง,Ranong,8504,กระบุรี,Kra Buri,850403,มะมุ,Mamu,85110
6796,ภาคใต้,85,ระนอง,Ranong,8504,กระบุรี,Kra Buri,850404,ปากจั่น,Pak Chan,85110
6797,ภาคใต้,85,ระนอง,Ranong,8504,กระบุรี,Kra Buri,850405,ลำเลียง,Lamliang,85110
6798,ภาคใต้,85,ระนอง,Ranong,8504,กระบุรี,Kra Buri,850406,จ.ป.ร.,Cho Po Ro,85110
6799,ภาคใต้,85,ระนอง,Ranong,8504,กระบุรี,Kra Buri,850407,บางใหญ่,Bang Yai,85110
6800,ภาคใต้,85,ระนอง,Ranong,8505,สุขสำราญ,Suk Samran,850501,นาคา,Nakha,85120
6801,ภาคใต้,85,ระนอง,Ranong,8505,สุขสำราญ,Suk Samran,850502,กำพวน,Kamphuan,85120
6802,ภาคใต้,86,ชุมพร,Chumphon,8601,เมืองชุมพร,Mueang Chumphon,860101,ท่าตะเภา,Tha Taphao,86000
6803,ภาคใต้,86,ชุมพร,Chumphon,8601,เมืองชุมพร,Mueang Chumphon,860102,ปากน้ำ,Pak Nam,86120
6804,ภาคใต้,86,ชุมพร,Chumphon,8601,เมืองชุมพร,Mueang Chumphon,860103,ท่ายาง,Tha Yang,86000
6805,ภาคใต้,86,ชุมพร,Chumphon,8601,เมืองชุมพร,Mueang Chumphon,860104,บางหมาก,Bang Mak,86000
6806,ภาคใต้,86,ชุมพร,Chumphon,8601,เมืองชุมพร,Mueang Chumphon,860105,นาทุ่ง,Na Thung,86000
6807,ภาคใต้,86,ชุมพร,Chumphon,8601,เมืองชุมพร,Mueang Chumphon,860106,นาชะอัง,Na Cha-Ang,86000
6808,ภาคใต้,86,ชุมพร,Chumphon,8601,เมืองชุมพร,Mueang Chumphon,860107,ตากแดด,Tak Daet,86000
6809,ภาคใต้,86,ชุมพร,Chumphon,8601,เมืองชุมพร,Mueang Chumphon,860108,บางลึก,Bang Luek,86000
6810,ภาคใต้,86,ชุมพร,Chumphon,8601,เมืองชุมพร,Mueang Chumphon,860109,หาดพันไกร,Hat Phan Krai,86000
6811,ภาคใต้,86,ชุมพร,Chumphon,8601,เมืองชุมพร,Mueang Chumphon,860110,วังไผ่,Wang Phai,86000
6812,ภาคใต้,86,ชุมพร,Chumphon,8601,เมืองชุมพร,Mueang Chumphon,860111,วังใหม่,Wang Mai,86190
6813,ภาคใต้,86,ชุมพร,Chumphon,8601,เมืองชุมพร,Mueang Chumphon,860112,บ้านนา,Ban Na,86190
6814,ภาคใต้,86,ชุมพร,Chumphon,8601,เมืองชุมพร,Mueang Chumphon,860113,ขุนกระทิง,Khun Krathing,86000
6815,ภาคใต้,86,ชุมพร,Chumphon,8601,เมืองชุมพร,Mueang Chumphon,860114,ทุ่งคา,Thung Kha,86100
6816,ภาคใต้,86,ชุมพร,Chumphon,8601,เมืองชุมพร,Mueang Chumphon,860115,วิสัยเหนือ,Wisai Nuea,86100
6817,ภาคใต้,86,ชุมพร,Chumphon,8601,เมืองชุมพร,Mueang Chumphon,860116,หาดทรายรี,Hat Sai Ri,86120
6818,ภาคใต้,86,ชุมพร,Chumphon,8601,เมืองชุมพร,Mueang Chumphon,860117,ถ้ำสิงห์,Tham Sing,86100
6819,ภาคใต้,86,ชุมพร,Chumphon,8602,ท่าแซะ,Tha Sae,860201,ท่าแซะ,Tha Sae,86140
6820,ภาคใต้,86,ชุมพร,Chumphon,8602,ท่าแซะ,Tha Sae,860202,คุริง,Khu Ring,86140
6821,ภาคใต้,86,ชุมพร,Chumphon,8602,ท่าแซะ,Tha Sae,860203,สลุย,Salui,86140
6822,ภาคใต้,86,ชุมพร,Chumphon,8602,ท่าแซะ,Tha Sae,860204,นากระตาม,Na Kratam,86140
6823,ภาคใต้,86,ชุมพร,Chumphon,8602,ท่าแซะ,Tha Sae,860205,รับร่อ,Rap Ro,86190
6824,ภาคใต้,86,ชุมพร,Chumphon,8602,ท่าแซะ,Tha Sae,860206,ท่าข้าม,Tha Kham,86140
6825,ภาคใต้,86,ชุมพร,Chumphon,8602,ท่าแซะ,Tha Sae,860207,หงษ์เจริญ,Hong Charoen,86140
6826,ภาคใต้,86,ชุมพร,Chumphon,8602,ท่าแซะ,Tha Sae,860208,หินแก้ว,Hin Kaeo,86190
6827,ภาคใต้,86,ชุมพร,Chumphon,8602,ท่าแซะ,Tha Sae,860209,ทรัพย์อนันต์,Sap Anan,86140
6828,ภาคใต้,86,ชุมพร,Chumphon,8602,ท่าแซะ,Tha Sae,860210,สองพี่น้อง,Song Phi Nong,86140
6829,ภาคใต้,86,ชุมพร,Chumphon,8603,ปะทิว,Pathio,860301,บางสน,Bang Son,86160
6830,ภาคใต้,86,ชุมพร,Chumphon,8603,ปะทิว,Pathio,860302,ทะเลทรัพย์,Thale Sap,86160
6831,ภาคใต้,86,ชุมพร,Chumphon,8603,ปะทิว,Pathio,860303,สะพลี,Saphli,86230
6832,ภาคใต้,86,ชุมพร,Chumphon,8603,ปะทิว,Pathio,860304,ชุมโค,Chum Kho,86160
6833,ภาคใต้,86,ชุมพร,Chumphon,8603,ปะทิว,Pathio,860305,ดอนยาง,Don Yang,86210
6834,ภาคใต้,86,ชุมพร,Chumphon,8603,ปะทิว,Pathio,860306,ปากคลอง,Pak Khlong,86210
6835,ภาคใต้,86,ชุมพร,Chumphon,8603,ปะทิว,Pathio,860307,เขาไชยราช,Khao Chaiyarat,86210
6836,ภาคใต้,86,ชุมพร,Chumphon,8604,หลังสวน,Lang Suan,860401,หลังสวน,Lang Suan,86110
6837,ภาคใต้,86,ชุมพร,Chumphon,8604,หลังสวน,Lang Suan,860402,ขันเงิน,Khan Ngoen,86110
6838,ภาคใต้,86,ชุมพร,Chumphon,8604,หลังสวน,Lang Suan,860403,ท่ามะพลา,Tha Maphla,86110
6839,ภาคใต้,86,ชุมพร,Chumphon,8604,หลังสวน,Lang Suan,860404,นาขา,Nakha,86110
6840,ภาคใต้,86,ชุมพร,Chumphon,8604,หลังสวน,Lang Suan,860405,นาพญา,Na Phaya,86110
6841,ภาคใต้,86,ชุมพร,Chumphon,8604,หลังสวน,Lang Suan,860406,บ้านควน,Ban Khuan,86110
6842,ภาคใต้,86,ชุมพร,Chumphon,8604,หลังสวน,Lang Suan,860407,บางมะพร้าว,Bang Maphrao,86110
6843,ภาคใต้,86,ชุมพร,Chumphon,8604,หลังสวน,Lang Suan,860408,บางน้ำจืด,Bang Nam Chuet,86150
6844,ภาคใต้,86,ชุมพร,Chumphon,8604,หลังสวน,Lang Suan,860409,ปากน้ำ,Pak Nam,86150
6845,ภาคใต้,86,ชุมพร,Chumphon,8604,หลังสวน,Lang Suan,860410,พ้อแดง,Pho Daeng,86110
6846,ภาคใต้,86,ชุมพร,Chumphon,8604,หลังสวน,Lang Suan,860411,แหลมทราย,Laem Sai,86110
6847,ภาคใต้,86,ชุมพร,Chumphon,8604,หลังสวน,Lang Suan,860412,วังตะกอ,Wang Tako,86110
6848,ภาคใต้,86,ชุมพร,Chumphon,8604,หลังสวน,Lang Suan,860413,หาดยาย,Hat Yai,86110
6849,ภาคใต้,86,ชุมพร,Chumphon,8605,ละแม,Lamae,860501,ละแม,Lamae,86170
6850,ภาคใต้,86,ชุมพร,Chumphon,8605,ละแม,Lamae,860502,ทุ่งหลวง,Thung Luang,86170
6851,ภาคใต้,86,ชุมพร,Chumphon,8605,ละแม,Lamae,860503,สวนแตง,Suan Taeng,86170
6852,ภาคใต้,86,ชุมพร,Chumphon,8605,ละแม,Lamae,860504,ทุ่งคาวัด,Thung Kha Wat,86170
6853,ภาคใต้,86,ชุมพร,Chumphon,8606,พะโต๊ะ,Phato,860601,พะโต๊ะ,Phato,86180
6854,ภาคใต้,86,ชุมพร,Chumphon,8606,พะโต๊ะ,Phato,860602,ปากทรง,Pak Song,86180
6855,ภาคใต้,86,ชุมพร,Chumphon,8606,พะโต๊ะ,Phato,860603,ปังหวาน,Pang Wan,86180
6856,ภาคใต้,86,ชุมพร,Chumphon,8606,พะโต๊ะ,Phato,860604,พระรักษ์,Phrarak,86180
6857,ภาคใต้,86,ชุมพร,Chumphon,8607,สวี,Sawi,860701,นาโพธิ์,Na Pho,86130
6858,ภาคใต้,86,ชุมพร,Chumphon,8607,สวี,Sawi,860702,สวี,Sawi,86130
6859,ภาคใต้,86,ชุมพร,Chumphon,8607,สวี,Sawi,860703,ทุ่งระยะ,Thung Raya,86130
6860,ภาคใต้,86,ชุมพร,Chumphon,8607,สวี,Sawi,860704,ท่าหิน,Tha Hin,86130
6861,ภาคใต้,86,ชุมพร,Chumphon,8607,สวี,Sawi,860705,ปากแพรก,Pak Phraek,86130
6862,ภาคใต้,86,ชุมพร,Chumphon,8607,สวี,Sawi,860706,ด่านสวี,Dan Sawi,86130
6863,ภาคใต้,86,ชุมพร,Chumphon,8607,สวี,Sawi,860707,ครน,Khron,86130
6864,ภาคใต้,86,ชุมพร,Chumphon,8607,สวี,Sawi,860708,วิสัยใต้,Wisai Tai,86130
6865,ภาคใต้,86,ชุมพร,Chumphon,8607,สวี,Sawi,860709,นาสัก,Na Sak,86130
6866,ภาคใต้,86,ชุมพร,Chumphon,8607,สวี,Sawi,860710,เขาทะลุ,Khao Thalu,86130
6867,ภาคใต้,86,ชุมพร,Chumphon,8607,สวี,Sawi,860711,เขาค่าย,Khao Khai,86130
6868,ภาคใต้,86,ชุมพร,Chumphon,8608,ทุ่งตะโก,Thung Tako,860801,ปากตะโก,Pak Tako,86220
6869,ภาคใต้,86,ชุมพร,Chumphon,8608,ทุ่งตะโก,Thung Tako,860802,ทุ่งตะไคร,Thung Takhrai,86220
6870,ภาคใต้,86,ชุมพร,Chumphon,8608,ทุ่งตะโก,Thung Tako,860803,ตะโก,Tako,86220
6871,ภาคใต้,86,ชุมพร,Chumphon,8608,ทุ่งตะโก,Thung Tako,860804,ช่องไม้แก้ว,Chong Mai Kaeo,86220
6872,ภาคใต้,90,สงขลา,Songkhla,9001,เมืองสงขลา,Muaeng Songkhla,900101,บ่อยาง,Bo Yang,90000
6873,ภาคใต้,90,สงขลา,Songkhla,9001,เมืองสงขลา,Muaeng Songkhla,900102,เขารูปช้าง,Khao Rupchang,90000
6874,ภาคใต้,90,สงขลา,Songkhla,9001,เมืองสงขลา,Muaeng Songkhla,900103,เกาะแต้ว,Ko Taeo,90000
6875,ภาคใต้,90,สงขลา,Songkhla,9001,เมืองสงขลา,Muaeng Songkhla,900104,พะวง,Pha Wong,90100
6876,ภาคใต้,90,สงขลา,Songkhla,9001,เมืองสงขลา,Muaeng Songkhla,900105,ทุ่งหวัง,Thung Wang,90000
6877,ภาคใต้,90,สงขลา,Songkhla,9001,เมืองสงขลา,Muaeng Songkhla,900106,เกาะยอ,Ko Yo,90100
6878,ภาคใต้,90,สงขลา,Songkhla,9002,สทิงพระ,Sathing Phra,900201,จะทิ้งพระ,Cha Thing Phra,90190
6879,ภาคใต้,90,สงขลา,Songkhla,9002,สทิงพระ,Sathing Phra,900202,กระดังงา,Kradang Nga,90190
6880,ภาคใต้,90,สงขลา,Songkhla,9002,สทิงพระ,Sathing Phra,900203,สนามชัย,Sanam Chai,90190
6881,ภาคใต้,90,สงขลา,Songkhla,9002,สทิงพระ,Sathing Phra,900204,ดีหลวง,Di Luang,90190
6882,ภาคใต้,90,สงขลา,Songkhla,9002,สทิงพระ,Sathing Phra,900205,ชุมพล,Chum Phon,90190
6883,ภาคใต้,90,สงขลา,Songkhla,9002,สทิงพระ,Sathing Phra,900206,คลองรี,Khlong Re,90190
6884,ภาคใต้,90,สงขลา,Songkhla,9002,สทิงพระ,Sathing Phra,900207,คูขุด,Khu Khut,90190
6885,ภาคใต้,90,สงขลา,Songkhla,9002,สทิงพระ,Sathing Phra,900208,ท่าหิน,Tha Hin,90190
6886,ภาคใต้,90,สงขลา,Songkhla,9002,สทิงพระ,Sathing Phra,900209,วัดจันทร์,Wat Chan,90190
6887,ภาคใต้,90,สงขลา,Songkhla,9002,สทิงพระ,Sathing Phra,900210,บ่อแดง,Bodaeng,90190
6888,ภาคใต้,90,สงขลา,Songkhla,9002,สทิงพระ,Sathing Phra,900211,บ่อดาน,Bodan,90190
6889,ภาคใต้,90,สงขลา,Songkhla,9003,จะนะ,Chana,900301,บ้านนา,Ban Na,90130
6890,ภาคใต้,90,สงขลา,Songkhla,9003,จะนะ,Chana,900302,ป่าชิง,Pa Ching,90130
6891,ภาคใต้,90,สงขลา,Songkhla,9003,จะนะ,Chana,900303,สะพานไม้แก่น,Saphan Mai Kaen,90130
6892,ภาคใต้,90,สงขลา,Songkhla,9003,จะนะ,Chana,900304,สะกอม,Sa Kom,90130
6893,ภาคใต้,90,สงขลา,Songkhla,9003,จะนะ,Chana,900305,นาหว้า,Na Wa,90130
6894,ภาคใต้,90,สงขลา,Songkhla,9003,จะนะ,Chana,900306,นาทับ,Na Thap,90130
6895,ภาคใต้,90,สงขลา,Songkhla,9003,จะนะ,Chana,900307,น้ำขาว,Nam Khao,90130
6896,ภาคใต้,90,สงขลา,Songkhla,9003,จะนะ,Chana,900308,ขุนตัดหวาย,Khun Tat Wai,90130
6897,ภาคใต้,90,สงขลา,Songkhla,9003,จะนะ,Chana,900309,ท่าหมอไทร,Tha Mo Sai,90130
6898,ภาคใต้,90,สงขลา,Songkhla,9003,จะนะ,Chana,900310,จะโหนง,Cha Nong,90130
6899,ภาคใต้,90,สงขลา,Songkhla,9003,จะนะ,Chana,900311,คู,Khu,90130
6900,ภาคใต้,90,สงขลา,Songkhla,9003,จะนะ,Chana,900312,แค,Khae,90130
6901,ภาคใต้,90,สงขลา,Songkhla,9003,จะนะ,Chana,900313,คลองเปียะ,Khlong Pia,90130
6902,ภาคใต้,90,สงขลา,Songkhla,9003,จะนะ,Chana,900314,ตลิ่งชัน,Taling Chan,90130
6903,ภาคใต้,90,สงขลา,Songkhla,9004,นาทวี,Na Thawi,900401,นาทวี,Na Thawi,90160
6904,ภาคใต้,90,สงขลา,Songkhla,9004,นาทวี,Na Thawi,900402,ฉาง,Chang,90160
6905,ภาคใต้,90,สงขลา,Songkhla,9004,นาทวี,Na Thawi,900403,นาหมอศรี,Na Mosri,90160
6906,ภาคใต้,90,สงขลา,Songkhla,9004,นาทวี,Na Thawi,900404,คลองทราย,Khlong Sai,90160
6907,ภาคใต้,90,สงขลา,Songkhla,9004,นาทวี,Na Thawi,900405,ปลักหนู,Plak Nu,90160
6908,ภาคใต้,90,สงขลา,Songkhla,9004,นาทวี,Na Thawi,900406,ท่าประดู่,Tha Pradu,90160
6909,ภาคใต้,90,สงขลา,Songkhla,9004,นาทวี,Na Thawi,900407,สะท้อน,Sathon,90160
6910,ภาคใต้,90,สงขลา,Songkhla,9004,นาทวี,Na Thawi,900408,ทับช้าง,Thap Chang,90160
6911,ภาคใต้,90,สงขลา,Songkhla,9004,นาทวี,Na Thawi,900409,ประกอบ,Prakop,90160
6912,ภาคใต้,90,สงขลา,Songkhla,9004,นาทวี,Na Thawi,900410,คลองกวาง,Khlong Kwang,90160
6913,ภาคใต้,90,สงขลา,Songkhla,9005,เทพา,Thepha,900501,เทพา,Thepha,90150
6914,ภาคใต้,90,สงขลา,Songkhla,9005,เทพา,Thepha,900502,ปากบาง,Pak Bang,90150
6915,ภาคใต้,90,สงขลา,Songkhla,9005,เทพา,Thepha,900503,เกาะสะบ้า,Ko Saba,90150
6916,ภาคใต้,90,สงขลา,Songkhla,9005,เทพา,Thepha,900504,ลำไพล,Lam Phli,90260
6917,ภาคใต้,90,สงขลา,Songkhla,9005,เทพา,Thepha,900505,ท่าม่วง,Tha Muang,90260
6918,ภาคใต้,90,สงขลา,Songkhla,9005,เทพา,Thepha,900506,วังใหญ่,Wang Yai,90260
6919,ภาคใต้,90,สงขลา,Songkhla,9005,เทพา,Thepha,900507,สะกอม,Sa Kom,90150
6920,ภาคใต้,90,สงขลา,Songkhla,9006,สะบ้าย้อย,Saba Yoi,900601,สะบ้าย้อย,Sa Ba Yoi,90210
6921,ภาคใต้,90,สงขลา,Songkhla,9006,สะบ้าย้อย,Saba Yoi,900602,ทุ่งพอ,Thung Pho,90210
6922,ภาคใต้,90,สงขลา,Songkhla,9006,สะบ้าย้อย,Saba Yoi,900603,เปียน,Pian,90210
6923,ภาคใต้,90,สงขลา,Songkhla,9006,สะบ้าย้อย,Saba Yoi,900604,บ้านโหนด,Ban Not,90210
6924,ภาคใต้,90,สงขลา,Songkhla,9006,สะบ้าย้อย,Saba Yoi,900605,จะแหน,Cha Nae,90210
6925,ภาคใต้,90,สงขลา,Songkhla,9006,สะบ้าย้อย,Saba Yoi,900606,คูหา,Khu Ha,90210
6926,ภาคใต้,90,สงขลา,Songkhla,9006,สะบ้าย้อย,Saba Yoi,900607,เขาแดง,Khao Daeng,90210
6927,ภาคใต้,90,สงขลา,Songkhla,9006,สะบ้าย้อย,Saba Yoi,900608,บาโหย,Ba Hoi,90210
6928,ภาคใต้,90,สงขลา,Songkhla,9006,สะบ้าย้อย,Saba Yoi,900609,ธารคีรี,Than Khiri,90210
6929,ภาคใต้,90,สงขลา,Songkhla,9007,ระโนด,Ranot,900701,ระโนด,Ra Not,90140
6930,ภาคใต้,90,สงขลา,Songkhla,9007,ระโนด,Ranot,900702,คลองแดน,Khlong Daen,90140
6931,ภาคใต้,90,สงขลา,Songkhla,9007,ระโนด,Ranot,900703,ตะเครียะ,Takhria,90140
6932,ภาคใต้,90,สงขลา,Songkhla,9007,ระโนด,Ranot,900704,ท่าบอน,Tha Bon,90140
6933,ภาคใต้,90,สงขลา,Songkhla,9007,ระโนด,Ranot,900705,บ้านใหม่,Ban Mai,90140
6934,ภาคใต้,90,สงขลา,Songkhla,9007,ระโนด,Ranot,900706,บ่อตรุ,Botru,90140
6935,ภาคใต้,90,สงขลา,Songkhla,9007,ระโนด,Ranot,900707,ปากแตระ,Pak Trae,90140
6936,ภาคใต้,90,สงขลา,Songkhla,9007,ระโนด,Ranot,900708,พังยาง,Phang Yang,90140
6937,ภาคใต้,90,สงขลา,Songkhla,9007,ระโนด,Ranot,900709,ระวะ,Ra Wa,90140
6938,ภาคใต้,90,สงขลา,Songkhla,9007,ระโนด,Ranot,900710,วัดสน,Wat Son,90140
6939,ภาคใต้,90,สงขลา,Songkhla,9007,ระโนด,Ranot,900711,บ้านขาว,Ban Khao,90140
6940,ภาคใต้,90,สงขลา,Songkhla,9007,ระโนด,Ranot,900712,แดนสงวน,Daen Sa Nguan,90140
6941,ภาคใต้,90,สงขลา,Songkhla,9008,กระแสสินธุ์,Krasae Sin,900801,เกาะใหญ่,Koyai,90270
6942,ภาคใต้,90,สงขลา,Songkhla,9008,กระแสสินธุ์,Krasae Sin,900802,โรง,Rong,90270
6943,ภาคใต้,90,สงขลา,Songkhla,9008,กระแสสินธุ์,Krasae Sin,900803,เชิงแส,Choeng Sae,90270
6944,ภาคใต้,90,สงขลา,Songkhla,9008,กระแสสินธุ์,Krasae Sin,900804,กระแสสินธุ์,Krasae Sin,90270
6945,ภาคใต้,90,สงขลา,Songkhla,9009,รัตภูมิ,Rattaphum,900901,กำแพงเพชร,Kamphaeng Phet,90180
6946,ภาคใต้,90,สงขลา,Songkhla,9009,รัตภูมิ,Rattaphum,900902,ท่าชะมวง,Tha Cha Muang,90180
6947,ภาคใต้,90,สงขลา,Songkhla,9009,รัตภูมิ,Rattaphum,900903,คูหาใต้,Khu Ha Tai,90180
6948,ภาคใต้,90,สงขลา,Songkhla,9009,รัตภูมิ,Rattaphum,900904,ควนรู,Khuan Ru,90180
6949,ภาคใต้,90,สงขลา,Songkhla,9009,รัตภูมิ,Rattaphum,900909,เขาพระ,Khao Phra,90180
6950,ภาคใต้,90,สงขลา,Songkhla,9010,สะเดา,Sadao,901001,สะเดา,Sadao,90120
6951,ภาคใต้,90,สงขลา,Songkhla,9010,สะเดา,Sadao,901002,ปริก,Prik,90120
6952,ภาคใต้,90,สงขลา,Songkhla,9010,สะเดา,Sadao,901003,พังลา,Phang La,90170
6953,ภาคใต้,90,สงขลา,Songkhla,9010,สะเดา,Sadao,901004,สำนักแต้ว,Samnak Taeo,90120
6954,ภาคใต้,90,สงขลา,Songkhla,9010,สะเดา,Sadao,901005,ทุ่งหมอ,Thung Mo,90240
6955,ภาคใต้,90,สงขลา,Songkhla,9010,สะเดา,Sadao,901006,ท่าโพธิ์,Tha Pho,90170
6956,ภาคใต้,90,สงขลา,Songkhla,9010,สะเดา,Sadao,901007,ปาดังเบซาร์,Pa Dangbesa,90240
6957,ภาคใต้,90,สงขลา,Songkhla,9010,สะเดา,Sadao,901008,สำนักขาม,Samnak Kham,90320
6958,ภาคใต้,90,สงขลา,Songkhla,9010,สะเดา,Sadao,901009,เขามีเกียรติ,Khao Mikiat,90170
6959,ภาคใต้,90,สงขลา,Songkhla,9011,หาดใหญ่,Hat Yai,901101,หาดใหญ่,Hat Yai,90110
6960,ภาคใต้,90,สงขลา,Songkhla,9011,หาดใหญ่,Hat Yai,901102,ควนลัง,Khuan Lang,90110
6961,ภาคใต้,90,สงขลา,Songkhla,9011,หาดใหญ่,Hat Yai,901103,คูเต่า,Khu Tao,90110
6962,ภาคใต้,90,สงขลา,Songkhla,9011,หาดใหญ่,Hat Yai,901104,คอหงส์,Kho Hong,90110
6963,ภาคใต้,90,สงขลา,Songkhla,9011,หาดใหญ่,Hat Yai,901105,คลองแห,Khlong Hae,90110
6964,ภาคใต้,90,สงขลา,Songkhla,9011,หาดใหญ่,Hat Yai,901107,คลองอู่ตะเภา,Khlong U Ta Phao,90110
6965,ภาคใต้,90,สงขลา,Songkhla,9011,หาดใหญ่,Hat Yai,901108,ฉลุง,Chalung,90110
6966,ภาคใต้,90,สงขลา,Songkhla,9011,หาดใหญ่,Hat Yai,901111,ทุ่งใหญ่,Thung Yai,90110
6967,ภาคใต้,90,สงขลา,Songkhla,9011,หาดใหญ่,Hat Yai,901112,ทุ่งตำเสา,Thung Tam Sao,90110
6968,ภาคใต้,90,สงขลา,Songkhla,9011,หาดใหญ่,Hat Yai,901113,ท่าข้าม,Tha Kham,90110
6969,ภาคใต้,90,สงขลา,Songkhla,9011,หาดใหญ่,Hat Yai,901114,น้ำน้อย,Nam Noi,90110
6970,ภาคใต้,90,สงขลา,Songkhla,9011,หาดใหญ่,Hat Yai,901116,บ้านพรุ,Ban Phru,90250
6971,ภาคใต้,90,สงขลา,Songkhla,9011,หาดใหญ่,Hat Yai,901118,พะตง,Pha Tong,90230
6972,ภาคใต้,90,สงขลา,Songkhla,9012,นาหม่อม,Na Mom,901201,นาหม่อม,Na Mom,90310
6973,ภาคใต้,90,สงขลา,Songkhla,9012,นาหม่อม,Na Mom,901202,พิจิตร,Phichit,90310
6974,ภาคใต้,90,สงขลา,Songkhla,9012,นาหม่อม,Na Mom,901203,ทุ่งขมิ้น,Thung Khamin,90310
6975,ภาคใต้,90,สงขลา,Songkhla,9012,นาหม่อม,Na Mom,901204,คลองหรัง,Khlong Rang,90310
6976,ภาคใต้,90,สงขลา,Songkhla,9013,ควนเนียง,Khuan Niang,901301,รัตภูมิ,Ratta Phum,90220
6977,ภาคใต้,90,สงขลา,Songkhla,9013,ควนเนียง,Khuan Niang,901302,ควนโส,Khuan So,90220
6978,ภาคใต้,90,สงขลา,Songkhla,9013,ควนเนียง,Khuan Niang,901303,ห้วยลึก,Huai Luek,90220
6979,ภาคใต้,90,สงขลา,Songkhla,9013,ควนเนียง,Khuan Niang,901304,บางเหรียง,Bang Riang,90220
6980,ภาคใต้,90,สงขลา,Songkhla,9014,บางกล่ำ,Bang Klam,901401,บางกล่ำ,Bang Klam,90110
6981,ภาคใต้,90,สงขลา,Songkhla,9014,บางกล่ำ,Bang Klam,901402,ท่าช้าง,Tha Chang,90110
6982,ภาคใต้,90,สงขลา,Songkhla,9014,บางกล่ำ,Bang Klam,901403,แม่ทอม,Mae Thom,90110
6983,ภาคใต้,90,สงขลา,Songkhla,9014,บางกล่ำ,Bang Klam,901404,บ้านหาร,Ban Han,90110
6984,ภาคใต้,90,สงขลา,Songkhla,9015,สิงหนคร,Singhanakhon,901501,ชิงโค,Ching Kho,90280
6985,ภาคใต้,90,สงขลา,Songkhla,9015,สิงหนคร,Singhanakhon,901502,สทิงหม้อ,Sathing Mo,90280
6986,ภาคใต้,90,สงขลา,Songkhla,9015,สิงหนคร,Singhanakhon,901503,ทำนบ,Tham Nop,90280
6987,ภาคใต้,90,สงขลา,Songkhla,9015,สิงหนคร,Singhanakhon,901504,รำแดง,Ram Daeng,90330
6988,ภาคใต้,90,สงขลา,Songkhla,9015,สิงหนคร,Singhanakhon,901505,วัดขนุน,Wat Khanun,90330
6989,ภาคใต้,90,สงขลา,Songkhla,9015,สิงหนคร,Singhanakhon,901506,ชะแล้,Chalae,90330
6990,ภาคใต้,90,สงขลา,Songkhla,9015,สิงหนคร,Singhanakhon,901507,ปากรอ,Pak Ro,90330
6991,ภาคใต้,90,สงขลา,Songkhla,9015,สิงหนคร,Singhanakhon,901508,ป่าขาด,Pa Khat,90330
6992,ภาคใต้,90,สงขลา,Songkhla,9015,สิงหนคร,Singhanakhon,901509,หัวเขา,Hua Khao,90280
6993,ภาคใต้,90,สงขลา,Songkhla,9015,สิงหนคร,Singhanakhon,901510,บางเขียด,Bang Khiat,90330
6994,ภาคใต้,90,สงขลา,Songkhla,9015,สิงหนคร,Singhanakhon,901511,ม่วงงาม,Muang Ngam,90330
6995,ภาคใต้,90,สงขลา,Songkhla,9016,คลองหอยโข่ง,Khlong Hoi Khong,901601,คลองหอยโข่ง,Khlong Hoi Khong,90230
6996,ภาคใต้,90,สงขลา,Songkhla,9016,คลองหอยโข่ง,Khlong Hoi Khong,901602,ทุ่งลาน,Thung Lan,90230
6997,ภาคใต้,90,สงขลา,Songkhla,9016,คลองหอยโข่ง,Khlong Hoi Khong,901603,โคกม่วง,Khok Muang,90230
6998,ภาคใต้,90,สงขลา,Songkhla,9016,คลองหอยโข่ง,Khlong Hoi Khong,901604,คลองหลา,Khlong La,90115
6999,ภาคใต้,91,สตูล,Satun,9101,เมืองสตูล,Mueang Satun,910101,พิมาน,Phiman,91000
7000,ภาคใต้,91,สตูล,Satun,9101,เมืองสตูล,Mueang Satun,910102,คลองขุด,Khlong Khut,91000
7001,ภาคใต้,91,สตูล,Satun,9101,เมืองสตูล,Mueang Satun,910103,ควนขัน,Khuan Khan,91000
7002,ภาคใต้,91,สตูล,Satun,9101,เมืองสตูล,Mueang Satun,910104,บ้านควน,Ban Khuan,91140
7003,ภาคใต้,91,สตูล,Satun,9101,เมืองสตูล,Mueang Satun,910105,ฉลุง,Chalung,91140
7004,ภาคใต้,91,สตูล,Satun,9101,เมืองสตูล,Mueang Satun,910106,เกาะสาหร่าย,Ko Sarai,91000
7005,ภาคใต้,91,สตูล,Satun,9101,เมืองสตูล,Mueang Satun,910107,ตันหยงโป,Tanyong Po,91000
7006,ภาคใต้,91,สตูล,Satun,9101,เมืองสตูล,Mueang Satun,910108,เจ๊ะบิลัง,Che Bi Lang,91000
7007,ภาคใต้,91,สตูล,Satun,9101,เมืองสตูล,Mueang Satun,910109,ตำมะลัง,Tam Malang,91000
7008,ภาคใต้,91,สตูล,Satun,9101,เมืองสตูล,Mueang Satun,910110,ปูยู,Puyu,91000
7009,ภาคใต้,91,สตูล,Satun,9101,เมืองสตูล,Mueang Satun,910111,ควนโพธิ์,Khuan Pho,91140
7010,ภาคใต้,91,สตูล,Satun,9101,เมืองสตูล,Mueang Satun,910112,เกตรี,Ketari,91140
7011,ภาคใต้,91,สตูล,Satun,9102,ควนโดน,Khuan Don,910201,ควนโดน,Khuan Don,91160
7012,ภาคใต้,91,สตูล,Satun,9102,ควนโดน,Khuan Don,910202,ควนสตอ,Khuan Sato,91160
7013,ภาคใต้,91,สตูล,Satun,9102,ควนโดน,Khuan Don,910203,ย่านซื่อ,Yan Sue,91160
7014,ภาคใต้,91,สตูล,Satun,9102,ควนโดน,Khuan Don,910204,วังประจัน,Wang Prachan,91160
7015,ภาคใต้,91,สตูล,Satun,9103,ควนกาหลง,Khuan Kalong,910301,ทุ่งนุ้ย,Thung Nui,91130
7016,ภาคใต้,91,สตูล,Satun,9103,ควนกาหลง,Khuan Kalong,910302,ควนกาหลง,Khuan Kalong,91130
7017,ภาคใต้,91,สตูล,Satun,9103,ควนกาหลง,Khuan Kalong,910303,อุใดเจริญ,Udai Charoen,91130
7018,ภาคใต้,91,สตูล,Satun,9104,ท่าแพ,Tha Phae,910401,ท่าแพ,Tha Phae,91150
7019,ภาคใต้,91,สตูล,Satun,9104,ท่าแพ,Tha Phae,910402,แป-ระ,Pae-Ra,91150
7020,ภาคใต้,91,สตูล,Satun,9104,ท่าแพ,Tha Phae,910403,สาคร,Sakhon,91150
7021,ภาคใต้,91,สตูล,Satun,9104,ท่าแพ,Tha Phae,910404,ท่าเรือ,Tha Ruea,91150
7022,ภาคใต้,91,สตูล,Satun,9105,ละงู,La-Ngu,910501,กำแพง,Kamphaeng,91110
7023,ภาคใต้,91,สตูล,Satun,9105,ละงู,La-Ngu,910502,ละงู,La-Ngu,91110
7024,ภาคใต้,91,สตูล,Satun,9105,ละงู,La-Ngu,910503,เขาขาว,Khao Khao,91110
7025,ภาคใต้,91,สตูล,Satun,9105,ละงู,La-Ngu,910504,ปากน้ำ,Pak Nam,91110
7026,ภาคใต้,91,สตูล,Satun,9105,ละงู,La-Ngu,910505,น้ำผุด,Nam Phut,91110
7027,ภาคใต้,91,สตูล,Satun,9105,ละงู,La-Ngu,910506,แหลมสน,Laem Son,91110
7028,ภาคใต้,91,สตูล,Satun,9106,ทุ่งหว้า,Thung Wa,910601,ทุ่งหว้า,Thung Wa,91120
7029,ภาคใต้,91,สตูล,Satun,9106,ทุ่งหว้า,Thung Wa,910602,นาทอน,Na Thon,91120
7030,ภาคใต้,91,สตูล,Satun,9106,ทุ่งหว้า,Thung Wa,910603,ขอนคลาน,Khon Khlan,91120
7031,ภาคใต้,91,สตูล,Satun,9106,ทุ่งหว้า,Thung Wa,910604,ทุ่งบุหลัง,Thung Bu Lang,91120
7032,ภาคใต้,91,สตูล,Satun,9106,ทุ่งหว้า,Thung Wa,910605,ป่าแก่บ่อหิน,Pa Kae Bo Hin,91120
7033,ภาคใต้,91,สตูล,Satun,9107,มะนัง,Manang,910701,ปาล์มพัฒนา,Pam Phatthana,91130
7034,ภาคใต้,91,สตูล,Satun,9107,มะนัง,Manang,910702,นิคมพัฒนา,Nikhom Phatthana,91130
7035,ภาคใต้,92,ตรัง,Trang,9201,เมืองตรัง,Mueang Trang,920101,ทับเที่ยง,Thap Thiang,92000
7036,ภาคใต้,92,ตรัง,Trang,9201,เมืองตรัง,Mueang Trang,920104,นาพละ,Na Phala,92000
7037,ภาคใต้,92,ตรัง,Trang,9201,เมืองตรัง,Mueang Trang,920105,บ้านควน,Ban Khuan,92000
7038,ภาคใต้,92,ตรัง,Trang,9201,เมืองตรัง,Mueang Trang,920106,นาบินหลา,Na Bin La,92000
7039,ภาคใต้,92,ตรัง,Trang,9201,เมืองตรัง,Mueang Trang,920107,ควนปริง,Khuan Pring,92000
7040,ภาคใต้,92,ตรัง,Trang,9201,เมืองตรัง,Mueang Trang,920108,นาโยงใต้,Na Yong Tai,92170
7041,ภาคใต้,92,ตรัง,Trang,9201,เมืองตรัง,Mueang Trang,920109,บางรัก,Bang Rak,92000
7042,ภาคใต้,92,ตรัง,Trang,9201,เมืองตรัง,Mueang Trang,920110,โคกหล่อ,Khok Lo,92000
7043,ภาคใต้,92,ตรัง,Trang,9201,เมืองตรัง,Mueang Trang,920113,นาโต๊ะหมิง,Na To Ming,92000
7044,ภาคใต้,92,ตรัง,Trang,9201,เมืองตรัง,Mueang Trang,920114,หนองตรุด,Nong Trut,92000
7045,ภาคใต้,92,ตรัง,Trang,9201,เมืองตรัง,Mueang Trang,920115,น้ำผุด,Nam Phut,92000
7046,ภาคใต้,92,ตรัง,Trang,9201,เมืองตรัง,Mueang Trang,920117,นาตาล่วง,Na Ta Luang,92000
7047,ภาคใต้,92,ตรัง,Trang,9201,เมืองตรัง,Mueang Trang,920118,บ้านโพธิ์,Ban Pho,92000
7048,ภาคใต้,92,ตรัง,Trang,9201,เมืองตรัง,Mueang Trang,920119,นาท่ามเหนือ,Na Tham Nuea,92190
7049,ภาคใต้,92,ตรัง,Trang,9201,เมืองตรัง,Mueang Trang,920120,นาท่ามใต้,Na Tham Tai,92190
7050,ภาคใต้,92,ตรัง,Trang,9202,กันตัง,Kantang,920201,กันตัง,Kantang,92110
7051,ภาคใต้,92,ตรัง,Trang,9202,กันตัง,Kantang,920202,ควนธานี,Khuan Thani,92110
7052,ภาคใต้,92,ตรัง,Trang,9202,กันตัง,Kantang,920203,บางหมาก,Bang Mak,92110
7053,ภาคใต้,92,ตรัง,Trang,9202,กันตัง,Kantang,920204,บางเป้า,Bang Pao,92110
7054,ภาคใต้,92,ตรัง,Trang,9202,กันตัง,Kantang,920205,วังวน,Wang Won,92110
7055,ภาคใต้,92,ตรัง,Trang,9202,กันตัง,Kantang,920206,กันตังใต้,Kantang Tai,92110
7056,ภาคใต้,92,ตรัง,Trang,9202,กันตัง,Kantang,920207,โคกยาง,Khok Yang,92110
7057,ภาคใต้,92,ตรัง,Trang,9202,กันตัง,Kantang,920208,คลองลุ,Khlong Lu,92110
7058,ภาคใต้,92,ตรัง,Trang,9202,กันตัง,Kantang,920209,ย่านซื่อ,Yan Sue,92110
7059,ภาคใต้,92,ตรัง,Trang,9202,กันตัง,Kantang,920210,บ่อน้ำร้อน,Bo Nam Ron,92110
7060,ภาคใต้,92,ตรัง,Trang,9202,กันตัง,Kantang,920211,บางสัก,Bang Sak,92110
7061,ภาคใต้,92,ตรัง,Trang,9202,กันตัง,Kantang,920212,นาเกลือ,Na Kluea,92110
7062,ภาคใต้,92,ตรัง,Trang,9202,กันตัง,Kantang,920213,เกาะลิบง,Ko Libong,92110
7063,ภาคใต้,92,ตรัง,Trang,9202,กันตัง,Kantang,920214,คลองชีล้อม,Khlong Chi Lom,92110
7064,ภาคใต้,92,ตรัง,Trang,9203,ย่านตาขาว,Yan Ta Khao,920301,ย่านตาขาว,Yan Ta Khao,92140
7065,ภาคใต้,92,ตรัง,Trang,9203,ย่านตาขาว,Yan Ta Khao,920302,หนองบ่อ,Nong Bo,92140
7066,ภาคใต้,92,ตรัง,Trang,9203,ย่านตาขาว,Yan Ta Khao,920303,นาชุมเห็ด,Na Chum Het,92140
7067,ภาคใต้,92,ตรัง,Trang,9203,ย่านตาขาว,Yan Ta Khao,920304,ในควน,Nai Khuan,92140
7068,ภาคใต้,92,ตรัง,Trang,9203,ย่านตาขาว,Yan Ta Khao,920305,โพรงจระเข้,Phrong Chorakhe,92140
7069,ภาคใต้,92,ตรัง,Trang,9203,ย่านตาขาว,Yan Ta Khao,920306,ทุ่งกระบือ,Thung Krabue,92140
7070,ภาคใต้,92,ตรัง,Trang,9203,ย่านตาขาว,Yan Ta Khao,920307,ทุ่งค่าย,Thung Khai,92140
7071,ภาคใต้,92,ตรัง,Trang,9203,ย่านตาขาว,Yan Ta Khao,920308,เกาะเปียะ,Ko Pia,92140
7072,ภาคใต้,92,ตรัง,Trang,9204,ปะเหลียน,Palian,920401,ท่าข้าม,Tha Kham,92120
7073,ภาคใต้,92,ตรัง,Trang,9204,ปะเหลียน,Palian,920402,ทุ่งยาว,Thung Yao,92180
7074,ภาคใต้,92,ตรัง,Trang,9204,ปะเหลียน,Palian,920403,ปะเหลียน,Palian,92180
7075,ภาคใต้,92,ตรัง,Trang,9204,ปะเหลียน,Palian,920404,บางด้วน,Bang Duan,92140
7076,ภาคใต้,92,ตรัง,Trang,9204,ปะเหลียน,Palian,920407,บ้านนา,Ban Na,92140
7077,ภาคใต้,92,ตรัง,Trang,9204,ปะเหลียน,Palian,920409,สุโสะ,Suso,92120
7078,ภาคใต้,92,ตรัง,Trang,9204,ปะเหลียน,Palian,920410,ลิพัง,Li Phang,92180
7079,ภาคใต้,92,ตรัง,Trang,9204,ปะเหลียน,Palian,920411,เกาะสุกร,Ko Sukon,92120
7080,ภาคใต้,92,ตรัง,Trang,9204,ปะเหลียน,Palian,920412,ท่าพญา,Tha Phaya,92140
7081,ภาคใต้,92,ตรัง,Trang,9204,ปะเหลียน,Palian,920413,แหลมสอม,Laem Som,92180
7082,ภาคใต้,92,ตรัง,Trang,9205,สิเกา,Sikao,920501,บ่อหิน,Bo Hin,92150
7083,ภาคใต้,92,ตรัง,Trang,9205,สิเกา,Sikao,920502,เขาไม้แก้ว,Khao Mai Kaeo,92150
7084,ภาคใต้,92,ตรัง,Trang,9205,สิเกา,Sikao,920503,กะลาเส,Kalase,92150
7085,ภาคใต้,92,ตรัง,Trang,9205,สิเกา,Sikao,920504,ไม้ฝาด,Mai Fat,92150
7086,ภาคใต้,92,ตรัง,Trang,9205,สิเกา,Sikao,920505,นาเมืองเพชร,Na Mueang Phet,92000
7087,ภาคใต้,92,ตรัง,Trang,9206,ห้วยยอด,Huai Yot,920601,ห้วยยอด,Huai Yot,92130
7088,ภาคใต้,92,ตรัง,Trang,9206,ห้วยยอด,Huai Yot,920602,หนองช้างแล่น,Nong Chang Laen,92130
7089,ภาคใต้,92,ตรัง,Trang,9206,ห้วยยอด,Huai Yot,920605,บางดี,Bang Di,92210
7090,ภาคใต้,92,ตรัง,Trang,9206,ห้วยยอด,Huai Yot,920606,บางกุ้ง,Bang Kung,92210
7091,ภาคใต้,92,ตรัง,Trang,9206,ห้วยยอด,Huai Yot,920607,เขากอบ,Khao Kop,92130
7092,ภาคใต้,92,ตรัง,Trang,9206,ห้วยยอด,Huai Yot,920608,เขาขาว,Khao Khao,92130
7093,ภาคใต้,92,ตรัง,Trang,9206,ห้วยยอด,Huai Yot,920609,เขาปูน,Khao Pun,92130
7094,ภาคใต้,92,ตรัง,Trang,9206,ห้วยยอด,Huai Yot,920610,ปากแจ่ม,Pak Chaem,92190
7095,ภาคใต้,92,ตรัง,Trang,9206,ห้วยยอด,Huai Yot,920611,ปากคม,Pak Khom,92130
7096,ภาคใต้,92,ตรัง,Trang,9206,ห้วยยอด,Huai Yot,920614,ท่างิ้ว,Tha Ngio,92130
7097,ภาคใต้,92,ตรัง,Trang,9206,ห้วยยอด,Huai Yot,920615,ลำภูรา,Lamphura,92190
7098,ภาคใต้,92,ตรัง,Trang,9206,ห้วยยอด,Huai Yot,920616,นาวง,Na Wong,92210
7099,ภาคใต้,92,ตรัง,Trang,9206,ห้วยยอด,Huai Yot,920617,ห้วยนาง,Huai Nang,92130
7100,ภาคใต้,92,ตรัง,Trang,9206,ห้วยยอด,Huai Yot,920619,ในเตา,Nai Tao,92130
7101,ภาคใต้,92,ตรัง,Trang,9206,ห้วยยอด,Huai Yot,920620,ทุ่งต่อ,Thung To,92130
7102,ภาคใต้,92,ตรัง,Trang,9206,ห้วยยอด,Huai Yot,920621,วังคีรี,Wang Khiri,92210
7103,ภาคใต้,92,ตรัง,Trang,9207,วังวิเศษ,Wang Wiset,920701,เขาวิเศษ,Khao Wiset,92220
7104,ภาคใต้,92,ตรัง,Trang,9207,วังวิเศษ,Wang Wiset,920702,วังมะปราง,Wang Maprang,92220
7105,ภาคใต้,92,ตรัง,Trang,9207,วังวิเศษ,Wang Wiset,920703,อ่าวตง,Ao Tong,92220
7106,ภาคใต้,92,ตรัง,Trang,9207,วังวิเศษ,Wang Wiset,920704,ท่าสะบ้า,Tha Saba,92000
7107,ภาคใต้,92,ตรัง,Trang,9207,วังวิเศษ,Wang Wiset,920705,วังมะปรางเหนือ,Wang Maprang Nuea,92220
7108,ภาคใต้,92,ตรัง,Trang,9208,นาโยง,Na Yong,920801,นาโยงเหนือ,Na Yong Nuea,92170
7109,ภาคใต้,92,ตรัง,Trang,9208,นาโยง,Na Yong,920802,ช่อง,Chong,92170
7110,ภาคใต้,92,ตรัง,Trang,9208,นาโยง,Na Yong,920803,ละมอ,Lamo,92170
7111,ภาคใต้,92,ตรัง,Trang,9208,นาโยง,Na Yong,920804,โคกสะบ้า,Khok Saba,92170
7112,ภาคใต้,92,ตรัง,Trang,9208,นาโยง,Na Yong,920805,นาหมื่นศรี,Na Muen Si,92170
7113,ภาคใต้,92,ตรัง,Trang,9208,นาโยง,Na Yong,920806,นาข้าวเสีย,Na Khao Sia,92170
7114,ภาคใต้,92,ตรัง,Trang,9209,รัษฎา,Ratsada,920901,ควนเมา,Khuan Mao,92160
7115,ภาคใต้,92,ตรัง,Trang,9209,รัษฎา,Ratsada,920902,คลองปาง,Khlong Pang,92160
7116,ภาคใต้,92,ตรัง,Trang,9209,รัษฎา,Ratsada,920903,หนองบัว,Nong Bua,92160
7117,ภาคใต้,92,ตรัง,Trang,9209,รัษฎา,Ratsada,920904,หนองปรือ,Nong Prue,92130
7118,ภาคใต้,92,ตรัง,Trang,9209,รัษฎา,Ratsada,920905,เขาไพร,Khao Phrai,92160
7119,ภาคใต้,92,ตรัง,Trang,9210,หาดสำราญ,Hat Samran,921001,หาดสำราญ,Hat Samran,92120
7120,ภาคใต้,92,ตรัง,Trang,9210,หาดสำราญ,Hat Samran,921002,บ้าหวี,Ba Wi,92120
7121,ภาคใต้,92,ตรัง,Trang,9210,หาดสำราญ,Hat Samran,921003,ตะเสะ,Tase,92120
7122,ภาคใต้,93,พัทลุง,Phatthalung,9301,เมืองพัทลุง,Mueang Phatthalung,930101,คูหาสวรรค์,Khu Ha Sa Wan,93000
7123,ภาคใต้,93,พัทลุง,Phatthalung,9301,เมืองพัทลุง,Mueang Phatthalung,930103,เขาเจียก,Khao Chiak,93000
7124,ภาคใต้,93,พัทลุง,Phatthalung,9301,เมืองพัทลุง,Mueang Phatthalung,930104,ท่ามิหรำ,Tha Mi Ram,93000
7125,ภาคใต้,93,พัทลุง,Phatthalung,9301,เมืองพัทลุง,Mueang Phatthalung,930105,โคกชะงาย,Khok Cha Ngai,93000
7126,ภาคใต้,93,พัทลุง,Phatthalung,9301,เมืองพัทลุง,Mueang Phatthalung,930106,นาท่อม,Na Thom,93000
7127,ภาคใต้,93,พัทลุง,Phatthalung,9301,เมืองพัทลุง,Mueang Phatthalung,930107,ปรางหมู่,Prang Mu,93000
7128,ภาคใต้,93,พัทลุง,Phatthalung,9301,เมืองพัทลุง,Mueang Phatthalung,930108,ท่าแค,Tha Khae,93000
7129,ภาคใต้,93,พัทลุง,Phatthalung,9301,เมืองพัทลุง,Mueang Phatthalung,930109,ลำปำ,Lam Pam,93000
7130,ภาคใต้,93,พัทลุง,Phatthalung,9301,เมืองพัทลุง,Mueang Phatthalung,930110,ตำนาน,Tamnan,93000
7131,ภาคใต้,93,พัทลุง,Phatthalung,9301,เมืองพัทลุง,Mueang Phatthalung,930111,ควนมะพร้าว,Khuan Ma Phrao,93000
7132,ภาคใต้,93,พัทลุง,Phatthalung,9301,เมืองพัทลุง,Mueang Phatthalung,930112,ร่มเมือง,Rom Mueang,93000
7133,ภาคใต้,93,พัทลุง,Phatthalung,9301,เมืองพัทลุง,Mueang Phatthalung,930113,ชัยบุรี,Chai Buri,93000
7134,ภาคใต้,93,พัทลุง,Phatthalung,9301,เมืองพัทลุง,Mueang Phatthalung,930114,นาโหนด,Na Not,93000
7135,ภาคใต้,93,พัทลุง,Phatthalung,9301,เมืองพัทลุง,Mueang Phatthalung,930115,พญาขัน,Phaya Khan,93000
7136,ภาคใต้,93,พัทลุง,Phatthalung,9302,กงหรา,Kong Ra,930201,กงหรา,Kong Ra,93180
7137,ภาคใต้,93,พัทลุง,Phatthalung,9302,กงหรา,Kong Ra,930202,ชะรัด,Charat,93000
7138,ภาคใต้,93,พัทลุง,Phatthalung,9302,กงหรา,Kong Ra,930203,คลองเฉลิม,Khlong Cha Loem,93180
7139,ภาคใต้,93,พัทลุง,Phatthalung,9302,กงหรา,Kong Ra,930204,คลองทรายขาว,Khlong Sai Khao,93180
7140,ภาคใต้,93,พัทลุง,Phatthalung,9302,กงหรา,Kong Ra,930205,สมหวัง,Som Wang,93000
7141,ภาคใต้,93,พัทลุง,Phatthalung,9303,เขาชัยสน,Khao Chaison,930301,เขาชัยสน,Khao Chaison,93130
7142,ภาคใต้,93,พัทลุง,Phatthalung,9303,เขาชัยสน,Khao Chaison,930302,ควนขนุน,Khuan Kha Nun,93130
7143,ภาคใต้,93,พัทลุง,Phatthalung,9303,เขาชัยสน,Khao Chaison,930305,จองถนน,Chong Tha Non,93130
7144,ภาคใต้,93,พัทลุง,Phatthalung,9303,เขาชัยสน,Khao Chaison,930306,หานโพธิ์,Han Pho,93130
7145,ภาคใต้,93,พัทลุง,Phatthalung,9303,เขาชัยสน,Khao Chaison,930307,โคกม่วง,Khok Muang,93130
7146,ภาคใต้,93,พัทลุง,Phatthalung,9304,ตะโหมด,Tamot,930401,แม่ขรี,Mae Khri,93160
7147,ภาคใต้,93,พัทลุง,Phatthalung,9304,ตะโหมด,Tamot,930402,ตะโหมด,Tanot,93160
7148,ภาคใต้,93,พัทลุง,Phatthalung,9304,ตะโหมด,Tamot,930403,คลองใหญ่,Khlong Yai,93160
7149,ภาคใต้,93,พัทลุง,Phatthalung,9305,ควนขนุน,Khuan Khanun,930501,ควนขนุน,Khuan Kha Nun,93110
7150,ภาคใต้,93,พัทลุง,Phatthalung,9305,ควนขนุน,Khuan Khanun,930502,ทะเลน้อย,Thale Noi,93150
7151,ภาคใต้,93,พัทลุง,Phatthalung,9305,ควนขนุน,Khuan Khanun,930504,นาขยาด,Nakhayat,93110
7152,ภาคใต้,93,พัทลุง,Phatthalung,9305,ควนขนุน,Khuan Khanun,930505,พนมวังก์,Phanom Wang,93110
7153,ภาคใต้,93,พัทลุง,Phatthalung,9305,ควนขนุน,Khuan Khanun,930506,แหลมโตนด,Laem Tanot,93110
7154,ภาคใต้,93,พัทลุง,Phatthalung,9305,ควนขนุน,Khuan Khanun,930508,ปันแต,Pantae,93110
7155,ภาคใต้,93,พัทลุง,Phatthalung,9305,ควนขนุน,Khuan Khanun,930509,โตนดด้วน,Tanot Duan,93110
7156,ภาคใต้,93,พัทลุง,Phatthalung,9305,ควนขนุน,Khuan Khanun,930510,ดอนทราย,Don Sai,93110
7157,ภาคใต้,93,พัทลุง,Phatthalung,9305,ควนขนุน,Khuan Khanun,930511,มะกอกเหนือ,Makok Nuea,93150
7158,ภาคใต้,93,พัทลุง,Phatthalung,9305,ควนขนุน,Khuan Khanun,930512,พนางตุง,Phanang Tung,93150
7159,ภาคใต้,93,พัทลุง,Phatthalung,9305,ควนขนุน,Khuan Khanun,930513,ชะมวง,Chamuang,93110
7160,ภาคใต้,93,พัทลุง,Phatthalung,9305,ควนขนุน,Khuan Khanun,930516,แพรกหา,Phraek Ha,93110
7161,ภาคใต้,93,พัทลุง,Phatthalung,9306,ปากพะยูน,Pak Phayun,930601,ปากพะยูน,Pak Pha Yun,93120
7162,ภาคใต้,93,พัทลุง,Phatthalung,9306,ปากพะยูน,Pak Phayun,930602,ดอนประดู่,Don Pradu,93120
7163,ภาคใต้,93,พัทลุง,Phatthalung,9306,ปากพะยูน,Pak Phayun,930603,เกาะนางคำ,Ko Nangkham,93120
7164,ภาคใต้,93,พัทลุง,Phatthalung,9306,ปากพะยูน,Pak Phayun,930604,เกาะหมาก,Ko Mak,93120
7165,ภาคใต้,93,พัทลุง,Phatthalung,9306,ปากพะยูน,Pak Phayun,930605,ฝาละมี,Fa La Mi,93120
7166,ภาคใต้,93,พัทลุง,Phatthalung,9306,ปากพะยูน,Pak Phayun,930606,หารเทา,Han Thao,93120
7167,ภาคใต้,93,พัทลุง,Phatthalung,9306,ปากพะยูน,Pak Phayun,930607,ดอนทราย,Don Sai,93120
7168,ภาคใต้,93,พัทลุง,Phatthalung,9307,ศรีบรรพต,Si Banphot,930701,เขาย่า,Khao Ya,93190
7169,ภาคใต้,93,พัทลุง,Phatthalung,9307,ศรีบรรพต,Si Banphot,930702,เขาปู่,Khao Pu,93190
7170,ภาคใต้,93,พัทลุง,Phatthalung,9307,ศรีบรรพต,Si Banphot,930703,ตะแพน,Tapaen,93190
7171,ภาคใต้,93,พัทลุง,Phatthalung,9308,ป่าบอน,Pa Bon,930801,ป่าบอน,Pa Bon,93170
7172,ภาคใต้,93,พัทลุง,Phatthalung,9308,ป่าบอน,Pa Bon,930802,โคกทราย,Khok Sai,93170
7173,ภาคใต้,93,พัทลุง,Phatthalung,9308,ป่าบอน,Pa Bon,930803,หนองธง,Nong Thong,93170
7174,ภาคใต้,93,พัทลุง,Phatthalung,9308,ป่าบอน,Pa Bon,930804,ทุ่งนารี,Thung Nari,93170
7175,ภาคใต้,93,พัทลุง,Phatthalung,9308,ป่าบอน,Pa Bon,930806,วังใหม่,Wang Mai,93170
7176,ภาคใต้,93,พัทลุง,Phatthalung,9309,บางแก้ว,Bang Kaeo,930901,ท่ามะเดื่อ,Tha Maduea,93140
7177,ภาคใต้,93,พัทลุง,Phatthalung,9309,บางแก้ว,Bang Kaeo,930902,นาปะขอ,Na Pakho,93140
7178,ภาคใต้,93,พัทลุง,Phatthalung,9309,บางแก้ว,Bang Kaeo,930903,โคกสัก,Khok Sak,93140
7179,ภาคใต้,93,พัทลุง,Phatthalung,9310,ป่าพะยอม,Pa Phayom,931001,ป่าพะยอม,Pa Phayom,93110
7180,ภาคใต้,93,พัทลุง,Phatthalung,9310,ป่าพะยอม,Pa Phayom,931002,ลานข่อย,Lan Khoi,93110
7181,ภาคใต้,93,พัทลุง,Phatthalung,9310,ป่าพะยอม,Pa Phayom,931003,เกาะเต่า,Ko Tao,93110
7182,ภาคใต้,93,พัทลุง,Phatthalung,9310,ป่าพะยอม,Pa Phayom,931004,บ้านพร้าว,Ban Phrao,93110
7183,ภาคใต้,93,พัทลุง,Phatthalung,9311,ศรีนครินทร์,Srinagarindra,931101,ชุมพล,Chum Phon,93000
7184,ภาคใต้,93,พัทลุง,Phatthalung,9311,ศรีนครินทร์,Srinagarindra,931102,บ้านนา,Ban Na,93000
7185,ภาคใต้,93,พัทลุง,Phatthalung,9311,ศรีนครินทร์,Srinagarindra,931103,อ่างทอง,Ang Thong,93000
7186,ภาคใต้,93,พัทลุง,Phatthalung,9311,ศรีนครินทร์,Srinagarindra,931104,ลำสินธุ์,Lam Sin,93000
7187,ภาคใต้,94,ปัตตานี,Pattani,9401,เมืองปัตตานี,Mueang Pattani,940101,สะบารัง,Sabarang,94000
7188,ภาคใต้,94,ปัตตานี,Pattani,9401,เมืองปัตตานี,Mueang Pattani,940102,อาเนาะรู,A Noru,94000
7189,ภาคใต้,94,ปัตตานี,Pattani,9401,เมืองปัตตานี,Mueang Pattani,940103,จะบังติกอ,Chabang Tiko,94000
7190,ภาคใต้,94,ปัตตานี,Pattani,9401,เมืองปัตตานี,Mueang Pattani,940104,บานา,Bana,94000
7191,ภาคใต้,94,ปัตตานี,Pattani,9401,เมืองปัตตานี,Mueang Pattani,940105,ตันหยงลุโละ,Tanyong Lulo,94000
7192,ภาคใต้,94,ปัตตานี,Pattani,9401,เมืองปัตตานี,Mueang Pattani,940106,คลองมานิง,Khlong Maning,94000
7193,ภาคใต้,94,ปัตตานี,Pattani,9401,เมืองปัตตานี,Mueang Pattani,940107,กะมิยอ,Kami Yo,94000
7194,ภาคใต้,94,ปัตตานี,Pattani,9401,เมืองปัตตานี,Mueang Pattani,940108,บาราโหม,Bara Hom,94000
7195,ภาคใต้,94,ปัตตานี,Pattani,9401,เมืองปัตตานี,Mueang Pattani,940109,ปะกาฮะรัง,Paka Harang,94000
7196,ภาคใต้,94,ปัตตานี,Pattani,9401,เมืองปัตตานี,Mueang Pattani,940110,รูสะมิแล,Ru Samilae,94000
7197,ภาคใต้,94,ปัตตานี,Pattani,9401,เมืองปัตตานี,Mueang Pattani,940111,ตะลุโบะ,Talu Bo,94000
7198,ภาคใต้,94,ปัตตานี,Pattani,9401,เมืองปัตตานี,Mueang Pattani,940112,บาราเฮาะ,Bara Ho,94000
7199,ภาคใต้,94,ปัตตานี,Pattani,9401,เมืองปัตตานี,Mueang Pattani,940113,ปุยุด,Pu Yut,94000
7200,ภาคใต้,94,ปัตตานี,Pattani,9402,โคกโพธิ์,Khok Pho,940201,โคกโพธิ์,Khok Pho,94120
7201,ภาคใต้,94,ปัตตานี,Pattani,9402,โคกโพธิ์,Khok Pho,940202,มะกรูด,Makrut,94120
7202,ภาคใต้,94,ปัตตานี,Pattani,9402,โคกโพธิ์,Khok Pho,940203,บางโกระ,Bang Kro,94120
7203,ภาคใต้,94,ปัตตานี,Pattani,9402,โคกโพธิ์,Khok Pho,940204,ป่าบอน,Pa Bon,94120
7204,ภาคใต้,94,ปัตตานี,Pattani,9402,โคกโพธิ์,Khok Pho,940205,ทรายขาว,Sai Khao,94120
7205,ภาคใต้,94,ปัตตานี,Pattani,9402,โคกโพธิ์,Khok Pho,940206,นาประดู่,Na Pradu,94180
7206,ภาคใต้,94,ปัตตานี,Pattani,9402,โคกโพธิ์,Khok Pho,940207,ปากล่อ,Pak Lo,94180
7207,ภาคใต้,94,ปัตตานี,Pattani,9402,โคกโพธิ์,Khok Pho,940208,ทุ่งพลา,Thung Phla,94180
7208,ภาคใต้,94,ปัตตานี,Pattani,9402,โคกโพธิ์,Khok Pho,940211,ท่าเรือ,Tha Ruea,94120
7209,ภาคใต้,94,ปัตตานี,Pattani,9402,โคกโพธิ์,Khok Pho,940213,นาเกตุ,Na Ket,94120
7210,ภาคใต้,94,ปัตตานี,Pattani,9402,โคกโพธิ์,Khok Pho,940214,ควนโนรี,Khuan Nori,94180
7211,ภาคใต้,94,ปัตตานี,Pattani,9402,โคกโพธิ์,Khok Pho,940215,ช้างให้ตก,Chang Hai Tok,94120
7212,ภาคใต้,94,ปัตตานี,Pattani,9403,หนองจิก,Nong Chik,940301,เกาะเปาะ,Ko Po,94170
7213,ภาคใต้,94,ปัตตานี,Pattani,9403,หนองจิก,Nong Chik,940302,คอลอตันหยง,Kholo Tanyong,94170
7214,ภาคใต้,94,ปัตตานี,Pattani,9403,หนองจิก,Nong Chik,940303,ดอนรัก,Don Rak,94170
7215,ภาคใต้,94,ปัตตานี,Pattani,9403,หนองจิก,Nong Chik,940304,ดาโต๊ะ,Dato,94170
7216,ภาคใต้,94,ปัตตานี,Pattani,9403,หนองจิก,Nong Chik,940305,ตุยง,Tuyong,94170
7217,ภาคใต้,94,ปัตตานี,Pattani,9403,หนองจิก,Nong Chik,940306,ท่ากำชำ,Tha Kamcham,94170
7218,ภาคใต้,94,ปัตตานี,Pattani,9403,หนองจิก,Nong Chik,940307,บ่อทอง,Bo Thong,94170
7219,ภาคใต้,94,ปัตตานี,Pattani,9403,หนองจิก,Nong Chik,940308,บางเขา,Bang Khao,94170
7220,ภาคใต้,94,ปัตตานี,Pattani,9403,หนองจิก,Nong Chik,940309,บางตาวา,Bang Tawa,94170
7221,ภาคใต้,94,ปัตตานี,Pattani,9403,หนองจิก,Nong Chik,940310,ปุโละปุโย,Pulo Puyo,94170
7222,ภาคใต้,94,ปัตตานี,Pattani,9403,หนองจิก,Nong Chik,940311,ยาบี,Ya Bi,94170
7223,ภาคใต้,94,ปัตตานี,Pattani,9403,หนองจิก,Nong Chik,940312,ลิปะสะโง,Lipa Sa-Ngo,94170
7224,ภาคใต้,94,ปัตตานี,Pattani,9404,ปะนาเระ,Panare,940401,ปะนาเระ,Panare,94130
7225,ภาคใต้,94,ปัตตานี,Pattani,9404,ปะนาเระ,Panare,940402,ท่าข้าม,Tha Kham,94130
7226,ภาคใต้,94,ปัตตานี,Pattani,9404,ปะนาเระ,Panare,940403,บ้านนอก,Ban Nok,94130
7227,ภาคใต้,94,ปัตตานี,Pattani,9404,ปะนาเระ,Panare,940404,ดอน,Don,94130
7228,ภาคใต้,94,ปัตตานี,Pattani,9404,ปะนาเระ,Panare,940405,ควน,Khuan,94190
7229,ภาคใต้,94,ปัตตานี,Pattani,9404,ปะนาเระ,Panare,940406,ท่าน้ำ,Tha Nam,94130
7230,ภาคใต้,94,ปัตตานี,Pattani,9404,ปะนาเระ,Panare,940407,คอกกระบือ,Khok Krabue,94130
7231,ภาคใต้,94,ปัตตานี,Pattani,9404,ปะนาเระ,Panare,940408,พ่อมิ่ง,Pho Ming,94130
7232,ภาคใต้,94,ปัตตานี,Pattani,9404,ปะนาเระ,Panare,940409,บ้านกลาง,Ban Klang,94130
7233,ภาคใต้,94,ปัตตานี,Pattani,9404,ปะนาเระ,Panare,940410,บ้านน้ำบ่อ,Ban Nam Bo,94130
7234,ภาคใต้,94,ปัตตานี,Pattani,9405,มายอ,Mayo,940501,มายอ,Mayo,94140
7235,ภาคใต้,94,ปัตตานี,Pattani,9405,มายอ,Mayo,940502,ถนน,Thanon,94140
7236,ภาคใต้,94,ปัตตานี,Pattani,9405,มายอ,Mayo,940503,ตรัง,Trang,94140
7237,ภาคใต้,94,ปัตตานี,Pattani,9405,มายอ,Mayo,940504,กระหวะ,Krawa,94140
7238,ภาคใต้,94,ปัตตานี,Pattani,9405,มายอ,Mayo,940505,ลุโบะยิไร,Lubo Yiri,94140
7239,ภาคใต้,94,ปัตตานี,Pattani,9405,มายอ,Mayo,940506,ลางา,La-Nga,94190
7240,ภาคใต้,94,ปัตตานี,Pattani,9405,มายอ,Mayo,940507,กระเสาะ,Kraso,94140
7241,ภาคใต้,94,ปัตตานี,Pattani,9405,มายอ,Mayo,940508,เกาะจัน,Ko Chan,94140
7242,ภาคใต้,94,ปัตตานี,Pattani,9405,มายอ,Mayo,940509,ปะโด,Podo,94140
7243,ภาคใต้,94,ปัตตานี,Pattani,9405,มายอ,Mayo,940510,สาคอบน,Sakho Bon,94140
7244,ภาคใต้,94,ปัตตานี,Pattani,9405,มายอ,Mayo,940511,สาคอใต้,Sakho Tai,94140
7245,ภาคใต้,94,ปัตตานี,Pattani,9405,มายอ,Mayo,940512,สะกำ,Sakam,94140
7246,ภาคใต้,94,ปัตตานี,Pattani,9405,มายอ,Mayo,940513,ปานัน,Pa Nan,94140
7247,ภาคใต้,94,ปัตตานี,Pattani,9406,ทุ่งยางแดง,Thung Yang Daeng,940601,ตะโละแมะนา,Talo Maena,94140
7248,ภาคใต้,94,ปัตตานี,Pattani,9406,ทุ่งยางแดง,Thung Yang Daeng,940602,พิเทน,Phithen,94140
7249,ภาคใต้,94,ปัตตานี,Pattani,9406,ทุ่งยางแดง,Thung Yang Daeng,940603,น้ำดำ,Nam Dam,94140
7250,ภาคใต้,94,ปัตตานี,Pattani,9406,ทุ่งยางแดง,Thung Yang Daeng,940604,ปากู,Pa Ku,94140
7251,ภาคใต้,94,ปัตตานี,Pattani,9407,สายบุรี,Sai Buri,940701,ตะลุบัน,Talu Ban,94110
7252,ภาคใต้,94,ปัตตานี,Pattani,9407,สายบุรี,Sai Buri,940702,ตะบิ้ง,Tabing,94110
7253,ภาคใต้,94,ปัตตานี,Pattani,9407,สายบุรี,Sai Buri,940703,ปะเสยะวอ,Pase Yawo,94110
7254,ภาคใต้,94,ปัตตานี,Pattani,9407,สายบุรี,Sai Buri,940704,บางเก่า,Bang Kao,94110
7255,ภาคใต้,94,ปัตตานี,Pattani,9407,สายบุรี,Sai Buri,940705,บือเระ,Buere,94110
7256,ภาคใต้,94,ปัตตานี,Pattani,9407,สายบุรี,Sai Buri,940706,เตราะบอน,Tro Bon,94110
7257,ภาคใต้,94,ปัตตานี,Pattani,9407,สายบุรี,Sai Buri,940707,กะดุนง,Kadunong,94110
7258,ภาคใต้,94,ปัตตานี,Pattani,9407,สายบุรี,Sai Buri,940708,ละหาร,Lahan,94110
7259,ภาคใต้,94,ปัตตานี,Pattani,9407,สายบุรี,Sai Buri,940709,มะนังดาลำ,Manang Dalam,94110
7260,ภาคใต้,94,ปัตตานี,Pattani,9407,สายบุรี,Sai Buri,940710,แป้น,Paen,94110
7261,ภาคใต้,94,ปัตตานี,Pattani,9407,สายบุรี,Sai Buri,940711,ทุ่งคล้า,Thung Khla,94190
7262,ภาคใต้,94,ปัตตานี,Pattani,9408,ไม้แก่น,Mai Kaen,940801,ไทรทอง,Sai Thong,94220
7263,ภาคใต้,94,ปัตตานี,Pattani,9408,ไม้แก่น,Mai Kaen,940802,ไม้แก่น,Mai Kaen,94220
7264,ภาคใต้,94,ปัตตานี,Pattani,9408,ไม้แก่น,Mai Kaen,940803,ตะโละไกรทอง,Talo Krai Thong,94220
7265,ภาคใต้,94,ปัตตานี,Pattani,9408,ไม้แก่น,Mai Kaen,940804,ดอนทราย,Don Sai,94220
7266,ภาคใต้,94,ปัตตานี,Pattani,9409,ยะหริ่ง,Yaring,940901,ตะโละ,Talo,94150
7267,ภาคใต้,94,ปัตตานี,Pattani,9409,ยะหริ่ง,Yaring,940902,ตะโละกาโปร์,Talo Kapo,94150
7268,ภาคใต้,94,ปัตตานี,Pattani,9409,ยะหริ่ง,Yaring,940903,ตันหยงดาลอ,Tanyong Dalo,94150
7269,ภาคใต้,94,ปัตตานี,Pattani,9409,ยะหริ่ง,Yaring,940904,ตันหยงจึงงา,Tanyong Chueng Nga,94190
7270,ภาคใต้,94,ปัตตานี,Pattani,9409,ยะหริ่ง,Yaring,940905,ตอหลัง,To Lang,94150
7271,ภาคใต้,94,ปัตตานี,Pattani,9409,ยะหริ่ง,Yaring,940906,ตาแกะ,Ta Kae,94150
7272,ภาคใต้,94,ปัตตานี,Pattani,9409,ยะหริ่ง,Yaring,940907,ตาลีอายร์,Tali-Ai,94150
7273,ภาคใต้,94,ปัตตานี,Pattani,9409,ยะหริ่ง,Yaring,940908,ยามู,Ya Mu,94150
7274,ภาคใต้,94,ปัตตานี,Pattani,9409,ยะหริ่ง,Yaring,940909,บางปู,Bang Pu,94150
7275,ภาคใต้,94,ปัตตานี,Pattani,9409,ยะหริ่ง,Yaring,940910,หนองแรต,Nong Raet,94150
7276,ภาคใต้,94,ปัตตานี,Pattani,9409,ยะหริ่ง,Yaring,940911,ปิยามุมัง,Piya Mumang,94150
7277,ภาคใต้,94,ปัตตานี,Pattani,9409,ยะหริ่ง,Yaring,940912,ปุลากง,Pulakong,94150
7278,ภาคใต้,94,ปัตตานี,Pattani,9409,ยะหริ่ง,Yaring,940913,บาโลย,Baloi,94190
7279,ภาคใต้,94,ปัตตานี,Pattani,9409,ยะหริ่ง,Yaring,940914,สาบัน,Saban,94150
7280,ภาคใต้,94,ปัตตานี,Pattani,9409,ยะหริ่ง,Yaring,940915,มะนังยง,Manang Yong,94150
7281,ภาคใต้,94,ปัตตานี,Pattani,9409,ยะหริ่ง,Yaring,940916,ราตาปันยัง,Rata Panyang,94150
7282,ภาคใต้,94,ปัตตานี,Pattani,9409,ยะหริ่ง,Yaring,940917,จะรัง,Charang,94150
7283,ภาคใต้,94,ปัตตานี,Pattani,9409,ยะหริ่ง,Yaring,940918,แหลมโพธิ์,Laem Pho,94150
7284,ภาคใต้,94,ปัตตานี,Pattani,9410,ยะรัง,Yarang,941001,ยะรัง,Yarang,94160
7285,ภาคใต้,94,ปัตตานี,Pattani,9410,ยะรัง,Yarang,941002,สะดาวา,Sadawa,94160
7286,ภาคใต้,94,ปัตตานี,Pattani,9410,ยะรัง,Yarang,941003,ประจัน,Prachan,94160
7287,ภาคใต้,94,ปัตตานี,Pattani,9410,ยะรัง,Yarang,941004,สะนอ,Sano,94160
7288,ภาคใต้,94,ปัตตานี,Pattani,9410,ยะรัง,Yarang,941005,ระแว้ง,Rawaeng,94160
7289,ภาคใต้,94,ปัตตานี,Pattani,9410,ยะรัง,Yarang,941006,ปิตูมุดี,Pitu Mudi,94160
7290,ภาคใต้,94,ปัตตานี,Pattani,9410,ยะรัง,Yarang,941007,วัด,Wat,94160
7291,ภาคใต้,94,ปัตตานี,Pattani,9410,ยะรัง,Yarang,941008,กระโด,Krado,94160
7292,ภาคใต้,94,ปัตตานี,Pattani,9410,ยะรัง,Yarang,941009,คลองใหม่,Khlong Mai,94160
7293,ภาคใต้,94,ปัตตานี,Pattani,9410,ยะรัง,Yarang,941010,เมาะมาวี,Mo Mawi,94160
7294,ภาคใต้,94,ปัตตานี,Pattani,9410,ยะรัง,Yarang,941011,กอลำ,Ko Lam,94160
7295,ภาคใต้,94,ปัตตานี,Pattani,9410,ยะรัง,Yarang,941012,เขาตูม,Khao Tum,94160
7296,ภาคใต้,94,ปัตตานี,Pattani,9411,กะพ้อ,Kapho,941101,กะรุบี,Karubi,94230
7297,ภาคใต้,94,ปัตตานี,Pattani,9411,กะพ้อ,Kapho,941102,ตะโละดือรามัน,Talo Due Raman,94230
7298,ภาคใต้,94,ปัตตานี,Pattani,9411,กะพ้อ,Kapho,941103,ปล่องหอย,Plong Hoi,94230
7299,ภาคใต้,94,ปัตตานี,Pattani,9412,แม่ลาน,Mae Lan,941201,แม่ลาน,Mae Lan,94180
7300,ภาคใต้,94,ปัตตานี,Pattani,9412,แม่ลาน,Mae Lan,941202,ม่วงเตี้ย,Muang Tia,94180
7301,ภาคใต้,94,ปัตตานี,Pattani,9412,แม่ลาน,Mae Lan,941203,ป่าไร่,Pa Rai,94180
7302,ภาคใต้,95,ยะลา,Yala,9501,เมืองยะลา,Mueang Yala,950101,สะเตง,Sateng,95000
7303,ภาคใต้,95,ยะลา,Yala,9501,เมืองยะลา,Mueang Yala,950102,บุดี,Bu Di,95000
7304,ภาคใต้,95,ยะลา,Yala,9501,เมืองยะลา,Mueang Yala,950103,ยุโป,Yopo,95000
7305,ภาคใต้,95,ยะลา,Yala,9501,เมืองยะลา,Mueang Yala,950104,ลิดล,Li Don,95160
7306,ภาคใต้,95,ยะลา,Yala,9501,เมืองยะลา,Mueang Yala,950106,ยะลา,Yala,95000
7307,ภาคใต้,95,ยะลา,Yala,9501,เมืองยะลา,Mueang Yala,950108,ท่าสาป,Tha Sap,95000
7308,ภาคใต้,95,ยะลา,Yala,9501,เมืองยะลา,Mueang Yala,950109,ลำใหม่,Lam Mai,95160
7309,ภาคใต้,95,ยะลา,Yala,9501,เมืองยะลา,Mueang Yala,950110,หน้าถ้ำ,Na Tham,95000
7310,ภาคใต้,95,ยะลา,Yala,9501,เมืองยะลา,Mueang Yala,950111,ลำพะยา,Lam Phaya,95160
7311,ภาคใต้,95,ยะลา,Yala,9501,เมืองยะลา,Mueang Yala,950112,เปาะเส้ง,Po Seng,95000
7312,ภาคใต้,95,ยะลา,Yala,9501,เมืองยะลา,Mueang Yala,950114,พร่อน,Phron,95160
7313,ภาคใต้,95,ยะลา,Yala,9501,เมืองยะลา,Mueang Yala,950115,บันนังสาเรง,Bannang Sareng,95000
7314,ภาคใต้,95,ยะลา,Yala,9501,เมืองยะลา,Mueang Yala,950116,สะเตงนอก,Sateng Nok,95000
7315,ภาคใต้,95,ยะลา,Yala,9501,เมืองยะลา,Mueang Yala,950118,ตาเซะ,Tase,95000
7316,ภาคใต้,95,ยะลา,Yala,9502,เบตง,Betong,950201,เบตง,Betong,95110
7317,ภาคใต้,95,ยะลา,Yala,9502,เบตง,Betong,950202,ยะรม,Yarom,95110
7318,ภาคใต้,95,ยะลา,Yala,9502,เบตง,Betong,950203,ตาเนาะแมเราะ,Tano Maero,95110
7319,ภาคใต้,95,ยะลา,Yala,9502,เบตง,Betong,950204,อัยเยอร์เวง,Aiyoe Weng,95110
7320,ภาคใต้,95,ยะลา,Yala,9502,เบตง,Betong,950205,ธารน้ำทิพย์,Than Nam Thip,95110
7321,ภาคใต้,95,ยะลา,Yala,9503,บันนังสตา,Bannang Sata,950301,บันนังสตา,Bannang Sata,95130
7322,ภาคใต้,95,ยะลา,Yala,9503,บันนังสตา,Bannang Sata,950302,บาเจาะ,Bacho,95130
7323,ภาคใต้,95,ยะลา,Yala,9503,บันนังสตา,Bannang Sata,950303,ตาเนาะปูเต๊ะ,Tano Pute,95130
7324,ภาคใต้,95,ยะลา,Yala,9503,บันนังสตา,Bannang Sata,950304,ถ้ำทะลุ,Tham Thalu,95130
7325,ภาคใต้,95,ยะลา,Yala,9503,บันนังสตา,Bannang Sata,950305,ตลิ่งชัน,Taling Chan,95130
7326,ภาคใต้,95,ยะลา,Yala,9503,บันนังสตา,Bannang Sata,950306,เขื่อนบางลาง,Khuean Bang Lang,95130
7327,ภาคใต้,95,ยะลา,Yala,9504,ธารโต,Than To,950401,ธารโต,Than To,95150
7328,ภาคใต้,95,ยะลา,Yala,9504,ธารโต,Than To,950402,บ้านแหร,Ban Rae,95150
7329,ภาคใต้,95,ยะลา,Yala,9504,ธารโต,Than To,950403,แม่หวาด,Mae Wat,95170
7330,ภาคใต้,95,ยะลา,Yala,9504,ธารโต,Than To,950404,คีรีเขต,Khiri Khet,95150
7331,ภาคใต้,95,ยะลา,Yala,9505,ยะหา,Yaha,950501,ยะหา,Yaha,95120
7332,ภาคใต้,95,ยะลา,Yala,9505,ยะหา,Yaha,950502,ละแอ,La-Ae,95120
7333,ภาคใต้,95,ยะลา,Yala,9505,ยะหา,Yaha,950503,ปะแต,Patae,95120
7334,ภาคใต้,95,ยะลา,Yala,9505,ยะหา,Yaha,950504,บาโร๊ะ,Baro,95120
7335,ภาคใต้,95,ยะลา,Yala,9505,ยะหา,Yaha,950506,ตาชี,Ta Chi,95120
7336,ภาคใต้,95,ยะลา,Yala,9505,ยะหา,Yaha,950507,บาโงยซิแน,Ba-Ngoi Sinae,95120
7337,ภาคใต้,95,ยะลา,Yala,9505,ยะหา,Yaha,950508,กาตอง,Katong,95120
7338,ภาคใต้,95,ยะลา,Yala,9506,รามัน,Raman,950601,กายูบอเกาะ,Kayu Boko,95140
7339,ภาคใต้,95,ยะลา,Yala,9506,รามัน,Raman,950602,กาลูปัง,Kalupang,95140
7340,ภาคใต้,95,ยะลา,Yala,9506,รามัน,Raman,950603,กาลอ,Kalo,95140
7341,ภาคใต้,95,ยะลา,Yala,9506,รามัน,Raman,950604,กอตอตือร๊ะ,Koto Tuera,95140
7342,ภาคใต้,95,ยะลา,Yala,9506,รามัน,Raman,950605,โกตาบารู,Kota Baru,95140
7343,ภาคใต้,95,ยะลา,Yala,9506,รามัน,Raman,950606,เกะรอ,Ke Ro,95140
7344,ภาคใต้,95,ยะลา,Yala,9506,รามัน,Raman,950607,จะกว๊ะ,Cha Kwua,95140
7345,ภาคใต้,95,ยะลา,Yala,9506,รามัน,Raman,950608,ท่าธง,Tha Thong,95140
7346,ภาคใต้,95,ยะลา,Yala,9506,รามัน,Raman,950609,เนินงาม,Noen Ngam,95140
7347,ภาคใต้,95,ยะลา,Yala,9506,รามัน,Raman,950610,บาลอ,Balo,95140
7348,ภาคใต้,95,ยะลา,Yala,9506,รามัน,Raman,950611,บาโงย,Ba-Ngoi,95140
7349,ภาคใต้,95,ยะลา,Yala,9506,รามัน,Raman,950612,บือมัง,Buemang,95140
7350,ภาคใต้,95,ยะลา,Yala,9506,รามัน,Raman,950613,ยะต๊ะ,Yata,95140
7351,ภาคใต้,95,ยะลา,Yala,9506,รามัน,Raman,950614,วังพญา,Wang Phaya,95140
7352,ภาคใต้,95,ยะลา,Yala,9506,รามัน,Raman,950615,อาซ่อง,A Song,95140
7353,ภาคใต้,95,ยะลา,Yala,9506,รามัน,Raman,950616,ตะโล๊ะหะลอ,Talo Halo,95140
7354,ภาคใต้,95,ยะลา,Yala,9507,กาบัง,Kabang,950701,กาบัง,Kabang,95120
7355,ภาคใต้,95,ยะลา,Yala,9507,กาบัง,Kabang,950702,บาละ,Bala,95120
7356,ภาคใต้,95,ยะลา,Yala,9508,กรงปินัง,Krong Pinang,950801,กรงปินัง,Krong Pinang,95000
7357,ภาคใต้,95,ยะลา,Yala,9508,กรงปินัง,Krong Pinang,950802,สะเอะ,Sa-Ae,95000
7358,ภาคใต้,95,ยะลา,Yala,9508,กรงปินัง,Krong Pinang,950803,ห้วยกระทิง,Huai Krathing,95000
7359,ภาคใต้,95,ยะลา,Yala,9508,กรงปินัง,Krong Pinang,950804,ปุโรง,Pu Rong,95000
7360,ภาคใต้,96,นราธิวาส,Narathiwat,9601,เมืองนราธิวาส,Mueang Narathiwat,960101,บางนาค,Bang Nak,96000
7361,ภาคใต้,96,นราธิวาส,Narathiwat,9601,เมืองนราธิวาส,Mueang Narathiwat,960102,ลำภู,Lamphu,96000
7362,ภาคใต้,96,นราธิวาส,Narathiwat,9601,เมืองนราธิวาส,Mueang Narathiwat,960103,มะนังตายอ,Manang Tayo,96000
7363,ภาคใต้,96,นราธิวาส,Narathiwat,9601,เมืองนราธิวาส,Mueang Narathiwat,960104,บางปอ,Bang Po,96000
7364,ภาคใต้,96,นราธิวาส,Narathiwat,9601,เมืองนราธิวาส,Mueang Narathiwat,960105,กะลุวอ,Kaluwo,96000
7365,ภาคใต้,96,นราธิวาส,Narathiwat,9601,เมืองนราธิวาส,Mueang Narathiwat,960106,กะลุวอเหนือ,Kaluwo Nuea,96000
7366,ภาคใต้,96,นราธิวาส,Narathiwat,9601,เมืองนราธิวาส,Mueang Narathiwat,960107,โคกเคียน,Khok Khian,96000
7367,ภาคใต้,96,นราธิวาส,Narathiwat,9602,ตากใบ,Tak Bai,960201,เจ๊ะเห,Che He,96110
7368,ภาคใต้,96,นราธิวาส,Narathiwat,9602,ตากใบ,Tak Bai,960202,ไพรวัน,Phrai Wan,96110
7369,ภาคใต้,96,นราธิวาส,Narathiwat,9602,ตากใบ,Tak Bai,960203,พร่อน,Phron,96110
7370,ภาคใต้,96,นราธิวาส,Narathiwat,9602,ตากใบ,Tak Bai,960204,ศาลาใหม่,Sala Mai,96110
7371,ภาคใต้,96,นราธิวาส,Narathiwat,9602,ตากใบ,Tak Bai,960205,บางขุนทอง,Bang Khun Thong,96110
7372,ภาคใต้,96,นราธิวาส,Narathiwat,9602,ตากใบ,Tak Bai,960206,เกาะสะท้อน,Ko Sathon,96110
7373,ภาคใต้,96,นราธิวาส,Narathiwat,9602,ตากใบ,Tak Bai,960207,นานาค,Na Nak,96110
7374,ภาคใต้,96,นราธิวาส,Narathiwat,9602,ตากใบ,Tak Bai,960208,โฆษิต,Khosit,96110
7375,ภาคใต้,96,นราธิวาส,Narathiwat,9603,บาเจาะ,Tak Bai,960301,บาเจาะ,Bacho,96170
7376,ภาคใต้,96,นราธิวาส,Narathiwat,9603,บาเจาะ,Tak Bai,960302,ลุโบะสาวอ,Lubo Sawo,96170
7377,ภาคใต้,96,นราธิวาส,Narathiwat,9603,บาเจาะ,Tak Bai,960303,กาเยาะมาตี,Kayo Mati,96170
7378,ภาคใต้,96,นราธิวาส,Narathiwat,9603,บาเจาะ,Tak Bai,960304,ปะลุกาสาเมาะ,Paluka Samo,96170
7379,ภาคใต้,96,นราธิวาส,Narathiwat,9603,บาเจาะ,Tak Bai,960305,บาเระเหนือ,Bare Nuea,96170
7380,ภาคใต้,96,นราธิวาส,Narathiwat,9603,บาเจาะ,Tak Bai,960306,บาเระใต้,Bare Tai,96170
7381,ภาคใต้,96,นราธิวาส,Narathiwat,9604,ยี่งอ,Yi-Ngo,960401,ยี่งอ,Yi-Ngo,96180
7382,ภาคใต้,96,นราธิวาส,Narathiwat,9604,ยี่งอ,Yi-Ngo,960402,ละหาร,Lahan,96180
7383,ภาคใต้,96,นราธิวาส,Narathiwat,9604,ยี่งอ,Yi-Ngo,960403,จอเบาะ,Cho Bo,96180
7384,ภาคใต้,96,นราธิวาส,Narathiwat,9604,ยี่งอ,Yi-Ngo,960404,ลุโบะบายะ,Lubo Baya,96180
7385,ภาคใต้,96,นราธิวาส,Narathiwat,9604,ยี่งอ,Yi-Ngo,960405,ลุโบะบือซา,Lubo Buesa,96180
7386,ภาคใต้,96,นราธิวาส,Narathiwat,9604,ยี่งอ,Yi-Ngo,960406,ตะปอเยาะ,Tapo Yo,96180
7387,ภาคใต้,96,นราธิวาส,Narathiwat,9605,ระแงะ,Ra-Ngae,960501,ตันหยงมัส,Tanyong Mat,96130
7388,ภาคใต้,96,นราธิวาส,Narathiwat,9605,ระแงะ,Ra-Ngae,960502,ตันหยงลิมอ,Tanyong Limo,96130
7389,ภาคใต้,96,นราธิวาส,Narathiwat,9605,ระแงะ,Ra-Ngae,960506,บองอ,Bo-Ngo,96220
7390,ภาคใต้,96,นราธิวาส,Narathiwat,9605,ระแงะ,Ra-Ngae,960507,กาลิซา,Kalisa,96130
7391,ภาคใต้,96,นราธิวาส,Narathiwat,9605,ระแงะ,Ra-Ngae,960508,บาโงสะโต,Ba-Ngo Sato,96130
7392,ภาคใต้,96,นราธิวาส,Narathiwat,9605,ระแงะ,Ra-Ngae,960509,เฉลิม,Chaloem,96130
7393,ภาคใต้,96,นราธิวาส,Narathiwat,9605,ระแงะ,Ra-Ngae,960510,มะรือโบตก,Marue Bo Tok,96130
7394,ภาคใต้,96,นราธิวาส,Narathiwat,9606,รือเสาะ,Rueso,960601,รือเสาะ,Rueso,96150
7395,ภาคใต้,96,นราธิวาส,Narathiwat,9606,รือเสาะ,Rueso,960602,สาวอ,Sawo,96150
7396,ภาคใต้,96,นราธิวาส,Narathiwat,9606,รือเสาะ,Rueso,960603,เรียง,Riang,96150
7397,ภาคใต้,96,นราธิวาส,Narathiwat,9606,รือเสาะ,Rueso,960604,สามัคคี,Samakkhi,96150
7398,ภาคใต้,96,นราธิวาส,Narathiwat,9606,รือเสาะ,Rueso,960605,บาตง,Batong,96150
7399,ภาคใต้,96,นราธิวาส,Narathiwat,9606,รือเสาะ,Rueso,960606,ลาโละ,La Lo,96150
7400,ภาคใต้,96,นราธิวาส,Narathiwat,9606,รือเสาะ,Rueso,960607,รือเสาะออก,Rueso Ok,96150
7401,ภาคใต้,96,นราธิวาส,Narathiwat,9606,รือเสาะ,Rueso,960608,โคกสะตอ,Khok Sato,96150
7402,ภาคใต้,96,นราธิวาส,Narathiwat,9606,รือเสาะ,Rueso,960609,สุวารี,Suwari,96150
7403,ภาคใต้,96,นราธิวาส,Narathiwat,9607,ศรีสาคร,Si Sakhon,960701,ซากอ,Sa Ko,96210
7404,ภาคใต้,96,นราธิวาส,Narathiwat,9607,ศรีสาคร,Si Sakhon,960702,ตะมะยูง,Tama Yung,96210
7405,ภาคใต้,96,นราธิวาส,Narathiwat,9607,ศรีสาคร,Si Sakhon,960703,ศรีสาคร,Si Sakhon,96210
7406,ภาคใต้,96,นราธิวาส,Narathiwat,9607,ศรีสาคร,Si Sakhon,960704,เชิงคีรี,Choeng Khiri,96210
7407,ภาคใต้,96,นราธิวาส,Narathiwat,9607,ศรีสาคร,Si Sakhon,960705,กาหลง,Kalong,96210
7408,ภาคใต้,96,นราธิวาส,Narathiwat,9607,ศรีสาคร,Si Sakhon,960706,ศรีบรรพต,Si Banphot,96210
7409,ภาคใต้,96,นราธิวาส,Narathiwat,9608,แว้ง,Waeng,960801,แว้ง,Waeng,96160
7410,ภาคใต้,96,นราธิวาส,Narathiwat,9608,แว้ง,Waeng,960802,กายูคละ,Kayu Khla,96160
7411,ภาคใต้,96,นราธิวาส,Narathiwat,9608,แว้ง,Waeng,960803,ฆอเลาะ,Kho Lo,96160
7412,ภาคใต้,96,นราธิวาส,Narathiwat,9608,แว้ง,Waeng,960804,โละจูด,Lo Chut,96160
7413,ภาคใต้,96,นราธิวาส,Narathiwat,9608,แว้ง,Waeng,960805,แม่ดง,Mae Dong,96160
7414,ภาคใต้,96,นราธิวาส,Narathiwat,9608,แว้ง,Waeng,960806,เอราวัณ,Erawan,96160
7415,ภาคใต้,96,นราธิวาส,Narathiwat,9609,สุคิริน,Sukhirin,960901,มาโมง,Ma Mong,96190
7416,ภาคใต้,96,นราธิวาส,Narathiwat,9609,สุคิริน,Sukhirin,960902,สุคิริน,Sukhirin,96190
7417,ภาคใต้,96,นราธิวาส,Narathiwat,9609,สุคิริน,Sukhirin,960903,เกียร์,Kia,96190
7418,ภาคใต้,96,นราธิวาส,Narathiwat,9609,สุคิริน,Sukhirin,960904,ภูเขาทอง,Phu Khao Thong,96190
7419,ภาคใต้,96,นราธิวาส,Narathiwat,9609,สุคิริน,Sukhirin,960905,ร่มไทร,Rom Sai,96190
7420,ภาคใต้,96,นราธิวาส,Narathiwat,9610,สุไหงโก-ลก,Su-Ngai Kolok,961001,สุไหงโก-ลก,Su-Ngai Ko-Lok,96120
7421,ภาคใต้,96,นราธิวาส,Narathiwat,9610,สุไหงโก-ลก,Su-Ngai Kolok,961002,ปาเสมัส,Pa Semat,96120
7422,ภาคใต้,96,นราธิวาส,Narathiwat,9610,สุไหงโก-ลก,Su-Ngai Kolok,961003,มูโนะ,Mu No,96120
7423,ภาคใต้,96,นราธิวาส,Narathiwat,9610,สุไหงโก-ลก,Su-Ngai Kolok,961004,ปูโยะ,Puyo,96120
7424,ภาคใต้,96,นราธิวาส,Narathiwat,9611,สุไหงปาดี,Su-Ngai Padi,961101,ปะลุรู,Paluru,96140
7425,ภาคใต้,96,นราธิวาส,Narathiwat,9611,สุไหงปาดี,Su-Ngai Padi,961102,สุไหงปาดี,Su-Ngai Padi,96140
7426,ภาคใต้,96,นราธิวาส,Narathiwat,9611,สุไหงปาดี,Su-Ngai Padi,961103,โต๊ะเด็ง,To Deng,96140
7427,ภาคใต้,96,นราธิวาส,Narathiwat,9611,สุไหงปาดี,Su-Ngai Padi,961104,สากอ,Sako,96140
7428,ภาคใต้,96,นราธิวาส,Narathiwat,9611,สุไหงปาดี,Su-Ngai Padi,961105,ริโก๋,Ri Ko,96140
7429,ภาคใต้,96,นราธิวาส,Narathiwat,9611,สุไหงปาดี,Su-Ngai Padi,961106,กาวะ,Kawa,96140
7430,ภาคใต้,96,นราธิวาส,Narathiwat,9612,จะแนะ,Chanae,961201,จะแนะ,Chanae,96220
7431,ภาคใต้,96,นราธิวาส,Narathiwat,9612,จะแนะ,Chanae,961202,ดุซงญอ,Du Song Yo,96220
7432,ภาคใต้,96,นราธิวาส,Narathiwat,9612,จะแนะ,Chanae,961203,ผดุงมาตร,Phadung Mat,96220
7433,ภาคใต้,96,นราธิวาส,Narathiwat,9612,จะแนะ,Chanae,961204,ช้างเผือก,Chang Phueak,96220
7434,ภาคใต้,96,นราธิวาส,Narathiwat,9613,เจาะไอร้อง,Cho-Airong,961301,จวบ,Chuap,96130
7435,ภาคใต้,96,นราธิวาส,Narathiwat,9613,เจาะไอร้อง,Cho-Airong,961302,บูกิต,Bu Kit,96130
7436,ภาคใต้,96,นราธิวาส,Narathiwat,9613,เจาะไอร้อง,Cho-Airong,961303,มะรือโบออก,Marue Bo Ok,96130
